2026-06-15 08:55:18,799 [1] INFO System.Windows.Forms.Form - OnDragEnter CRC
2026-06-15 08:55:18,841 [1] INFO System.Windows.Forms.Form - OnDragEnter Form
2026-06-15 08:55:19,087 [1] INFO System.Windows.Forms.Form - OnDragEnter Form
2026-06-15 08:55:19,201 [1] INFO System.Windows.Forms.Form - OnDragEnter CRC
2026-06-15 08:55:21,162 [1] INFO System.Windows.Forms.Form - Folder to clean:N:\3D Figures\Star Wars\OXO3D - Ahsoka and Grogu from Starwars\OXO3D_Ahsoka_Support\Pack
2026-06-15 08:55:21,671 [1] INFO System.Windows.Forms.Form - File to Erase:N:\3D Figures\Star Wars\OXO3D - Ahsoka and Grogu from Starwars\OXO3D_Ahsoka_Support\Pack\+NSFW.txt
2026-06-15 08:55:21,788 [1] INFO System.Windows.Forms.Form - File to Erase:N:\3D Figures\Star Wars\OXO3D - Ahsoka and Grogu from Starwars\OXO3D_Ahsoka_Support\Pack\+NSFW.url
2026-06-15 08:55:21,899 [1] INFO System.Windows.Forms.Form - File to Erase:N:\3D Figures\Star Wars\OXO3D - Ahsoka and Grogu from Starwars\OXO3D_Ahsoka_Support\Pack\Miniatures.txt
2026-06-15 08:55:22,008 [1] INFO System.Windows.Forms.Form - File to Erase:N:\3D Figures\Star Wars\OXO3D - Ahsoka and Grogu from Starwars\OXO3D_Ahsoka_Support\Pack\Print.STL
2026-06-15 08:55:22,120 [1] INFO System.Windows.Forms.Form - File to Erase:N:\3D Figures\Star Wars\OXO3D - Ahsoka and Grogu from Starwars\OXO3D_Ahsoka_Support\Pack\Star Wars.txt
2026-06-15 08:55:22,231 [1] INFO System.Windows.Forms.Form - File to Erase:N:\3D Figures\Star Wars\OXO3D - Ahsoka and Grogu from Starwars\OXO3D_Ahsoka_Support\Pack\Star Wars.url
2026-06-15 08:55:22,342 [1] INFO System.Windows.Forms.Form - File to Erase:N:\3D Figures\Star Wars\OXO3D - Ahsoka and Grogu from Starwars\OXO3D_Ahsoka_Support\Pack\STL 3D Print.url
2026-06-15 08:55:22,453 [1] INFO System.Windows.Forms.Form - File to Erase:N:\3D Figures\Star Wars\OXO3D - Ahsoka and Grogu from Starwars\OXO3D_Ahsoka_Support\Pack\STL Anime.txt
2026-06-15 08:55:22,564 [1] INFO System.Windows.Forms.Form - File to Erase:N:\3D Figures\Star Wars\OXO3D - Ahsoka and Grogu from Starwars\OXO3D_Ahsoka_Support\Pack\STL Comics.txt
2026-06-15 08:55:22,756 [1] INFO System.Windows.Forms.Form - File to Erase:N:\3D Figures\Star Wars\OXO3D - Ahsoka and Grogu from Starwars\OXO3D_Ahsoka_Support\Pack\STL Free.stl
2026-06-15 08:55:22,879 [1] INFO System.Windows.Forms.Form - File to Erase:N:\3D Figures\Star Wars\OXO3D - Ahsoka and Grogu from Starwars\OXO3D_Ahsoka_Support\Pack\STL Game.txt
2026-06-15 08:55:22,990 [1] INFO System.Windows.Forms.Form - File to Erase:N:\3D Figures\Star Wars\OXO3D - Ahsoka and Grogu from Starwars\OXO3D_Ahsoka_Support\Pack\STL Me.url
2026-06-15 08:55:23,212 [1] INFO System.Windows.Forms.Form - File to Erase:N:\3D Figures\Star Wars\OXO3D - Ahsoka and Grogu from Starwars\OXO3D_Ahsoka_Support\Pack\SW.stl
2026-06-15 08:55:23,337 [1] INFO System.Windows.Forms.Form - File to Erase:N:\3D Figures\Star Wars\OXO3D - Ahsoka and Grogu from Starwars\OXO3D_Ahsoka_Support\Pack\SW.txt
2026-06-15 08:55:23,448 [1] INFO System.Windows.Forms.Form - File to Erase:N:\3D Figures\Star Wars\OXO3D - Ahsoka and Grogu from Starwars\OXO3D_Ahsoka_Support\Pack\Vehicle 3D Model.url
2026-06-15 08:55:23,557 [1] INFO System.Windows.Forms.Form - File to Erase:N:\3D Figures\Star Wars\OXO3D - Ahsoka and Grogu from Starwars\OXO3D_Ahsoka_Support\Pack\Vehicles3D.txt
2026-06-15 08:55:23,668 [1] INFO System.Windows.Forms.Form - File to Erase:N:\3D Figures\Star Wars\OXO3D - Ahsoka and Grogu from Starwars\OXO3D_Ahsoka_Support\Pack\Warhammer - WarGame STL 3D Print.txt
2026-06-15 08:55:23,778 [1] INFO System.Windows.Forms.Form - File to Erase:N:\3D Figures\Star Wars\OXO3D - Ahsoka and Grogu from Starwars\OXO3D_Ahsoka_Support\Pack\Warhammer - WarGame.url
2026-06-15 08:55:23,887 [1] INFO System.Windows.Forms.Form - File to Erase:N:\3D Figures\Star Wars\OXO3D - Ahsoka and Grogu from Starwars\OXO3D_Ahsoka_Support\Pack\WH-WG.txt
2026-06-15 08:55:24,169 [1] INFO System.Windows.Forms.Form - File to Erase:N:\3D Figures\Star Wars\OXO3D - Ahsoka and Grogu from Starwars\OXO3D_Ahsoka_Support\Pack\WH40k.stl
2026-06-15 08:55:24,295 [1] INFO System.Windows.Forms.Form - File to Erase:N:\3D Figures\Star Wars\OXO3D - Ahsoka and Grogu from Starwars\OXO3D_Ahsoka_Support\Pack\STL Boost\Miniatures.stl
2026-06-15 08:55:24,408 [1] INFO System.Windows.Forms.Form - File to Erase:N:\3D Figures\Star Wars\OXO3D - Ahsoka and Grogu from Starwars\OXO3D_Ahsoka_Support\Pack\STL Boost\pack.stl
2026-06-15 08:55:24,522 [1] INFO System.Windows.Forms.Form - File to Erase:N:\3D Figures\Star Wars\OXO3D - Ahsoka and Grogu from Starwars\OXO3D_Ahsoka_Support\Pack\STL Boost\Pad.STL
2026-06-15 08:55:24,628 [1] INFO System.Windows.Forms.Form - File to Erase:N:\3D Figures\Star Wars\OXO3D - Ahsoka and Grogu from Starwars\OXO3D_Ahsoka_Support\Pack\STL Boost\STL Boost.jpg
2026-06-15 08:55:24,739 [1] INFO System.Windows.Forms.Form - File to Erase:N:\3D Figures\Star Wars\OXO3D - Ahsoka and Grogu from Starwars\OXO3D_Ahsoka_Support\Pack\STL Boost\STL Boost.txt
2026-06-15 08:55:24,921 [1] INFO System.Windows.Forms.Form - File to Erase:N:\3D Figures\Star Wars\OXO3D - Ahsoka and Grogu from Starwars\OXO3D_Ahsoka_Support\Pack\STL Boost\STL Free.stl
2026-06-15 08:55:25,038 [1] INFO System.Windows.Forms.Form - File to Erase:N:\3D Figures\Star Wars\OXO3D - Ahsoka and Grogu from Starwars\OXO3D_Ahsoka_Support\Pack\STL Boost\STL Me.url
2026-06-15 08:55:25,290 [1] INFO System.Windows.Forms.Form - File to Erase:N:\3D Figures\Star Wars\OXO3D - Ahsoka and Grogu from Starwars\OXO3D_Ahsoka_Support\Pack\STL Boost\Telegram Channel Free Models.stl
2026-06-15 09:06:55,734 [1] INFO System.Windows.Forms.Form - OnDragEnter Form
2026-06-15 09:06:56,023 [1] INFO System.Windows.Forms.Form - OnDragEnter CRC
2026-06-15 09:06:57,961 [1] INFO System.Windows.Forms.Form - Folder to clean:N:\3D Figures\Star Wars\OXO3D - Ahsoka and Grogu from Starwars\OXO3D_Ahsoka_Split\Pack
2026-06-15 09:06:58,101 [1] INFO System.Windows.Forms.Form - File to Erase:N:\3D Figures\Star Wars\OXO3D - Ahsoka and Grogu from Starwars\OXO3D_Ahsoka_Split\Pack\+NSFW.txt
2026-06-15 09:06:58,601 [1] INFO System.Windows.Forms.Form - File to Erase:N:\3D Figures\Star Wars\OXO3D - Ahsoka and Grogu from Starwars\OXO3D_Ahsoka_Split\Pack\+NSFW.url
2026-06-15 09:06:58,712 [1] INFO System.Windows.Forms.Form - File to Erase:N:\3D Figures\Star Wars\OXO3D - Ahsoka and Grogu from Starwars\OXO3D_Ahsoka_Split\Pack\Miniatures.txt
2026-06-15 09:06:58,821 [1] INFO System.Windows.Forms.Form - File to Erase:N:\3D Figures\Star Wars\OXO3D - Ahsoka and Grogu from Starwars\OXO3D_Ahsoka_Split\Pack\Print.STL
2026-06-15 09:06:58,930 [1] INFO System.Windows.Forms.Form - File to Erase:N:\3D Figures\Star Wars\OXO3D - Ahsoka and Grogu from Starwars\OXO3D_Ahsoka_Split\Pack\Star Wars.txt
2026-06-15 09:06:59,039 [1] INFO System.Windows.Forms.Form - File to Erase:N:\3D Figures\Star Wars\OXO3D - Ahsoka and Grogu from Starwars\OXO3D_Ahsoka_Split\Pack\Star Wars.url
2026-06-15 09:06:59,148 [1] INFO System.Windows.Forms.Form - File to Erase:N:\3D Figures\Star Wars\OXO3D - Ahsoka and Grogu from Starwars\OXO3D_Ahsoka_Split\Pack\STL 3D Print.url
2026-06-15 09:06:59,273 [1] INFO System.Windows.Forms.Form - File to Erase:N:\3D Figures\Star Wars\OXO3D - Ahsoka and Grogu from Starwars\OXO3D_Ahsoka_Split\Pack\STL Anime.txt
2026-06-15 09:06:59,381 [1] INFO System.Windows.Forms.Form - File to Erase:N:\3D Figures\Star Wars\OXO3D - Ahsoka and Grogu from Starwars\OXO3D_Ahsoka_Split\Pack\STL Comics.txt
2026-06-15 09:06:59,593 [1] INFO System.Windows.Forms.Form - File to Erase:N:\3D Figures\Star Wars\OXO3D - Ahsoka and Grogu from Starwars\OXO3D_Ahsoka_Split\Pack\STL Free.stl
2026-06-15 09:06:59,710 [1] INFO System.Windows.Forms.Form - File to Erase:N:\3D Figures\Star Wars\OXO3D - Ahsoka and Grogu from Starwars\OXO3D_Ahsoka_Split\Pack\STL Game.txt
2026-06-15 09:06:59,834 [1] INFO System.Windows.Forms.Form - File to Erase:N:\3D Figures\Star Wars\OXO3D - Ahsoka and Grogu from Starwars\OXO3D_Ahsoka_Split\Pack\STL Me.url
2026-06-15 09:07:00,085 [1] INFO System.Windows.Forms.Form - File to Erase:N:\3D Figures\Star Wars\OXO3D - Ahsoka and Grogu from Starwars\OXO3D_Ahsoka_Split\Pack\SW.stl
2026-06-15 09:07:00,206 [1] INFO System.Windows.Forms.Form - File to Erase:N:\3D Figures\Star Wars\OXO3D - Ahsoka and Grogu from Starwars\OXO3D_Ahsoka_Split\Pack\SW.txt
2026-06-15 09:07:00,316 [1] INFO System.Windows.Forms.Form - File to Erase:N:\3D Figures\Star Wars\OXO3D - Ahsoka and Grogu from Starwars\OXO3D_Ahsoka_Split\Pack\Vehicle 3D Model.url
2026-06-15 09:07:00,425 [1] INFO System.Windows.Forms.Form - File to Erase:N:\3D Figures\Star Wars\OXO3D - Ahsoka and Grogu from Starwars\OXO3D_Ahsoka_Split\Pack\Vehicles3D.txt
2026-06-15 09:07:00,535 [1] INFO System.Windows.Forms.Form - File to Erase:N:\3D Figures\Star Wars\OXO3D - Ahsoka and Grogu from Starwars\OXO3D_Ahsoka_Split\Pack\Warhammer - WarGame STL 3D Print.txt
2026-06-15 09:07:00,645 [1] INFO System.Windows.Forms.Form - File to Erase:N:\3D Figures\Star Wars\OXO3D - Ahsoka and Grogu from Starwars\OXO3D_Ahsoka_Split\Pack\Warhammer - WarGame.url
2026-06-15 09:07:00,755 [1] INFO System.Windows.Forms.Form - File to Erase:N:\3D Figures\Star Wars\OXO3D - Ahsoka and Grogu from Starwars\OXO3D_Ahsoka_Split\Pack\WH-WG.txt
2026-06-15 09:07:01,032 [1] INFO System.Windows.Forms.Form - File to Erase:N:\3D Figures\Star Wars\OXO3D - Ahsoka and Grogu from Starwars\OXO3D_Ahsoka_Split\Pack\WH40k.stl
2026-06-15 09:07:01,182 [1] INFO System.Windows.Forms.Form - File to Erase:N:\3D Figures\Star Wars\OXO3D - Ahsoka and Grogu from Starwars\OXO3D_Ahsoka_Split\Pack\STL Boost\Miniatures.stl
2026-06-15 09:07:01,305 [1] INFO System.Windows.Forms.Form - File to Erase:N:\3D Figures\Star Wars\OXO3D - Ahsoka and Grogu from Starwars\OXO3D_Ahsoka_Split\Pack\STL Boost\pack.stl
2026-06-15 09:07:01,432 [1] INFO System.Windows.Forms.Form - File to Erase:N:\3D Figures\Star Wars\OXO3D - Ahsoka and Grogu from Starwars\OXO3D_Ahsoka_Split\Pack\STL Boost\Pad.STL
2026-06-15 09:07:01,553 [1] INFO System.Windows.Forms.Form - File to Erase:N:\3D Figures\Star Wars\OXO3D - Ahsoka and Grogu from Starwars\OXO3D_Ahsoka_Split\Pack\STL Boost\STL Boost.jpg
2026-06-15 09:07:01,677 [1] INFO System.Windows.Forms.Form - File to Erase:N:\3D Figures\Star Wars\OXO3D - Ahsoka and Grogu from Starwars\OXO3D_Ahsoka_Split\Pack\STL Boost\STL Boost.txt
2026-06-15 09:07:01,886 [1] INFO System.Windows.Forms.Form - File to Erase:N:\3D Figures\Star Wars\OXO3D - Ahsoka and Grogu from Starwars\OXO3D_Ahsoka_Split\Pack\STL Boost\STL Free.stl
2026-06-15 09:07:02,004 [1] INFO System.Windows.Forms.Form - File to Erase:N:\3D Figures\Star Wars\OXO3D - Ahsoka and Grogu from Starwars\OXO3D_Ahsoka_Split\Pack\STL Boost\STL Me.url
2026-06-15 09:07:02,261 [1] INFO System.Windows.Forms.Form - File to Erase:N:\3D Figures\Star Wars\OXO3D - Ahsoka and Grogu from Starwars\OXO3D_Ahsoka_Split\Pack\STL Boost\Telegram Channel Free Models.stl
2026-06-15 09:07:12,280 [1] INFO System.Windows.Forms.Form - OnDragEnter Form
2026-06-15 09:07:12,544 [1] INFO System.Windows.Forms.Form - OnDragEnter CRC
2026-06-15 09:07:14,551 [1] INFO System.Windows.Forms.Form - Folder to clean:N:\3D Figures\Star Wars\OXO3D - Ahsoka and Grogu from Starwars\OXO3D_Ahsoka__NonSplit
2026-06-15 09:07:14,692 [1] INFO System.Windows.Forms.Form - File to Erase:N:\3D Figures\Star Wars\OXO3D - Ahsoka and Grogu from Starwars\OXO3D_Ahsoka__NonSplit\Miniatures STL, Board Game STL.txt
2026-06-15 11:21:27,820 [1] INFO System.Windows.Forms.Form - OnDragEnter Panel1
2026-06-15 11:21:29,403 [1] INFO System.Windows.Forms.Form - Clean Filename:E:\Downloads\HookupHotshot.26.06.14.Best.Of.HUHS.Volume.14.1080p.sanet
2026-06-15 11:28:58,351 [1] INFO System.Windows.Forms.Form - OnDragEnter Form
2026-06-15 11:28:58,491 [1] INFO System.Windows.Forms.Form - OnDragEnter Panel1
2026-06-15 11:29:00,054 [1] INFO System.Windows.Forms.Form - Clean Filename:E:\Downloads\HookupHotshot.26.06.14.Best.Of.HUHS.Volume.14.1080p
2026-06-15 15:20:15,620 [1] INFO System.Windows.Forms.Form - OnDragEnter Form
2026-06-15 15:20:15,718 [1] INFO System.Windows.Forms.Form - OnDragEnter Panel1
2026-06-15 15:20:17,317 [1] INFO System.Windows.Forms.Form - Clean Filename:E:\Downloads\sanet.st.Stuff_UK_-_July_2026\sanet.st.Stuff_UK_-_July_2026.pdf
2026-06-15 15:20:22,807 [1] INFO System.Windows.Forms.Form - OnDragEnter Form
2026-06-15 15:20:23,062 [1] INFO System.Windows.Forms.Form - OnDragEnter Panel2
2026-06-15 17:09:24,658 [1] INFO System.Windows.Forms.Form - OnDragEnter Form
2026-06-15 17:09:24,693 [1] INFO System.Windows.Forms.Form - OnDragEnter Panel1
2026-06-15 17:09:26,342 [1] INFO System.Windows.Forms.Form - Clean Filename:E:\Downloads\PureXXX.26.06.15.Katie.Summers.1080p.sanet
2026-06-15 17:19:04,754 [1] INFO System.Windows.Forms.Form - OnDragEnter Form
2026-06-15 17:19:04,835 [1] INFO System.Windows.Forms.Form - OnDragEnter Panel1
2026-06-15 17:19:06,735 [1] INFO System.Windows.Forms.Form - Clean Filename:E:\Downloads\PureXXX.26.06.15.Katie.Summers.1080p
2026-06-15 17:19:06,801 [1] INFO System.Windows.Forms.Form - Clean Filename:E:\Downloads\HookupHotshot.26.02Of.HUHS.Volume.9.1080p.sanet
2026-06-15 17:19:06,850 [1] INFO System.Windows.Forms.Form - Clean Filename:E:\Downloads\HookupHotshot.26.03Of.HUHS.Volume.10.1080p.sanet
2026-06-15 17:19:06,999 [1] INFO System.Windows.Forms.Form - Clean Filename:E:\Downloads\HookupHotshot.26.04Of.HUHS.Volume.12.1080p.sanet
2026-06-15 17:19:07,035 [1] INFO System.Windows.Forms.Form - Clean Filename:E:\Downloads\HookupHotshot.26.05.15.Best.Of.HUHS.Volume.13.1080p.sanet
2026-06-15 18:09:07,899 [1] INFO System.Windows.Forms.Form - OnDragEnter Form
2026-06-15 18:09:07,935 [1] INFO System.Windows.Forms.Form - OnDragEnter Panel1
2026-06-15 18:09:09,589 [1] INFO System.Windows.Forms.Form - Clean Filename:E:\Downloads\HookupHotshot.26.02Of.HUHS.Volume.9.1080p.sanet
2026-06-15 18:31:26,130 [1] INFO System.Windows.Forms.Form - OnDragEnter Panel1
2026-06-15 18:31:27,514 [1] INFO System.Windows.Forms.Form - Clean Filename:E:\Downloads\HookupHotshot.26.01Of.HUHS.Volume.8.1080p.sanet
2026-06-15 18:40:30,182 [1] INFO System.Windows.Forms.Form - OnDragEnter Form
2026-06-15 18:40:30,340 [1] INFO System.Windows.Forms.Form - OnDragEnter Panel1
2026-06-15 18:40:31,887 [1] INFO System.Windows.Forms.Form - Clean Filename:E:\Downloads\HookupHotshot.25.12.19.Best.Of.HUHS.Volume.7.1080p.sanet
2026-06-15 18:46:26,454 [1] INFO System.Windows.Forms.Form - OnDragEnter Form
2026-06-15 18:46:26,646 [1] INFO System.Windows.Forms.Form - OnDragEnter Panel1
2026-06-15 18:46:28,259 [1] INFO System.Windows.Forms.Form - Clean Filename:E:\Downloads\HookupHotshot.26.03Of.HUHS.Volume.10.1080p.sanet
2026-06-15 18:50:08,019 [1] INFO System.Windows.Forms.Form - OnDragEnter Form
2026-06-15 18:50:08,060 [1] INFO System.Windows.Forms.Form - OnDragEnter Panel1
2026-06-15 18:50:09,635 [1] INFO System.Windows.Forms.Form - Clean Filename:E:\Downloads\all4n4lJ4smine.W1lde.4nd.Nic0le.4r14.sanet
2026-06-15 18:51:59,757 [1] INFO System.Windows.Forms.Form - OnDragEnter Form
2026-06-15 18:51:59,873 [1] INFO System.Windows.Forms.Form - OnDragEnter Panel1
2026-06-15 18:52:01,504 [1] INFO System.Windows.Forms.Form - Clean Filename:E:\Downloads\SANET.ST-Une_Femme_Sans_Retenue_1995_Rework
2026-06-15 18:52:45,034 [1] INFO System.Windows.Forms.Form - OnDragEnter Form
2026-06-15 18:52:45,058 [1] INFO System.Windows.Forms.Form - OnDragEnter Panel1
2026-06-15 18:52:46,605 [1] INFO System.Windows.Forms.Form - Clean Filename:E:\Downloads\SANET.ST-Bodies_In_Heat_2_1989_Rework
2026-06-15 18:53:21,438 [1] INFO System.Windows.Forms.Form - OnDragEnter Form
2026-06-15 18:53:21,476 [1] INFO System.Windows.Forms.Form - OnDragEnter Panel1
2026-06-15 18:53:22,995 [1] INFO System.Windows.Forms.Form - Clean Filename:E:\Downloads\SANET.ST-Die_Klopperfeld_Show_1997
2026-06-15 18:54:04,732 [1] INFO System.Windows.Forms.Form - OnDragEnter Form
2026-06-15 18:54:04,875 [1] INFO System.Windows.Forms.Form - OnDragEnter Panel1
2026-06-15 18:54:06,656 [1] INFO System.Windows.Forms.Form - Clean Filename:E:\Downloads\SANET.ST-HereCumTheBrides_3_2004
2026-06-15 18:54:16,521 [1] INFO System.Windows.Forms.Form - OnDragEnter Form
2026-06-15 18:54:16,650 [1] INFO System.Windows.Forms.Form - OnDragEnter Panel1
2026-06-15 18:54:18,337 [1] INFO System.Windows.Forms.Form - Clean Filename:E:\Downloads\HereCumTheBrides 3 2004\HereCumTheBrides_3
2026-06-15 18:54:54,723 [1] INFO System.Windows.Forms.Form - OnDragEnter Form
2026-06-15 18:54:54,938 [1] INFO System.Windows.Forms.Form - OnDragEnter Panel1
2026-06-15 18:54:56,687 [1] INFO System.Windows.Forms.Form - Clean Filename:E:\Downloads\Sanet.st.Masters.of.the.Universe.1987.1080p.AMZN.WEB-DL.DDP2.H264-DarkAngeL
2026-06-15 18:54:56,759 [1] INFO System.Windows.Forms.Form - Clean Filename:E:\Downloads\Sanet.st.Masters.of.the.Universe.1987.1080p.BDRip.DTS.H264-PoPCoRn
2026-06-16 09:18:09,402 [1] INFO System.Windows.Forms.Form - OnDragEnter Panel2
2026-06-16 09:18:09,467 [1] INFO System.Windows.Forms.Form - OnDragEnter Form
2026-06-16 09:18:09,507 [1] INFO System.Windows.Forms.Form - OnDragEnter Panel1
2026-06-16 09:18:11,194 [1] INFO System.Windows.Forms.Form - Clean Filename:K:\Magazine\Stuff Magazine\Stuff UK\sanet.st.Stuff_UK_-_April_2026.pdf
2026-06-16 09:18:11,222 [1] INFO System.Windows.Forms.Form - Clean Filename:K:\Magazine\Stuff Magazine\Stuff UK\sanet.st.Stuff_UK_-_June_2026.pdf
2026-06-16 09:18:11,241 [1] INFO System.Windows.Forms.Form - Clean Filename:K:\Magazine\Stuff Magazine\Stuff UK\sanet.st.Stuff_UK_-_March_2026.pdf
2026-06-16 09:18:11,258 [1] INFO System.Windows.Forms.Form - Clean Filename:K:\Magazine\Stuff Magazine\Stuff UK\sanet.st.Stuff_UK_-_May_2026.pdf
2026-06-16 09:18:17,939 [1] INFO System.Windows.Forms.Form - OnDragEnter Form
2026-06-16 09:18:18,051 [1] INFO System.Windows.Forms.Form - OnDragEnter Panel4
2026-06-16 09:18:18,067 [1] INFO System.Windows.Forms.Form - OnDragEnter Form
2026-06-16 09:18:18,106 [1] INFO System.Windows.Forms.Form - OnDragEnter Panel3
2026-06-16 09:18:18,210 [1] INFO System.Windows.Forms.Form - OnDragEnter Form
2026-06-16 09:18:18,266 [1] INFO System.Windows.Forms.Form - OnDragEnter Panel2
2026-06-16 09:18:46,588 [1] INFO System.Windows.Forms.Form - OnDragEnter Form
2026-06-16 09:18:46,747 [1] INFO System.Windows.Forms.Form - OnDragEnter Panel1
2026-06-16 09:18:48,388 [1] INFO System.Windows.Forms.Form - Clean Filename:E:\Downloads\Fundamentals_of_Electric_Circuits_ISE.sanet
2026-06-16 09:28:02,188 [1] INFO System.Windows.Forms.Form - OnDragEnter Form
2026-06-16 09:28:02,246 [1] INFO System.Windows.Forms.Form - OnDragEnter CRC
2026-06-16 09:28:03,811 [1] INFO System.Windows.Forms.Form - Folder to clean:N:\3D Figures\Star Wars\SW3D - Luke Pilot Portrait Bust\Pack
2026-06-16 09:28:03,976 [1] INFO System.Windows.Forms.Form - File to Erase:N:\3D Figures\Star Wars\SW3D - Luke Pilot Portrait Bust\Pack\+NSFW.txt
2026-06-16 09:28:04,092 [1] INFO System.Windows.Forms.Form - File to Erase:N:\3D Figures\Star Wars\SW3D - Luke Pilot Portrait Bust\Pack\+NSFW.url
2026-06-16 09:28:04,203 [1] INFO System.Windows.Forms.Form - File to Erase:N:\3D Figures\Star Wars\SW3D - Luke Pilot Portrait Bust\Pack\Miniatures.txt
2026-06-16 09:28:04,314 [1] INFO System.Windows.Forms.Form - File to Erase:N:\3D Figures\Star Wars\SW3D - Luke Pilot Portrait Bust\Pack\Print.STL
2026-06-16 09:28:04,420 [1] INFO System.Windows.Forms.Form - File to Erase:N:\3D Figures\Star Wars\SW3D - Luke Pilot Portrait Bust\Pack\Star Wars.txt
2026-06-16 09:28:04,529 [1] INFO System.Windows.Forms.Form - File to Erase:N:\3D Figures\Star Wars\SW3D - Luke Pilot Portrait Bust\Pack\Star Wars.url
2026-06-16 09:28:04,637 [1] INFO System.Windows.Forms.Form - File to Erase:N:\3D Figures\Star Wars\SW3D - Luke Pilot Portrait Bust\Pack\STL 3D Print.url
2026-06-16 09:28:04,747 [1] INFO System.Windows.Forms.Form - File to Erase:N:\3D Figures\Star Wars\SW3D - Luke Pilot Portrait Bust\Pack\STL Anime.txt
2026-06-16 09:28:04,858 [1] INFO System.Windows.Forms.Form - File to Erase:N:\3D Figures\Star Wars\SW3D - Luke Pilot Portrait Bust\Pack\STL Comics.txt
2026-06-16 09:28:05,033 [1] INFO System.Windows.Forms.Form - File to Erase:N:\3D Figures\Star Wars\SW3D - Luke Pilot Portrait Bust\Pack\STL Free.stl
2026-06-16 09:28:05,156 [1] INFO System.Windows.Forms.Form - File to Erase:N:\3D Figures\Star Wars\SW3D - Luke Pilot Portrait Bust\Pack\STL Game.txt
2026-06-16 09:28:05,268 [1] INFO System.Windows.Forms.Form - File to Erase:N:\3D Figures\Star Wars\SW3D - Luke Pilot Portrait Bust\Pack\STL Me.url
2026-06-16 09:28:05,472 [1] INFO System.Windows.Forms.Form - File to Erase:N:\3D Figures\Star Wars\SW3D - Luke Pilot Portrait Bust\Pack\SW.stl
2026-06-16 09:28:05,583 [1] INFO System.Windows.Forms.Form - File to Erase:N:\3D Figures\Star Wars\SW3D - Luke Pilot Portrait Bust\Pack\SW.txt
2026-06-16 09:28:05,692 [1] INFO System.Windows.Forms.Form - File to Erase:N:\3D Figures\Star Wars\SW3D - Luke Pilot Portrait Bust\Pack\Vehicle 3D Model.url
2026-06-16 09:28:05,801 [1] INFO System.Windows.Forms.Form - File to Erase:N:\3D Figures\Star Wars\SW3D - Luke Pilot Portrait Bust\Pack\Vehicles3D.txt
2026-06-16 09:28:05,910 [1] INFO System.Windows.Forms.Form - File to Erase:N:\3D Figures\Star Wars\SW3D - Luke Pilot Portrait Bust\Pack\Warhammer - WarGame STL 3D Print.txt
2026-06-16 09:28:06,019 [1] INFO System.Windows.Forms.Form - File to Erase:N:\3D Figures\Star Wars\SW3D - Luke Pilot Portrait Bust\Pack\Warhammer - WarGame.url
2026-06-16 09:28:06,128 [1] INFO System.Windows.Forms.Form - File to Erase:N:\3D Figures\Star Wars\SW3D - Luke Pilot Portrait Bust\Pack\WH-WG.txt
2026-06-16 09:28:06,356 [1] INFO System.Windows.Forms.Form - File to Erase:N:\3D Figures\Star Wars\SW3D - Luke Pilot Portrait Bust\Pack\WH40k.stl
2026-06-16 09:28:06,474 [1] INFO System.Windows.Forms.Form - File to Erase:N:\3D Figures\Star Wars\SW3D - Luke Pilot Portrait Bust\Pack\STL Boost\Miniatures.stl
2026-06-16 09:28:06,582 [1] INFO System.Windows.Forms.Form - File to Erase:N:\3D Figures\Star Wars\SW3D - Luke Pilot Portrait Bust\Pack\STL Boost\pack.stl
2026-06-16 09:28:06,692 [1] INFO System.Windows.Forms.Form - File to Erase:N:\3D Figures\Star Wars\SW3D - Luke Pilot Portrait Bust\Pack\STL Boost\Pad.STL
2026-06-16 09:28:06,800 [1] INFO System.Windows.Forms.Form - File to Erase:N:\3D Figures\Star Wars\SW3D - Luke Pilot Portrait Bust\Pack\STL Boost\STL Boost.jpg
2026-06-16 09:28:06,909 [1] INFO System.Windows.Forms.Form - File to Erase:N:\3D Figures\Star Wars\SW3D - Luke Pilot Portrait Bust\Pack\STL Boost\STL Boost.txt
2026-06-16 09:28:07,085 [1] INFO System.Windows.Forms.Form - File to Erase:N:\3D Figures\Star Wars\SW3D - Luke Pilot Portrait Bust\Pack\STL Boost\STL Free.stl
2026-06-16 09:28:07,206 [1] INFO System.Windows.Forms.Form - File to Erase:N:\3D Figures\Star Wars\SW3D - Luke Pilot Portrait Bust\Pack\STL Boost\STL Me.url
2026-06-16 09:28:07,434 [1] INFO System.Windows.Forms.Form - File to Erase:N:\3D Figures\Star Wars\SW3D - Luke Pilot Portrait Bust\Pack\STL Boost\Telegram Channel Free Models.stl
2026-06-16 09:32:25,984 [1] INFO System.Windows.Forms.Form - OnDragEnter Form
2026-06-16 09:32:26,156 [1] INFO System.Windows.Forms.Form - OnDragEnter CRC
2026-06-16 09:32:27,674 [1] INFO System.Windows.Forms.Form - Folder to clean:N:\3D Figures\Star Wars\SW3D - Luke Pilot Portrait Bust\Pack
2026-06-16 09:35:17,216 [1] INFO System.Windows.Forms.Form - OnDragEnter Form
2026-06-16 09:35:17,287 [1] INFO System.Windows.Forms.Form - OnDragEnter CRC
2026-06-16 09:35:19,062 [1] INFO System.Windows.Forms.Form - Folder to clean:N:\3D Figures\Star Wars\Baby Chewbacca Bust\Pack
2026-06-16 09:35:19,202 [1] INFO System.Windows.Forms.Form - File to Erase:N:\3D Figures\Star Wars\Baby Chewbacca Bust\Pack\+NSFW.txt
2026-06-16 09:35:19,314 [1] INFO System.Windows.Forms.Form - File to Erase:N:\3D Figures\Star Wars\Baby Chewbacca Bust\Pack\+NSFW.url
2026-06-16 09:35:19,424 [1] INFO System.Windows.Forms.Form - File to Erase:N:\3D Figures\Star Wars\Baby Chewbacca Bust\Pack\Miniatures.txt
2026-06-16 09:35:19,536 [1] INFO System.Windows.Forms.Form - File to Erase:N:\3D Figures\Star Wars\Baby Chewbacca Bust\Pack\Print.STL
2026-06-16 09:35:19,645 [1] INFO System.Windows.Forms.Form - File to Erase:N:\3D Figures\Star Wars\Baby Chewbacca Bust\Pack\Star Wars.txt
2026-06-16 09:35:19,756 [1] INFO System.Windows.Forms.Form - File to Erase:N:\3D Figures\Star Wars\Baby Chewbacca Bust\Pack\Star Wars.url
2026-06-16 09:35:19,866 [1] INFO System.Windows.Forms.Form - File to Erase:N:\3D Figures\Star Wars\Baby Chewbacca Bust\Pack\STL 3D Print.url
2026-06-16 09:35:19,977 [1] INFO System.Windows.Forms.Form - File to Erase:N:\3D Figures\Star Wars\Baby Chewbacca Bust\Pack\STL Anime.txt
2026-06-16 09:35:20,086 [1] INFO System.Windows.Forms.Form - File to Erase:N:\3D Figures\Star Wars\Baby Chewbacca Bust\Pack\STL Comics.txt
2026-06-16 09:35:20,259 [1] INFO System.Windows.Forms.Form - File to Erase:N:\3D Figures\Star Wars\Baby Chewbacca Bust\Pack\STL Free.stl
2026-06-16 09:35:20,382 [1] INFO System.Windows.Forms.Form - File to Erase:N:\3D Figures\Star Wars\Baby Chewbacca Bust\Pack\STL Game.txt
2026-06-16 09:35:20,491 [1] INFO System.Windows.Forms.Form - File to Erase:N:\3D Figures\Star Wars\Baby Chewbacca Bust\Pack\STL Me.url
2026-06-16 09:35:20,701 [1] INFO System.Windows.Forms.Form - File to Erase:N:\3D Figures\Star Wars\Baby Chewbacca Bust\Pack\SW.stl
2026-06-16 09:35:20,820 [1] INFO System.Windows.Forms.Form - File to Erase:N:\3D Figures\Star Wars\Baby Chewbacca Bust\Pack\SW.txt
2026-06-16 09:35:20,931 [1] INFO System.Windows.Forms.Form - File to Erase:N:\3D Figures\Star Wars\Baby Chewbacca Bust\Pack\Vehicle 3D Model.url
2026-06-16 09:35:21,040 [1] INFO System.Windows.Forms.Form - File to Erase:N:\3D Figures\Star Wars\Baby Chewbacca Bust\Pack\Vehicles3D.txt
2026-06-16 09:35:21,162 [1] INFO System.Windows.Forms.Form - File to Erase:N:\3D Figures\Star Wars\Baby Chewbacca Bust\Pack\Warhammer - WarGame STL 3D Print.txt
2026-06-16 09:35:21,273 [1] INFO System.Windows.Forms.Form - File to Erase:N:\3D Figures\Star Wars\Baby Chewbacca Bust\Pack\Warhammer - WarGame.url
2026-06-16 09:35:21,382 [1] INFO System.Windows.Forms.Form - File to Erase:N:\3D Figures\Star Wars\Baby Chewbacca Bust\Pack\WH-WG.txt
2026-06-16 09:35:21,633 [1] INFO System.Windows.Forms.Form - File to Erase:N:\3D Figures\Star Wars\Baby Chewbacca Bust\Pack\WH40k.stl
2026-06-16 09:35:21,760 [1] INFO System.Windows.Forms.Form - File to Erase:N:\3D Figures\Star Wars\Baby Chewbacca Bust\Pack\STL Boost\Miniatures.stl
2026-06-16 09:35:21,869 [1] INFO System.Windows.Forms.Form - File to Erase:N:\3D Figures\Star Wars\Baby Chewbacca Bust\Pack\STL Boost\pack.stl
2026-06-16 09:35:21,979 [1] INFO System.Windows.Forms.Form - File to Erase:N:\3D Figures\Star Wars\Baby Chewbacca Bust\Pack\STL Boost\Pad.STL
2026-06-16 09:35:22,086 [1] INFO System.Windows.Forms.Form - File to Erase:N:\3D Figures\Star Wars\Baby Chewbacca Bust\Pack\STL Boost\STL Boost.jpg
2026-06-16 09:35:22,194 [1] INFO System.Windows.Forms.Form - File to Erase:N:\3D Figures\Star Wars\Baby Chewbacca Bust\Pack\STL Boost\STL Boost.txt
2026-06-16 09:35:22,361 [1] INFO System.Windows.Forms.Form - File to Erase:N:\3D Figures\Star Wars\Baby Chewbacca Bust\Pack\STL Boost\STL Free.stl
2026-06-16 09:35:22,474 [1] INFO System.Windows.Forms.Form - File to Erase:N:\3D Figures\Star Wars\Baby Chewbacca Bust\Pack\STL Boost\STL Me.url
2026-06-16 09:35:22,721 [1] INFO System.Windows.Forms.Form - File to Erase:N:\3D Figures\Star Wars\Baby Chewbacca Bust\Pack\STL Boost\Telegram Channel Free Models.stl
2026-06-16 09:37:51,510 [1] INFO System.Windows.Forms.Form - OnDragEnter Form
2026-06-16 09:37:51,600 [1] INFO System.Windows.Forms.Form - OnDragEnter CRC
2026-06-16 09:37:53,156 [1] INFO System.Windows.Forms.Form - Folder to clean:N:\3D Figures\Star Wars\BrunoArt3D - Ahsoka - 2025.06\Pack
2026-06-16 09:37:53,296 [1] INFO System.Windows.Forms.Form - File to Erase:N:\3D Figures\Star Wars\BrunoArt3D - Ahsoka - 2025.06\Pack\+NSFW.txt
2026-06-16 09:37:53,405 [1] INFO System.Windows.Forms.Form - File to Erase:N:\3D Figures\Star Wars\BrunoArt3D - Ahsoka - 2025.06\Pack\+NSFW.url
2026-06-16 09:37:53,514 [1] INFO System.Windows.Forms.Form - File to Erase:N:\3D Figures\Star Wars\BrunoArt3D - Ahsoka - 2025.06\Pack\Miniatures.txt
2026-06-16 09:37:53,624 [1] INFO System.Windows.Forms.Form - File to Erase:N:\3D Figures\Star Wars\BrunoArt3D - Ahsoka - 2025.06\Pack\Print.STL
2026-06-16 09:37:53,733 [1] INFO System.Windows.Forms.Form - File to Erase:N:\3D Figures\Star Wars\BrunoArt3D - Ahsoka - 2025.06\Pack\Star Wars.txt
2026-06-16 09:37:53,843 [1] INFO System.Windows.Forms.Form - File to Erase:N:\3D Figures\Star Wars\BrunoArt3D - Ahsoka - 2025.06\Pack\Star Wars.url
2026-06-16 09:37:53,953 [1] INFO System.Windows.Forms.Form - File to Erase:N:\3D Figures\Star Wars\BrunoArt3D - Ahsoka - 2025.06\Pack\STL 3D Print.url
2026-06-16 09:37:54,061 [1] INFO System.Windows.Forms.Form - File to Erase:N:\3D Figures\Star Wars\BrunoArt3D - Ahsoka - 2025.06\Pack\STL Anime.txt
2026-06-16 09:37:54,170 [1] INFO System.Windows.Forms.Form - File to Erase:N:\3D Figures\Star Wars\BrunoArt3D - Ahsoka - 2025.06\Pack\STL Comics.txt
2026-06-16 09:37:54,350 [1] INFO System.Windows.Forms.Form - File to Erase:N:\3D Figures\Star Wars\BrunoArt3D - Ahsoka - 2025.06\Pack\STL Free.stl
2026-06-16 09:37:54,468 [1] INFO System.Windows.Forms.Form - File to Erase:N:\3D Figures\Star Wars\BrunoArt3D - Ahsoka - 2025.06\Pack\STL Game.txt
2026-06-16 09:37:54,576 [1] INFO System.Windows.Forms.Form - File to Erase:N:\3D Figures\Star Wars\BrunoArt3D - Ahsoka - 2025.06\Pack\STL Me.url
2026-06-16 09:37:54,778 [1] INFO System.Windows.Forms.Form - File to Erase:N:\3D Figures\Star Wars\BrunoArt3D - Ahsoka - 2025.06\Pack\SW.stl
2026-06-16 09:37:54,890 [1] INFO System.Windows.Forms.Form - File to Erase:N:\3D Figures\Star Wars\BrunoArt3D - Ahsoka - 2025.06\Pack\SW.txt
2026-06-16 09:37:55,000 [1] INFO System.Windows.Forms.Form - File to Erase:N:\3D Figures\Star Wars\BrunoArt3D - Ahsoka - 2025.06\Pack\Vehicle 3D Model.url
2026-06-16 09:37:55,109 [1] INFO System.Windows.Forms.Form - File to Erase:N:\3D Figures\Star Wars\BrunoArt3D - Ahsoka - 2025.06\Pack\Vehicles3D.txt
2026-06-16 09:37:55,235 [1] INFO System.Windows.Forms.Form - File to Erase:N:\3D Figures\Star Wars\BrunoArt3D - Ahsoka - 2025.06\Pack\Warhammer - WarGame STL 3D Print.txt
2026-06-16 09:37:55,345 [1] INFO System.Windows.Forms.Form - File to Erase:N:\3D Figures\Star Wars\BrunoArt3D - Ahsoka - 2025.06\Pack\Warhammer - WarGame.url
2026-06-16 09:37:55,455 [1] INFO System.Windows.Forms.Form - File to Erase:N:\3D Figures\Star Wars\BrunoArt3D - Ahsoka - 2025.06\Pack\WH-WG.txt
2026-06-16 09:37:55,678 [1] INFO System.Windows.Forms.Form - File to Erase:N:\3D Figures\Star Wars\BrunoArt3D - Ahsoka - 2025.06\Pack\WH40k.stl
2026-06-16 09:37:55,804 [1] INFO System.Windows.Forms.Form - File to Erase:N:\3D Figures\Star Wars\BrunoArt3D - Ahsoka - 2025.06\Pack\STL Boost\Miniatures.stl
2026-06-16 09:37:55,914 [1] INFO System.Windows.Forms.Form - File to Erase:N:\3D Figures\Star Wars\BrunoArt3D - Ahsoka - 2025.06\Pack\STL Boost\pack.stl
2026-06-16 09:37:56,023 [1] INFO System.Windows.Forms.Form - File to Erase:N:\3D Figures\Star Wars\BrunoArt3D - Ahsoka - 2025.06\Pack\STL Boost\Pad.STL
2026-06-16 09:37:56,131 [1] INFO System.Windows.Forms.Form - File to Erase:N:\3D Figures\Star Wars\BrunoArt3D - Ahsoka - 2025.06\Pack\STL Boost\STL Boost.jpg
2026-06-16 09:37:56,239 [1] INFO System.Windows.Forms.Form - File to Erase:N:\3D Figures\Star Wars\BrunoArt3D - Ahsoka - 2025.06\Pack\STL Boost\STL Boost.txt
2026-06-16 09:37:56,405 [1] INFO System.Windows.Forms.Form - File to Erase:N:\3D Figures\Star Wars\BrunoArt3D - Ahsoka - 2025.06\Pack\STL Boost\STL Free.stl
2026-06-16 09:37:56,520 [1] INFO System.Windows.Forms.Form - File to Erase:N:\3D Figures\Star Wars\BrunoArt3D - Ahsoka - 2025.06\Pack\STL Boost\STL Me.url
2026-06-16 09:37:56,742 [1] INFO System.Windows.Forms.Form - File to Erase:N:\3D Figures\Star Wars\BrunoArt3D - Ahsoka - 2025.06\Pack\STL Boost\Telegram Channel Free Models.stl
2026-06-16 10:00:21,473 [1] INFO System.Windows.Forms.Form - OnDragEnter Form
2026-06-16 10:00:21,512 [1] INFO System.Windows.Forms.Form - OnDragEnter Panel4
2026-06-16 10:00:21,671 [1] INFO System.Windows.Forms.Form - OnDragEnter Form
2026-06-16 10:00:21,742 [1] INFO System.Windows.Forms.Form - OnDragEnter CRC
2026-06-16 10:00:23,328 [1] INFO System.Windows.Forms.Form - Folder to clean:N:\3D Figures\Star Wars\Star Wars - Anakin Bust
2026-06-16 10:00:23,468 [1] INFO System.Windows.Forms.Form - File to Erase:N:\3D Figures\Star Wars\Star Wars - Anakin Bust\3D Models.txt
2026-06-16 10:00:24,010 [1] INFO System.Windows.Forms.Form - File to Erase:N:\3D Figures\Star Wars\Star Wars - Anakin Bust\DesireFX.me.stl
2026-06-16 10:00:24,127 [1] INFO System.Windows.Forms.Form - File to Erase:N:\3D Figures\Star Wars\Star Wars - Anakin Bust\Pad.STL
2026-06-16 10:00:34,415 [1] INFO System.Windows.Forms.Form - File to Erase:N:\3D Figures\Star Wars\Star Wars - Anakin Bust\STL Free.stl
2026-06-16 10:00:34,652 [1] INFO System.Windows.Forms.Form - File to Erase:N:\3D Figures\Star Wars\Star Wars - Anakin Bust\Telegram Channel Free Models.stl
2026-06-16 10:00:34,760 [1] INFO System.Windows.Forms.Form - File to Erase:N:\3D Figures\Star Wars\Star Wars - Anakin Bust\Telegram- Contact CG Model.url
2026-06-16 10:47:03,034 [1] INFO System.Windows.Forms.Form - OnDragEnter Form
2026-06-16 10:47:03,158 [1] INFO System.Windows.Forms.Form - OnDragEnter CRC
2026-06-16 10:47:04,680 [1] INFO System.Windows.Forms.Form - Folder to clean:N:\3D Figures\Star Wars\SW3D - Moss Eisley Cantina Band Sculpture\Pack
2026-06-16 10:47:04,821 [1] INFO System.Windows.Forms.Form - File to Erase:N:\3D Figures\Star Wars\SW3D - Moss Eisley Cantina Band Sculpture\Pack\+NSFW.txt
2026-06-16 10:47:05,335 [1] INFO System.Windows.Forms.Form - File to Erase:N:\3D Figures\Star Wars\SW3D - Moss Eisley Cantina Band Sculpture\Pack\+NSFW.url
2026-06-16 10:47:05,443 [1] INFO System.Windows.Forms.Form - File to Erase:N:\3D Figures\Star Wars\SW3D - Moss Eisley Cantina Band Sculpture\Pack\Miniatures.txt
2026-06-16 10:47:05,552 [1] INFO System.Windows.Forms.Form - File to Erase:N:\3D Figures\Star Wars\SW3D - Moss Eisley Cantina Band Sculpture\Pack\Print.STL
2026-06-16 10:47:05,662 [1] INFO System.Windows.Forms.Form - File to Erase:N:\3D Figures\Star Wars\SW3D - Moss Eisley Cantina Band Sculpture\Pack\Star Wars.txt
2026-06-16 10:47:05,772 [1] INFO System.Windows.Forms.Form - File to Erase:N:\3D Figures\Star Wars\SW3D - Moss Eisley Cantina Band Sculpture\Pack\Star Wars.url
2026-06-16 10:47:05,883 [1] INFO System.Windows.Forms.Form - File to Erase:N:\3D Figures\Star Wars\SW3D - Moss Eisley Cantina Band Sculpture\Pack\STL 3D Print.url
2026-06-16 10:47:05,992 [1] INFO System.Windows.Forms.Form - File to Erase:N:\3D Figures\Star Wars\SW3D - Moss Eisley Cantina Band Sculpture\Pack\STL Anime.txt
2026-06-16 10:47:06,101 [1] INFO System.Windows.Forms.Form - File to Erase:N:\3D Figures\Star Wars\SW3D - Moss Eisley Cantina Band Sculpture\Pack\STL Comics.txt
2026-06-16 10:47:06,267 [1] INFO System.Windows.Forms.Form - File to Erase:N:\3D Figures\Star Wars\SW3D - Moss Eisley Cantina Band Sculpture\Pack\STL Free.stl
2026-06-16 10:47:06,385 [1] INFO System.Windows.Forms.Form - File to Erase:N:\3D Figures\Star Wars\SW3D - Moss Eisley Cantina Band Sculpture\Pack\STL Game.txt
2026-06-16 10:47:06,493 [1] INFO System.Windows.Forms.Form - File to Erase:N:\3D Figures\Star Wars\SW3D - Moss Eisley Cantina Band Sculpture\Pack\STL Me.url
2026-06-16 10:47:06,690 [1] INFO System.Windows.Forms.Form - File to Erase:N:\3D Figures\Star Wars\SW3D - Moss Eisley Cantina Band Sculpture\Pack\SW.stl
2026-06-16 10:47:06,807 [1] INFO System.Windows.Forms.Form - File to Erase:N:\3D Figures\Star Wars\SW3D - Moss Eisley Cantina Band Sculpture\Pack\SW.txt
2026-06-16 10:47:06,916 [1] INFO System.Windows.Forms.Form - File to Erase:N:\3D Figures\Star Wars\SW3D - Moss Eisley Cantina Band Sculpture\Pack\Vehicle 3D Model.url
2026-06-16 10:47:07,026 [1] INFO System.Windows.Forms.Form - File to Erase:N:\3D Figures\Star Wars\SW3D - Moss Eisley Cantina Band Sculpture\Pack\Vehicles3D.txt
2026-06-16 10:47:07,136 [1] INFO System.Windows.Forms.Form - File to Erase:N:\3D Figures\Star Wars\SW3D - Moss Eisley Cantina Band Sculpture\Pack\Warhammer - WarGame STL 3D Print.txt
2026-06-16 10:47:07,246 [1] INFO System.Windows.Forms.Form - File to Erase:N:\3D Figures\Star Wars\SW3D - Moss Eisley Cantina Band Sculpture\Pack\Warhammer - WarGame.url
2026-06-16 10:47:07,356 [1] INFO System.Windows.Forms.Form - File to Erase:N:\3D Figures\Star Wars\SW3D - Moss Eisley Cantina Band Sculpture\Pack\WH-WG.txt
2026-06-16 10:47:07,590 [1] INFO System.Windows.Forms.Form - File to Erase:N:\3D Figures\Star Wars\SW3D - Moss Eisley Cantina Band Sculpture\Pack\WH40k.stl
2026-06-16 10:47:07,717 [1] INFO System.Windows.Forms.Form - File to Erase:N:\3D Figures\Star Wars\SW3D - Moss Eisley Cantina Band Sculpture\Pack\STL Boost\Miniatures.stl
2026-06-16 10:47:07,840 [1] INFO System.Windows.Forms.Form - File to Erase:N:\3D Figures\Star Wars\SW3D - Moss Eisley Cantina Band Sculpture\Pack\STL Boost\pack.stl
2026-06-16 10:47:07,950 [1] INFO System.Windows.Forms.Form - File to Erase:N:\3D Figures\Star Wars\SW3D - Moss Eisley Cantina Band Sculpture\Pack\STL Boost\Pad.STL
2026-06-16 10:47:08,057 [1] INFO System.Windows.Forms.Form - File to Erase:N:\3D Figures\Star Wars\SW3D - Moss Eisley Cantina Band Sculpture\Pack\STL Boost\STL Boost.jpg
2026-06-16 10:47:08,164 [1] INFO System.Windows.Forms.Form - File to Erase:N:\3D Figures\Star Wars\SW3D - Moss Eisley Cantina Band Sculpture\Pack\STL Boost\STL Boost.txt
2026-06-16 10:47:08,373 [1] INFO System.Windows.Forms.Form - File to Erase:N:\3D Figures\Star Wars\SW3D - Moss Eisley Cantina Band Sculpture\Pack\STL Boost\STL Free.stl
2026-06-16 10:47:08,488 [1] INFO System.Windows.Forms.Form - File to Erase:N:\3D Figures\Star Wars\SW3D - Moss Eisley Cantina Band Sculpture\Pack\STL Boost\STL Me.url
2026-06-16 10:47:08,749 [1] INFO System.Windows.Forms.Form - File to Erase:N:\3D Figures\Star Wars\SW3D - Moss Eisley Cantina Band Sculpture\Pack\STL Boost\Telegram Channel Free Models.stl
2026-06-16 10:53:46,842 [1] INFO System.Windows.Forms.Form - OnDragEnter Form
2026-06-16 10:53:46,904 [1] INFO System.Windows.Forms.Form - OnDragEnter CRC
2026-06-16 10:53:48,732 [1] INFO System.Windows.Forms.Form - Folder to clean:N:\3D Figures\Star Wars\SW3D - Chirrut Imwe Light Bow\Pack
2026-06-16 10:53:48,874 [1] INFO System.Windows.Forms.Form - File to Erase:N:\3D Figures\Star Wars\SW3D - Chirrut Imwe Light Bow\Pack\+NSFW.txt
2026-06-16 10:53:48,985 [1] INFO System.Windows.Forms.Form - File to Erase:N:\3D Figures\Star Wars\SW3D - Chirrut Imwe Light Bow\Pack\+NSFW.url
2026-06-16 10:53:49,093 [1] INFO System.Windows.Forms.Form - File to Erase:N:\3D Figures\Star Wars\SW3D - Chirrut Imwe Light Bow\Pack\Miniatures.txt
2026-06-16 10:53:49,206 [1] INFO System.Windows.Forms.Form - File to Erase:N:\3D Figures\Star Wars\SW3D - Chirrut Imwe Light Bow\Pack\Print.STL
2026-06-16 10:53:49,314 [1] INFO System.Windows.Forms.Form - File to Erase:N:\3D Figures\Star Wars\SW3D - Chirrut Imwe Light Bow\Pack\Star Wars.txt
2026-06-16 10:53:49,424 [1] INFO System.Windows.Forms.Form - File to Erase:N:\3D Figures\Star Wars\SW3D - Chirrut Imwe Light Bow\Pack\Star Wars.url
2026-06-16 10:53:49,535 [1] INFO System.Windows.Forms.Form - File to Erase:N:\3D Figures\Star Wars\SW3D - Chirrut Imwe Light Bow\Pack\STL 3D Print.url
2026-06-16 10:53:49,642 [1] INFO System.Windows.Forms.Form - File to Erase:N:\3D Figures\Star Wars\SW3D - Chirrut Imwe Light Bow\Pack\STL Anime.txt
2026-06-16 10:53:49,752 [1] INFO System.Windows.Forms.Form - File to Erase:N:\3D Figures\Star Wars\SW3D - Chirrut Imwe Light Bow\Pack\STL Comics.txt
2026-06-16 10:53:49,918 [1] INFO System.Windows.Forms.Form - File to Erase:N:\3D Figures\Star Wars\SW3D - Chirrut Imwe Light Bow\Pack\STL Free.stl
2026-06-16 10:53:50,031 [1] INFO System.Windows.Forms.Form - File to Erase:N:\3D Figures\Star Wars\SW3D - Chirrut Imwe Light Bow\Pack\STL Game.txt
2026-06-16 10:53:50,140 [1] INFO System.Windows.Forms.Form - File to Erase:N:\3D Figures\Star Wars\SW3D - Chirrut Imwe Light Bow\Pack\STL Me.url
2026-06-16 10:53:50,346 [1] INFO System.Windows.Forms.Form - File to Erase:N:\3D Figures\Star Wars\SW3D - Chirrut Imwe Light Bow\Pack\SW.stl
2026-06-16 10:53:50,469 [1] INFO System.Windows.Forms.Form - File to Erase:N:\3D Figures\Star Wars\SW3D - Chirrut Imwe Light Bow\Pack\SW.txt
2026-06-16 10:53:50,590 [1] INFO System.Windows.Forms.Form - File to Erase:N:\3D Figures\Star Wars\SW3D - Chirrut Imwe Light Bow\Pack\Vehicle 3D Model.url
2026-06-16 10:53:50,713 [1] INFO System.Windows.Forms.Form - File to Erase:N:\3D Figures\Star Wars\SW3D - Chirrut Imwe Light Bow\Pack\Vehicles3D.txt
2026-06-16 10:53:50,821 [1] INFO System.Windows.Forms.Form - File to Erase:N:\3D Figures\Star Wars\SW3D - Chirrut Imwe Light Bow\Pack\Warhammer - WarGame STL 3D Print.txt
2026-06-16 10:53:50,931 [1] INFO System.Windows.Forms.Form - File to Erase:N:\3D Figures\Star Wars\SW3D - Chirrut Imwe Light Bow\Pack\Warhammer - WarGame.url
2026-06-16 10:53:51,039 [1] INFO System.Windows.Forms.Form - File to Erase:N:\3D Figures\Star Wars\SW3D - Chirrut Imwe Light Bow\Pack\WH-WG.txt
2026-06-16 10:53:51,263 [1] INFO System.Windows.Forms.Form - File to Erase:N:\3D Figures\Star Wars\SW3D - Chirrut Imwe Light Bow\Pack\WH40k.stl
2026-06-16 10:53:51,384 [1] INFO System.Windows.Forms.Form - File to Erase:N:\3D Figures\Star Wars\SW3D - Chirrut Imwe Light Bow\Pack\STL Boost\Miniatures.stl
2026-06-16 10:53:51,494 [1] INFO System.Windows.Forms.Form - File to Erase:N:\3D Figures\Star Wars\SW3D - Chirrut Imwe Light Bow\Pack\STL Boost\pack.stl
2026-06-16 10:53:51,604 [1] INFO System.Windows.Forms.Form - File to Erase:N:\3D Figures\Star Wars\SW3D - Chirrut Imwe Light Bow\Pack\STL Boost\Pad.STL
2026-06-16 10:53:51,711 [1] INFO System.Windows.Forms.Form - File to Erase:N:\3D Figures\Star Wars\SW3D - Chirrut Imwe Light Bow\Pack\STL Boost\STL Boost.jpg
2026-06-16 10:53:51,821 [1] INFO System.Windows.Forms.Form - File to Erase:N:\3D Figures\Star Wars\SW3D - Chirrut Imwe Light Bow\Pack\STL Boost\STL Boost.txt
2026-06-16 10:53:51,986 [1] INFO System.Windows.Forms.Form - File to Erase:N:\3D Figures\Star Wars\SW3D - Chirrut Imwe Light Bow\Pack\STL Boost\STL Free.stl
2026-06-16 10:53:52,103 [1] INFO System.Windows.Forms.Form - File to Erase:N:\3D Figures\Star Wars\SW3D - Chirrut Imwe Light Bow\Pack\STL Boost\STL Me.url
2026-06-16 10:53:52,326 [1] INFO System.Windows.Forms.Form - File to Erase:N:\3D Figures\Star Wars\SW3D - Chirrut Imwe Light Bow\Pack\STL Boost\Telegram Channel Free Models.stl
2026-06-16 11:05:51,907 [1] INFO System.Windows.Forms.Form - OnDragEnter CRC
2026-06-16 11:05:53,502 [1] INFO System.Windows.Forms.Form - Folder to clean:N:\3D Figures\Movies - TV\Zenith Studios - Daffy-Duck\STL PACK
2026-06-16 11:05:53,652 [1] INFO System.Windows.Forms.Form - File to Erase:N:\3D Figures\Movies - TV\Zenith Studios - Daffy-Duck\STL PACK\+NSFW.txt
2026-06-16 11:05:54,151 [1] INFO System.Windows.Forms.Form - File to Erase:N:\3D Figures\Movies - TV\Zenith Studios - Daffy-Duck\STL PACK\+NSFW.url
2026-06-16 11:05:54,263 [1] INFO System.Windows.Forms.Form - File to Erase:N:\3D Figures\Movies - TV\Zenith Studios - Daffy-Duck\STL PACK\3D Print Models STL.url
2026-06-16 11:05:54,374 [1] INFO System.Windows.Forms.Form - File to Erase:N:\3D Figures\Movies - TV\Zenith Studios - Daffy-Duck\STL PACK\Base.stl
2026-06-16 11:05:54,486 [1] INFO System.Windows.Forms.Form - File to Erase:N:\3D Figures\Movies - TV\Zenith Studios - Daffy-Duck\STL PACK\Board.stl
2026-06-16 11:05:54,594 [1] INFO System.Windows.Forms.Form - File to Erase:N:\3D Figures\Movies - TV\Zenith Studios - Daffy-Duck\STL PACK\Miniatures STL.url
2026-06-16 11:05:54,708 [1] INFO System.Windows.Forms.Form - File to Erase:N:\3D Figures\Movies - TV\Zenith Studios - Daffy-Duck\STL PACK\Miniatures.STL
2026-06-16 11:05:54,817 [1] INFO System.Windows.Forms.Form - File to Erase:N:\3D Figures\Movies - TV\Zenith Studios - Daffy-Duck\STL PACK\Miniatures.txt
2026-06-16 11:05:54,930 [1] INFO System.Windows.Forms.Form - File to Erase:N:\3D Figures\Movies - TV\Zenith Studios - Daffy-Duck\STL PACK\Pad.STL
2026-06-16 11:05:55,042 [1] INFO System.Windows.Forms.Form - File to Erase:N:\3D Figures\Movies - TV\Zenith Studios - Daffy-Duck\STL PACK\Print.STL
2026-06-16 11:05:55,151 [1] INFO System.Windows.Forms.Form - File to Erase:N:\3D Figures\Movies - TV\Zenith Studios - Daffy-Duck\STL PACK\PrintMe.txt
2026-06-16 11:05:55,264 [1] INFO System.Windows.Forms.Form - File to Erase:N:\3D Figures\Movies - TV\Zenith Studios - Daffy-Duck\STL PACK\Star Wars.txt
2026-06-16 11:05:55,376 [1] INFO System.Windows.Forms.Form - File to Erase:N:\3D Figures\Movies - TV\Zenith Studios - Daffy-Duck\STL PACK\Star Wars.url
2026-06-16 11:05:55,486 [1] INFO System.Windows.Forms.Form - File to Erase:N:\3D Figures\Movies - TV\Zenith Studios - Daffy-Duck\STL PACK\STL 3D Print.txt
2026-06-16 11:05:55,597 [1] INFO System.Windows.Forms.Form - File to Erase:N:\3D Figures\Movies - TV\Zenith Studios - Daffy-Duck\STL PACK\STL 3D Print.url
2026-06-16 11:05:55,709 [1] INFO System.Windows.Forms.Form - File to Erase:N:\3D Figures\Movies - TV\Zenith Studios - Daffy-Duck\STL PACK\STL Anime.txt
2026-06-16 11:05:55,867 [1] INFO System.Windows.Forms.Form - File to Erase:N:\3D Figures\Movies - TV\Zenith Studios - Daffy-Duck\STL PACK\STL Comics.txt
2026-06-16 11:05:56,055 [1] INFO System.Windows.Forms.Form - File to Erase:N:\3D Figures\Movies - TV\Zenith Studios - Daffy-Duck\STL PACK\STL Free.stl
2026-06-16 11:05:56,167 [1] INFO System.Windows.Forms.Form - File to Erase:N:\3D Figures\Movies - TV\Zenith Studios - Daffy-Duck\STL PACK\STL Game.txt
2026-06-16 11:05:56,277 [1] INFO System.Windows.Forms.Form - File to Erase:N:\3D Figures\Movies - TV\Zenith Studios - Daffy-Duck\STL PACK\STL Me.url
2026-06-16 11:05:56,471 [1] INFO System.Windows.Forms.Form - File to Erase:N:\3D Figures\Movies - TV\Zenith Studios - Daffy-Duck\STL PACK\SW.stl
2026-06-16 11:05:56,597 [1] INFO System.Windows.Forms.Form - File to Erase:N:\3D Figures\Movies - TV\Zenith Studios - Daffy-Duck\STL PACK\SW.txt
2026-06-16 11:05:56,708 [1] INFO System.Windows.Forms.Form - File to Erase:N:\3D Figures\Movies - TV\Zenith Studios - Daffy-Duck\STL PACK\Torso.STL
2026-06-16 11:05:56,819 [1] INFO System.Windows.Forms.Form - File to Erase:N:\3D Figures\Movies - TV\Zenith Studios - Daffy-Duck\STL PACK\Vehicle 3D Model.url
2026-06-16 11:05:56,930 [1] INFO System.Windows.Forms.Form - File to Erase:N:\3D Figures\Movies - TV\Zenith Studios - Daffy-Duck\STL PACK\Vehicles3D.txt
2026-06-16 11:05:57,040 [1] INFO System.Windows.Forms.Form - File to Erase:N:\3D Figures\Movies - TV\Zenith Studios - Daffy-Duck\STL PACK\Warhammer - WarGame STL 3D Print.txt
2026-06-16 11:05:57,150 [1] INFO System.Windows.Forms.Form - File to Erase:N:\3D Figures\Movies - TV\Zenith Studios - Daffy-Duck\STL PACK\Warhammer - WarGame.url
2026-06-16 11:05:57,262 [1] INFO System.Windows.Forms.Form - File to Erase:N:\3D Figures\Movies - TV\Zenith Studios - Daffy-Duck\STL PACK\WH-WG.txt
2026-06-16 11:05:57,485 [1] INFO System.Windows.Forms.Form - File to Erase:N:\3D Figures\Movies - TV\Zenith Studios - Daffy-Duck\STL PACK\WH40k.stl
2026-06-16 11:05:57,608 [1] INFO System.Windows.Forms.Form - File to Erase:N:\3D Figures\Movies - TV\Zenith Studios - Daffy-Duck\STL PACK\STL Boost\+NSFW.txt
2026-06-16 11:05:57,723 [1] INFO System.Windows.Forms.Form - File to Erase:N:\3D Figures\Movies - TV\Zenith Studios - Daffy-Duck\STL PACK\STL Boost\+NSFW.url
2026-06-16 11:05:57,834 [1] INFO System.Windows.Forms.Form - File to Erase:N:\3D Figures\Movies - TV\Zenith Studios - Daffy-Duck\STL PACK\STL Boost\Miniatures.stl
2026-06-16 11:05:57,945 [1] INFO System.Windows.Forms.Form - File to Erase:N:\3D Figures\Movies - TV\Zenith Studios - Daffy-Duck\STL PACK\STL Boost\pack.stl
2026-06-16 11:05:58,059 [1] INFO System.Windows.Forms.Form - File to Erase:N:\3D Figures\Movies - TV\Zenith Studios - Daffy-Duck\STL PACK\STL Boost\Pad.STL
2026-06-16 11:05:58,169 [1] INFO System.Windows.Forms.Form - File to Erase:N:\3D Figures\Movies - TV\Zenith Studios - Daffy-Duck\STL PACK\STL Boost\STL Anime.txt
2026-06-16 11:05:58,280 [1] INFO System.Windows.Forms.Form - File to Erase:N:\3D Figures\Movies - TV\Zenith Studios - Daffy-Duck\STL PACK\STL Boost\STL Boost.jpg
2026-06-16 11:05:58,392 [1] INFO System.Windows.Forms.Form - File to Erase:N:\3D Figures\Movies - TV\Zenith Studios - Daffy-Duck\STL PACK\STL Boost\STL Boost.txt
2026-06-16 11:05:58,502 [1] INFO System.Windows.Forms.Form - File to Erase:N:\3D Figures\Movies - TV\Zenith Studios - Daffy-Duck\STL PACK\STL Boost\STL Comics.txt
2026-06-16 11:05:58,660 [1] INFO System.Windows.Forms.Form - File to Erase:N:\3D Figures\Movies - TV\Zenith Studios - Daffy-Duck\STL PACK\STL Boost\STL Free.stl
2026-06-16 11:05:58,788 [1] INFO System.Windows.Forms.Form - File to Erase:N:\3D Figures\Movies - TV\Zenith Studios - Daffy-Duck\STL PACK\STL Boost\STL Game.txt
2026-06-16 11:05:58,900 [1] INFO System.Windows.Forms.Form - File to Erase:N:\3D Figures\Movies - TV\Zenith Studios - Daffy-Duck\STL PACK\STL Boost\STL Me.url
2026-06-16 11:05:59,011 [1] INFO System.Windows.Forms.Form - File to Erase:N:\3D Figures\Movies - TV\Zenith Studios - Daffy-Duck\STL PACK\STL Boost\SW(1).txt
2026-06-16 11:05:59,121 [1] INFO System.Windows.Forms.Form - File to Erase:N:\3D Figures\Movies - TV\Zenith Studios - Daffy-Duck\STL PACK\STL Boost\SW.txt
2026-06-16 11:05:59,368 [1] INFO System.Windows.Forms.Form - File to Erase:N:\3D Figures\Movies - TV\Zenith Studios - Daffy-Duck\STL PACK\STL Boost\Telegram Channel Free Models.stl
2026-06-16 11:05:59,496 [1] INFO System.Windows.Forms.Form - File to Erase:N:\3D Figures\Movies - TV\Zenith Studios - Daffy-Duck\STL PACK\STL Boost\WH-WG.txt
2026-06-16 11:09:28,634 [1] INFO System.Windows.Forms.Form - OnDragEnter Panel2
2026-06-16 11:09:28,727 [1] INFO System.Windows.Forms.Form - OnDragEnter Form
2026-06-16 11:09:28,746 [1] INFO System.Windows.Forms.Form - OnDragEnter Panel1
2026-06-16 11:09:28,846 [1] INFO System.Windows.Forms.Form - OnDragEnter Form
2026-06-16 11:09:29,120 [1] INFO System.Windows.Forms.Form - OnDragEnter Panel1
2026-06-16 11:09:30,826 [1] INFO System.Windows.Forms.Form - Clean Filename:N:\3D Figures\Movies - TV\Zenith Studios - Daffy-Duck\Daffy-Duck_LYS_Pre-Support
2026-06-16 11:09:30,847 [1] INFO System.Windows.Forms.Form - Clean Filename:N:\3D Figures\Movies - TV\Zenith Studios - Daffy-Duck\Daffy-Duck_STL_Original
2026-06-16 11:09:30,859 [1] INFO System.Windows.Forms.Form - Clean Filename:N:\3D Figures\Movies - TV\Zenith Studios - Daffy-Duck\Daffy-Duck_STL_Pre-Support
2026-06-16 11:09:30,882 [1] INFO System.Windows.Forms.Form - Clean Filename:N:\3D Figures\Movies - TV\Zenith Studios - Daffy-Duck\Daffy-Duck_STL_Repaired
2026-06-16 11:09:30,901 [1] INFO System.Windows.Forms.Form - Clean Filename:N:\3D Figures\Movies - TV\Zenith Studios - Daffy-Duck\Poster_and_Wallpapers_The_Wizard_Zenith_Studios
2026-06-16 11:09:30,919 [1] INFO System.Windows.Forms.Form - Clean Filename:N:\3D Figures\Movies - TV\Zenith Studios - Daffy-Duck\Render_Images_The_Wizard_Zenith_Studios
2026-06-16 11:58:52,865 [1] INFO System.Windows.Forms.Form - OnDragEnter Form
2026-06-16 11:58:52,937 [1] INFO System.Windows.Forms.Form - OnDragEnter CRC
2026-06-16 11:58:54,585 [1] INFO System.Windows.Forms.Form - Folder to clean:N:\3D Figures\Games\Soarez 3d - Chun-Li The Beach\STL PACK
2026-06-16 11:58:54,724 [1] INFO System.Windows.Forms.Form - File to Erase:N:\3D Figures\Games\Soarez 3d - Chun-Li The Beach\STL PACK\+NSFW.txt
2026-06-16 11:58:54,834 [1] INFO System.Windows.Forms.Form - File to Erase:N:\3D Figures\Games\Soarez 3d - Chun-Li The Beach\STL PACK\+NSFW.url
2026-06-16 11:58:54,944 [1] INFO System.Windows.Forms.Form - File to Erase:N:\3D Figures\Games\Soarez 3d - Chun-Li The Beach\STL PACK\3D Print Models STL.url
2026-06-16 11:58:55,056 [1] INFO System.Windows.Forms.Form - File to Erase:N:\3D Figures\Games\Soarez 3d - Chun-Li The Beach\STL PACK\Base.stl
2026-06-16 11:58:55,166 [1] INFO System.Windows.Forms.Form - File to Erase:N:\3D Figures\Games\Soarez 3d - Chun-Li The Beach\STL PACK\Board.stl
2026-06-16 11:58:55,274 [1] INFO System.Windows.Forms.Form - File to Erase:N:\3D Figures\Games\Soarez 3d - Chun-Li The Beach\STL PACK\Miniatures STL.url
2026-06-16 11:58:55,384 [1] INFO System.Windows.Forms.Form - File to Erase:N:\3D Figures\Games\Soarez 3d - Chun-Li The Beach\STL PACK\Miniatures.STL
2026-06-16 11:58:55,491 [1] INFO System.Windows.Forms.Form - File to Erase:N:\3D Figures\Games\Soarez 3d - Chun-Li The Beach\STL PACK\Miniatures.txt
2026-06-16 11:58:55,602 [1] INFO System.Windows.Forms.Form - File to Erase:N:\3D Figures\Games\Soarez 3d - Chun-Li The Beach\STL PACK\Pad.STL
2026-06-16 11:58:55,711 [1] INFO System.Windows.Forms.Form - File to Erase:N:\3D Figures\Games\Soarez 3d - Chun-Li The Beach\STL PACK\Print.STL
2026-06-16 11:58:55,819 [1] INFO System.Windows.Forms.Form - File to Erase:N:\3D Figures\Games\Soarez 3d - Chun-Li The Beach\STL PACK\PrintMe.txt
2026-06-16 11:58:55,929 [1] INFO System.Windows.Forms.Form - File to Erase:N:\3D Figures\Games\Soarez 3d - Chun-Li The Beach\STL PACK\Star Wars.txt
2026-06-16 11:58:56,037 [1] INFO System.Windows.Forms.Form - File to Erase:N:\3D Figures\Games\Soarez 3d - Chun-Li The Beach\STL PACK\Star Wars.url
2026-06-16 11:58:56,148 [1] INFO System.Windows.Forms.Form - File to Erase:N:\3D Figures\Games\Soarez 3d - Chun-Li The Beach\STL PACK\STL 3D Print.txt
2026-06-16 11:58:56,259 [1] INFO System.Windows.Forms.Form - File to Erase:N:\3D Figures\Games\Soarez 3d - Chun-Li The Beach\STL PACK\STL 3D Print.url
2026-06-16 11:58:56,368 [1] INFO System.Windows.Forms.Form - File to Erase:N:\3D Figures\Games\Soarez 3d - Chun-Li The Beach\STL PACK\STL Anime.txt
2026-06-16 11:58:56,477 [1] INFO System.Windows.Forms.Form - File to Erase:N:\3D Figures\Games\Soarez 3d - Chun-Li The Beach\STL PACK\STL Comics.txt
2026-06-16 11:58:56,643 [1] INFO System.Windows.Forms.Form - File to Erase:N:\3D Figures\Games\Soarez 3d - Chun-Li The Beach\STL PACK\STL Free.stl
2026-06-16 11:58:56,757 [1] INFO System.Windows.Forms.Form - File to Erase:N:\3D Figures\Games\Soarez 3d - Chun-Li The Beach\STL PACK\STL Game.txt
2026-06-16 11:58:56,868 [1] INFO System.Windows.Forms.Form - File to Erase:N:\3D Figures\Games\Soarez 3d - Chun-Li The Beach\STL PACK\STL Me.url
2026-06-16 11:58:57,059 [1] INFO System.Windows.Forms.Form - File to Erase:N:\3D Figures\Games\Soarez 3d - Chun-Li The Beach\STL PACK\SW.stl
2026-06-16 11:58:57,183 [1] INFO System.Windows.Forms.Form - File to Erase:N:\3D Figures\Games\Soarez 3d - Chun-Li The Beach\STL PACK\SW.txt
2026-06-16 11:58:57,294 [1] INFO System.Windows.Forms.Form - File to Erase:N:\3D Figures\Games\Soarez 3d - Chun-Li The Beach\STL PACK\Torso.STL
2026-06-16 11:58:57,404 [1] INFO System.Windows.Forms.Form - File to Erase:N:\3D Figures\Games\Soarez 3d - Chun-Li The Beach\STL PACK\Vehicle 3D Model.url
2026-06-16 11:58:57,515 [1] INFO System.Windows.Forms.Form - File to Erase:N:\3D Figures\Games\Soarez 3d - Chun-Li The Beach\STL PACK\Vehicles3D.txt
2026-06-16 11:58:57,625 [1] INFO System.Windows.Forms.Form - File to Erase:N:\3D Figures\Games\Soarez 3d - Chun-Li The Beach\STL PACK\Warhammer - WarGame STL 3D Print.txt
2026-06-16 11:58:57,734 [1] INFO System.Windows.Forms.Form - File to Erase:N:\3D Figures\Games\Soarez 3d - Chun-Li The Beach\STL PACK\Warhammer - WarGame.url
2026-06-16 11:58:57,847 [1] INFO System.Windows.Forms.Form - File to Erase:N:\3D Figures\Games\Soarez 3d - Chun-Li The Beach\STL PACK\WH-WG.txt
2026-06-16 11:58:58,065 [1] INFO System.Windows.Forms.Form - File to Erase:N:\3D Figures\Games\Soarez 3d - Chun-Li The Beach\STL PACK\WH40k.stl
2026-06-16 11:58:58,177 [1] INFO System.Windows.Forms.Form - File to Erase:N:\3D Figures\Games\Soarez 3d - Chun-Li The Beach\STL PACK\STL Boost\+NSFW.txt
2026-06-16 11:58:58,287 [1] INFO System.Windows.Forms.Form - File to Erase:N:\3D Figures\Games\Soarez 3d - Chun-Li The Beach\STL PACK\STL Boost\+NSFW.url
2026-06-16 11:58:58,401 [1] INFO System.Windows.Forms.Form - File to Erase:N:\3D Figures\Games\Soarez 3d - Chun-Li The Beach\STL PACK\STL Boost\Miniatures.stl
2026-06-16 11:58:58,512 [1] INFO System.Windows.Forms.Form - File to Erase:N:\3D Figures\Games\Soarez 3d - Chun-Li The Beach\STL PACK\STL Boost\pack.stl
2026-06-16 11:58:58,622 [1] INFO System.Windows.Forms.Form - File to Erase:N:\3D Figures\Games\Soarez 3d - Chun-Li The Beach\STL PACK\STL Boost\Pad.STL
2026-06-16 11:58:58,745 [1] INFO System.Windows.Forms.Form - File to Erase:N:\3D Figures\Games\Soarez 3d - Chun-Li The Beach\STL PACK\STL Boost\STL Anime.txt
2026-06-16 11:58:58,857 [1] INFO System.Windows.Forms.Form - File to Erase:N:\3D Figures\Games\Soarez 3d - Chun-Li The Beach\STL PACK\STL Boost\STL Boost.jpg
2026-06-16 11:58:58,966 [1] INFO System.Windows.Forms.Form - File to Erase:N:\3D Figures\Games\Soarez 3d - Chun-Li The Beach\STL PACK\STL Boost\STL Boost.txt
2026-06-16 11:58:59,077 [1] INFO System.Windows.Forms.Form - File to Erase:N:\3D Figures\Games\Soarez 3d - Chun-Li The Beach\STL PACK\STL Boost\STL Comics.txt
2026-06-16 11:58:59,248 [1] INFO System.Windows.Forms.Form - File to Erase:N:\3D Figures\Games\Soarez 3d - Chun-Li The Beach\STL PACK\STL Boost\STL Free.stl
2026-06-16 11:58:59,360 [1] INFO System.Windows.Forms.Form - File to Erase:N:\3D Figures\Games\Soarez 3d - Chun-Li The Beach\STL PACK\STL Boost\STL Game.txt
2026-06-16 11:58:59,470 [1] INFO System.Windows.Forms.Form - File to Erase:N:\3D Figures\Games\Soarez 3d - Chun-Li The Beach\STL PACK\STL Boost\STL Me.url
2026-06-16 11:58:59,579 [1] INFO System.Windows.Forms.Form - File to Erase:N:\3D Figures\Games\Soarez 3d - Chun-Li The Beach\STL PACK\STL Boost\SW(1).txt
2026-06-16 11:58:59,690 [1] INFO System.Windows.Forms.Form - File to Erase:N:\3D Figures\Games\Soarez 3d - Chun-Li The Beach\STL PACK\STL Boost\SW.txt
2026-06-16 11:58:59,915 [1] INFO System.Windows.Forms.Form - File to Erase:N:\3D Figures\Games\Soarez 3d - Chun-Li The Beach\STL PACK\STL Boost\Telegram Channel Free Models.stl
2026-06-16 11:59:00,037 [1] INFO System.Windows.Forms.Form - File to Erase:N:\3D Figures\Games\Soarez 3d - Chun-Li The Beach\STL PACK\STL Boost\WH-WG.txt
2026-06-16 12:10:42,668 [1] INFO System.Windows.Forms.Form - OnDragEnter CRC
2026-06-16 12:10:44,012 [1] INFO System.Windows.Forms.Form - Folder to clean:N:\3D Figures\Anime\Artoria Pendragon – 3D Print Model STL
2026-06-16 12:10:44,149 [1] INFO System.Windows.Forms.Form - File to Erase:N:\3D Figures\Anime\Artoria Pendragon – 3D Print Model STL\3D Models.txt
2026-06-16 12:10:44,420 [1] INFO System.Windows.Forms.Form - File to Erase:N:\3D Figures\Anime\Artoria Pendragon – 3D Print Model STL\DesireFX.me.stl
2026-06-16 12:10:44,874 [1] INFO System.Windows.Forms.Form - File to Erase:N:\3D Figures\Anime\Artoria Pendragon – 3D Print Model STL\Pad.STL
2026-06-16 12:10:45,366 [1] INFO System.Windows.Forms.Form - File to Erase:N:\3D Figures\Anime\Artoria Pendragon – 3D Print Model STL\STL Free.stl
2026-06-16 12:10:45,604 [1] INFO System.Windows.Forms.Form - File to Erase:N:\3D Figures\Anime\Artoria Pendragon – 3D Print Model STL\Telegram Channel Free Models.stl
2026-06-16 12:10:45,722 [1] INFO System.Windows.Forms.Form - File to Erase:N:\3D Figures\Anime\Artoria Pendragon – 3D Print Model STL\Telegram- Contact CG Model.url
2026-06-16 12:29:35,959 [1] INFO System.Windows.Forms.Form - OnDragEnter CRC
2026-06-16 12:29:37,548 [1] INFO System.Windows.Forms.Form - Folder to clean:N:\3D Figures\Misc\Cute Angel Girl\Angel_girl_100mm_separated
2026-06-16 12:42:14,398 [1] INFO System.Windows.Forms.Form - OnDragEnter Form
2026-06-16 12:42:14,481 [1] INFO System.Windows.Forms.Form - OnDragEnter CRC
2026-06-16 12:42:16,267 [1] INFO System.Windows.Forms.Form - Folder to clean:N:\3D Figures\Misc\Cute Angel Girl\Angel_girl_100mm_separated
2026-06-16 12:42:17,099 [1] DEBUG System.Windows.Forms.Form - File:N:\3D Figures\Misc\Cute Angel Girl\Angel_girl_100mm_separated\1.stl
2026-06-16 12:42:17,099 [1] DEBUG System.Windows.Forms.Form - http://api_kbtools/addHexa.php?hexa='74C1CA5A
2026-06-16 12:42:17,396 [1] DEBUG System.Windows.Forms.Form - File:N:\3D Figures\Misc\Cute Angel Girl\Angel_girl_100mm_separated\2.stl
2026-06-16 12:42:17,397 [1] DEBUG System.Windows.Forms.Form - http://api_kbtools/addHexa.php?hexa='63B9127
2026-06-16 12:42:18,079 [1] DEBUG System.Windows.Forms.Form - File:N:\3D Figures\Misc\Cute Angel Girl\Angel_girl_100mm_separated\3.stl
2026-06-16 12:42:18,079 [1] DEBUG System.Windows.Forms.Form - http://api_kbtools/addHexa.php?hexa='6DAA5435
2026-06-16 12:42:18,771 [1] DEBUG System.Windows.Forms.Form - File:N:\3D Figures\Misc\Cute Angel Girl\Angel_girl_100mm_separated\4.stl
2026-06-16 12:42:18,771 [1] DEBUG System.Windows.Forms.Form - http://api_kbtools/addHexa.php?hexa='8EACA5ED
2026-06-16 12:42:19,442 [1] DEBUG System.Windows.Forms.Form - File:N:\3D Figures\Misc\Cute Angel Girl\Angel_girl_100mm_separated\5.stl
2026-06-16 12:42:19,442 [1] DEBUG System.Windows.Forms.Form - http://api_kbtools/addHexa.php?hexa='6808A078
2026-06-16 12:42:19,597 [1] DEBUG System.Windows.Forms.Form - File:N:\3D Figures\Misc\Cute Angel Girl\Angel_girl_100mm_separated\6.stl
2026-06-16 12:42:19,599 [1] DEBUG System.Windows.Forms.Form - http://api_kbtools/addHexa.php?hexa='73148777
2026-06-16 12:43:09,634 [1] INFO System.Windows.Forms.Form - OnDragEnter CRC
2026-06-16 12:43:10,891 [1] INFO System.Windows.Forms.Form - Folder to clean:N:\3D Figures\Misc\Cute Angel Girl
2026-06-16 12:43:18,345 [1] DEBUG System.Windows.Forms.Form - File:N:\3D Figures\Misc\Cute Angel Girl\Cute Angel Girl.mp4
2026-06-16 12:43:18,345 [1] DEBUG System.Windows.Forms.Form - http://api_kbtools/addHexa.php?hexa='51884C38
2026-06-16 12:43:20,607 [1] DEBUG System.Windows.Forms.Form - File:N:\3D Figures\Misc\Cute Angel Girl\Full_100mm.stl
2026-06-16 12:43:20,608 [1] DEBUG System.Windows.Forms.Form - http://api_kbtools/addHexa.php?hexa='3615B219
2026-06-16 12:43:20,718 [1] DEBUG System.Windows.Forms.Form - File:N:\3D Figures\Misc\Cute Angel Girl\modul.stl
2026-06-16 12:43:20,718 [1] DEBUG System.Windows.Forms.Form - http://api_kbtools/addHexa.php?hexa='7086E21
2026-06-16 12:43:20,877 [1] DEBUG System.Windows.Forms.Form - File:N:\3D Figures\Misc\Cute Angel Girl\Untitled_001.png
2026-06-16 12:43:20,877 [1] DEBUG System.Windows.Forms.Form - http://api_kbtools/addHexa.php?hexa='2F912FE9
2026-06-16 12:43:21,019 [1] DEBUG System.Windows.Forms.Form - File:N:\3D Figures\Misc\Cute Angel Girl\Untitled_002.png
2026-06-16 12:43:21,019 [1] DEBUG System.Windows.Forms.Form - http://api_kbtools/addHexa.php?hexa='670CF013
2026-06-16 12:43:21,433 [1] DEBUG System.Windows.Forms.Form - File:N:\3D Figures\Misc\Cute Angel Girl\Angel_girl_100mm_separated\1.stl
2026-06-16 12:43:21,433 [1] DEBUG System.Windows.Forms.Form - http://api_kbtools/addHexa.php?hexa='74C1CA5A
2026-06-16 12:43:21,678 [1] DEBUG System.Windows.Forms.Form - File:N:\3D Figures\Misc\Cute Angel Girl\Angel_girl_100mm_separated\2.stl
2026-06-16 12:43:21,678 [1] DEBUG System.Windows.Forms.Form - http://api_kbtools/addHexa.php?hexa='63B9127
2026-06-16 12:43:22,341 [1] DEBUG System.Windows.Forms.Form - File:N:\3D Figures\Misc\Cute Angel Girl\Angel_girl_100mm_separated\3.stl
2026-06-16 12:43:22,341 [1] DEBUG System.Windows.Forms.Form - http://api_kbtools/addHexa.php?hexa='6DAA5435
2026-06-16 12:43:22,991 [1] DEBUG System.Windows.Forms.Form - File:N:\3D Figures\Misc\Cute Angel Girl\Angel_girl_100mm_separated\4.stl
2026-06-16 12:43:22,992 [1] DEBUG System.Windows.Forms.Form - http://api_kbtools/addHexa.php?hexa='8EACA5ED
2026-06-16 12:43:23,550 [1] DEBUG System.Windows.Forms.Form - File:N:\3D Figures\Misc\Cute Angel Girl\Angel_girl_100mm_separated\5.stl
2026-06-16 12:43:23,551 [1] DEBUG System.Windows.Forms.Form - http://api_kbtools/addHexa.php?hexa='6808A078
2026-06-16 12:43:23,661 [1] DEBUG System.Windows.Forms.Form - File:N:\3D Figures\Misc\Cute Angel Girl\Angel_girl_100mm_separated\6.stl
2026-06-16 12:43:23,662 [1] DEBUG System.Windows.Forms.Form - http://api_kbtools/addHexa.php?hexa='73148777
2026-06-16 12:43:23,662 [1] INFO System.Windows.Forms.Form - File to Erase:N:\3D Figures\Misc\Cute Angel Girl\Angel_girl_100mm_separated\6.stl
2026-06-16 17:27:04,753 [1] INFO System.Windows.Forms.Form - OnDragEnter Form
2026-06-16 17:27:04,861 [1] INFO System.Windows.Forms.Form - OnDragEnter Panel2
2026-06-16 17:27:05,489 [1] INFO System.Windows.Forms.Form - OnDragEnter Form
2026-06-16 17:27:05,587 [1] INFO System.Windows.Forms.Form - OnDragEnter Panel1
2026-06-16 17:27:06,698 [1] INFO System.Windows.Forms.Form - OnDragEnter Form
2026-06-16 17:27:06,720 [1] INFO System.Windows.Forms.Form - OnDragEnter Panel2
2026-06-16 17:27:06,801 [1] INFO System.Windows.Forms.Form - OnDragEnter Form
2026-06-16 17:27:06,835 [1] INFO System.Windows.Forms.Form - OnDragEnter Panel3
2026-06-16 17:27:06,936 [1] INFO System.Windows.Forms.Form - OnDragEnter Form
2026-06-16 17:27:06,962 [1] INFO System.Windows.Forms.Form - OnDragEnter Panel4
2026-06-16 17:27:07,114 [1] INFO System.Windows.Forms.Form - OnDragEnter Form
2026-06-16 17:27:07,170 [1] INFO System.Windows.Forms.Form - OnDragEnter CRC
2026-06-16 17:27:08,866 [1] INFO System.Windows.Forms.Form - Folder to clean:N:\3D Figures\Misc\Francis Quez – Dejah Thoris – 3D Print Model STL
2026-06-16 17:27:10,490 [1] INFO System.Windows.Forms.Form - File to Erase:N:\3D Figures\Misc\Francis Quez – Dejah Thoris – 3D Print Model STL\3D Models.txt
2026-06-16 17:27:10,661 [1] INFO System.Windows.Forms.Form - File to Erase:N:\3D Figures\Misc\Francis Quez – Dejah Thoris – 3D Print Model STL\DesireFX.me.stl
2026-06-16 17:27:10,773 [1] INFO System.Windows.Forms.Form - File to Erase:N:\3D Figures\Misc\Francis Quez – Dejah Thoris – 3D Print Model STL\Pad.STL
2026-06-16 17:27:10,968 [1] INFO System.Windows.Forms.Form - File to Erase:N:\3D Figures\Misc\Francis Quez – Dejah Thoris – 3D Print Model STL\STL Free.stl
2026-06-16 17:27:11,281 [1] INFO System.Windows.Forms.Form - File to Erase:N:\3D Figures\Misc\Francis Quez – Dejah Thoris – 3D Print Model STL\Telegram Channel Free Models.stl
2026-06-16 17:27:11,404 [1] INFO System.Windows.Forms.Form - File to Erase:N:\3D Figures\Misc\Francis Quez – Dejah Thoris – 3D Print Model STL\Telegram- Contact CG Model.url
2026-06-16 17:32:03,791 [1] INFO System.Windows.Forms.Form - OnDragEnter Form
2026-06-16 17:32:03,894 [1] INFO System.Windows.Forms.Form - OnDragEnter CRC
2026-06-16 17:32:05,513 [1] INFO System.Windows.Forms.Form - Folder to clean:N:\3D Figures\Misc\Kuton Figurines - Dejah Thoris\Dejah Thoris Unsupported
2026-06-16 17:32:05,872 [1] INFO System.Windows.Forms.Form - File to Erase:N:\3D Figures\Misc\Kuton Figurines - Dejah Thoris\Dejah Thoris Unsupported\base.STL
2026-06-16 17:32:07,514 [1] INFO System.Windows.Forms.Form - File to Erase:N:\3D Figures\Misc\Kuton Figurines - Dejah Thoris\Dejah Thoris Unsupported\date.stl
2026-06-16 17:32:07,635 [1] INFO System.Windows.Forms.Form - File to Erase:N:\3D Figures\Misc\Kuton Figurines - Dejah Thoris\Dejah Thoris Unsupported\GameDev - Unreal Engine, Unity.txt
2026-06-16 17:32:07,884 [1] INFO System.Windows.Forms.Form - File to Erase:N:\3D Figures\Misc\Kuton Figurines - Dejah Thoris\Dejah Thoris Unsupported\PrintMe.txt
2026-06-16 17:32:08,148 [1] INFO System.Windows.Forms.Form - File to Erase:N:\3D Figures\Misc\Kuton Figurines - Dejah Thoris\Dejah Thoris Unsupported\STL Models.url
2026-06-16 17:32:33,960 [1] INFO System.Windows.Forms.Form - OnDragEnter Form
2026-06-16 17:32:34,064 [1] INFO System.Windows.Forms.Form - OnDragEnter CRC
2026-06-16 17:32:35,893 [1] INFO System.Windows.Forms.Form - Folder to clean:N:\3D Figures\Misc\Kuton Figurines - Dejah Thoris\Dejah Thoris_Lychee_Lyt
2026-06-16 17:32:36,654 [1] INFO System.Windows.Forms.Form - File to Erase:N:\3D Figures\Misc\Kuton Figurines - Dejah Thoris\Dejah Thoris_Lychee_Lyt\GameDev - Unreal Engine, Unity.txt
2026-06-16 17:32:36,778 [1] INFO System.Windows.Forms.Form - File to Erase:N:\3D Figures\Misc\Kuton Figurines - Dejah Thoris\Dejah Thoris_Lychee_Lyt\PrintMe.txt
2026-06-16 17:32:36,890 [1] INFO System.Windows.Forms.Form - File to Erase:N:\3D Figures\Misc\Kuton Figurines - Dejah Thoris\Dejah Thoris_Lychee_Lyt\Rio.stl
2026-06-16 17:32:36,997 [1] INFO System.Windows.Forms.Form - File to Erase:N:\3D Figures\Misc\Kuton Figurines - Dejah Thoris\Dejah Thoris_Lychee_Lyt\STL Models.url
2026-06-16 17:32:37,109 [1] INFO System.Windows.Forms.Form - File to Erase:N:\3D Figures\Misc\Kuton Figurines - Dejah Thoris\Dejah Thoris_Lychee_Lyt\tme_stl.STL
2026-06-17 09:48:23,074 [1] INFO System.Windows.Forms.Form - OnDragEnter Form
2026-06-17 09:48:23,465 [1] INFO System.Windows.Forms.Form - OnDragEnter Panel2
2026-06-17 09:48:23,512 [1] INFO System.Windows.Forms.Form - OnDragEnter Form
2026-06-17 09:48:23,555 [1] INFO System.Windows.Forms.Form - OnDragEnter Panel1
2026-06-17 09:48:24,593 [1] INFO System.Windows.Forms.Form - OnDragEnter Form
2026-06-17 09:48:24,609 [1] INFO System.Windows.Forms.Form - OnDragEnter Panel2
2026-06-17 09:48:24,632 [1] INFO System.Windows.Forms.Form - OnDragEnter Form
2026-06-17 09:48:24,642 [1] INFO System.Windows.Forms.Form - OnDragEnter Panel3
2026-06-17 09:48:24,690 [1] INFO System.Windows.Forms.Form - OnDragEnter Form
2026-06-17 09:48:24,712 [1] INFO System.Windows.Forms.Form - OnDragEnter Panel4
2026-06-17 09:48:24,960 [1] INFO System.Windows.Forms.Form - OnDragEnter Form
2026-06-17 09:48:25,058 [1] INFO System.Windows.Forms.Form - OnDragEnter CRC
2026-06-17 09:48:26,661 [1] INFO System.Windows.Forms.Form - Folder to clean:N:\3D Figures\Games\Waifu Studios – Super Mario – Princess Peach – 3D Print Model STL
2026-06-17 09:48:27,205 [1] INFO System.Windows.Forms.Form - File to Erase:N:\3D Figures\Games\Waifu Studios – Super Mario – Princess Peach – 3D Print Model STL\3D Models.txt
2026-06-17 09:48:28,028 [1] INFO System.Windows.Forms.Form - File to Erase:N:\3D Figures\Games\Waifu Studios – Super Mario – Princess Peach – 3D Print Model STL\DesireFX.me.stl
2026-06-17 09:48:29,647 [1] INFO System.Windows.Forms.Form - File to Erase:N:\3D Figures\Games\Waifu Studios – Super Mario – Princess Peach – 3D Print Model STL\Pad.STL
2026-06-17 09:48:29,890 [1] INFO System.Windows.Forms.Form - File to Erase:N:\3D Figures\Games\Waifu Studios – Super Mario – Princess Peach – 3D Print Model STL\STL Free.stl
2026-06-17 09:48:30,508 [1] INFO System.Windows.Forms.Form - File to Erase:N:\3D Figures\Games\Waifu Studios – Super Mario – Princess Peach – 3D Print Model STL\Telegram Channel Free Models.stl
2026-06-17 09:48:30,636 [1] INFO System.Windows.Forms.Form - File to Erase:N:\3D Figures\Games\Waifu Studios – Super Mario – Princess Peach – 3D Print Model STL\Telegram- Contact CG Model.url
2026-06-17 10:12:45,066 [1] INFO System.Windows.Forms.Form - OnDragEnter Form
2026-06-17 10:12:45,182 [1] INFO System.Windows.Forms.Form - OnDragEnter Panel1
2026-06-17 10:12:45,197 [1] INFO System.Windows.Forms.Form - OnDragEnter Form
2026-06-17 10:12:45,260 [1] INFO System.Windows.Forms.Form - OnDragEnter Panel2
2026-06-17 10:12:45,661 [1] INFO System.Windows.Forms.Form - OnDragEnter Form
2026-06-17 10:12:45,823 [1] INFO System.Windows.Forms.Form - OnDragEnter Panel1
2026-06-17 10:12:48,077 [1] INFO System.Windows.Forms.Form - Clean Filename:E:\Downloads\MrLuckyRAW.26.06.17.Scarlett.Alexis.And.Mia.Maxwell.1080p.sanet
2026-06-17 10:14:53,575 [1] INFO System.Windows.Forms.Form - OnDragEnter Panel1
2026-06-17 10:14:55,360 [1] INFO System.Windows.Forms.Form - Clean Filename:E:\Downloads\MrLuckyPOV.2026.Sophia.Locke.Aria.Six.Horny.Redhead.And.Busty.Blonde.Double.Creampie.1080p.sanet
2026-06-17 11:11:43,156 [1] INFO System.Windows.Forms.Form - OnDragEnter Form
2026-06-17 11:11:43,342 [1] INFO System.Windows.Forms.Form - OnDragEnter Panel1
2026-06-17 11:11:44,796 [1] INFO System.Windows.Forms.Form - Clean Filename:E:\Downloads\SANET.ST-Stake_Out_1991
2026-06-17 11:14:35,937 [1] INFO System.Windows.Forms.Form - OnDragEnter Form
2026-06-17 11:14:36,073 [1] INFO System.Windows.Forms.Form - OnDragEnter Panel1
2026-06-17 11:14:37,590 [1] INFO System.Windows.Forms.Form - Clean Filename:E:\Downloads\SANET.ST-Car_Wash_Angels_2_1999
2026-06-17 11:14:37,625 [1] INFO System.Windows.Forms.Form - Clean Filename:E:\Downloads\SANET.ST-Car_Wash_Angels_1996
2026-06-17 11:20:12,694 [1] INFO System.Windows.Forms.Form - OnDragEnter Form
2026-06-17 11:20:12,884 [1] INFO System.Windows.Forms.Form - OnDragEnter Panel1
2026-06-17 11:20:14,478 [1] INFO System.Windows.Forms.Form - Clean Filename:E:\Downloads\SANET.ST-Lola_Valentine_in_Ass_to_Titty_2026
2026-06-17 11:23:44,191 [1] INFO System.Windows.Forms.Form - OnDragEnter Form
2026-06-17 11:23:44,204 [1] INFO System.Windows.Forms.Form - OnDragEnter Panel1
2026-06-17 11:23:45,768 [1] INFO System.Windows.Forms.Form - Clean Filename:E:\Downloads\AnalOnly.26.06.16.Sadie.Summers.And.Scarlett.Rosewood.1080p.sanet
2026-06-17 11:24:03,765 [1] INFO System.Windows.Forms.Form - OnDragEnter Panel1
2026-06-17 11:24:05,232 [1] INFO System.Windows.Forms.Form - Clean Filename:E:\Downloads\EvilAngel.26.06.17.Sabien.Demonia.Ass.Wide.Open.1080p.sanet
2026-06-17 11:30:37,043 [1] INFO System.Windows.Forms.Form - OnDragEnter Form
2026-06-17 11:30:37,122 [1] INFO System.Windows.Forms.Form - OnDragEnter Panel1
2026-06-17 11:30:38,629 [1] INFO System.Windows.Forms.Form - Clean Filename:E:\Downloads\Ken_VanDine_-_The_Ultimate_Ubuntu_Handbook.sanet
2026-06-17 11:30:46,585 [1] INFO System.Windows.Forms.Form - OnDragEnter Form
2026-06-17 11:30:46,833 [1] INFO System.Windows.Forms.Form - OnDragEnter Panel1
2026-06-17 11:30:48,332 [1] INFO System.Windows.Forms.Form - Clean Filename:E:\Downloads\The_Ultimate_Ubuntu_Handbook.sanet
2026-06-17 11:31:27,009 [1] INFO System.Windows.Forms.Form - OnDragEnter Form
2026-06-17 11:31:27,042 [1] INFO System.Windows.Forms.Form - OnDragEnter Panel1
2026-06-17 11:31:28,690 [1] INFO System.Windows.Forms.Form - Clean Filename:E:\Downloads\sanet.st_The.Kubernetes.Bible.2e
2026-06-17 11:31:47,664 [1] INFO System.Windows.Forms.Form - OnDragEnter Form
2026-06-17 11:31:47,818 [1] INFO System.Windows.Forms.Form - OnDragEnter Panel1
2026-06-17 11:31:49,295 [1] INFO System.Windows.Forms.Form - Clean Filename:E:\Downloads\Sanet.st.Tech_Advisor_-_July_2026
2026-06-17 11:31:52,704 [1] INFO System.Windows.Forms.Form - OnDragEnter Form
2026-06-17 11:31:52,755 [1] INFO System.Windows.Forms.Form - OnDragEnter Panel1
2026-06-17 11:31:54,363 [1] INFO System.Windows.Forms.Form - Clean Filename:E:\Downloads\Linux_Shell_Scripting_for_Hackers_Automate_and_scale_your_hacking_process_with_bash_scripting.sanet
2026-06-18 10:51:51,232 [1] INFO System.Windows.Forms.Form - OnDragEnter Panel1
2026-06-18 10:51:52,817 [1] INFO System.Windows.Forms.Form - Clean Filename:E:\Downloads\TabooHeat.26.06.16.Cory.Chase.Violet.Voss.1080p.sanet
2026-06-18 10:52:42,195 [1] INFO System.Windows.Forms.Form - OnDragEnter Panel1
2026-06-18 10:52:43,921 [1] INFO System.Windows.Forms.Form - Clean Filename:E:\Downloads\AbbieMaley.26.06.04.Website.Exclusive.1080p.sanet
2026-06-18 10:53:55,280 [1] INFO System.Windows.Forms.Form - OnDragEnter Form
2026-06-18 10:53:55,311 [1] INFO System.Windows.Forms.Form - OnDragEnter Panel1
2026-06-18 10:53:57,050 [1] INFO System.Windows.Forms.Form - Clean Filename:E:\Downloads\SANET.ST-Career_Sluts_2_2018
2026-06-18 10:53:57,112 [1] INFO System.Windows.Forms.Form - Clean Filename:E:\Downloads\SANET.ST-Anal_Soccer_Moms_5_2026
2026-06-18 10:53:57,145 [1] INFO System.Windows.Forms.Form - Clean Filename:E:\Downloads\ElegantAngel.26.06.18.Elizabeth.Skylar.1080p.sanet
2026-06-18 10:53:57,179 [1] INFO System.Windows.Forms.Form - Clean Filename:E:\Downloads\SANET.STRainMan1996
2026-06-18 11:52:52,487 [1] INFO System.Windows.Forms.Form - OnDragEnter Panel2
2026-06-18 11:52:52,547 [1] INFO System.Windows.Forms.Form - OnDragEnter Form
2026-06-18 11:52:52,651 [1] INFO System.Windows.Forms.Form - OnDragEnter Panel1
2026-06-18 11:52:54,237 [1] INFO System.Windows.Forms.Form - Clean Filename:O:\RS\Video\DigitalPlayground\DigitalPlayground 25 10 23 Addison Vodka Camp Carnage Part 1 sanet st\DigitalPlayground.25.10.23.Addison.Vodka.Camp.Carnage.Part.1.sanet.st.mp4
2026-06-18 11:53:10,019 [1] INFO System.Windows.Forms.Form - OnDragEnter Form
2026-06-18 11:53:10,147 [1] INFO System.Windows.Forms.Form - OnDragEnter Panel2
2026-06-18 11:53:10,242 [1] INFO System.Windows.Forms.Form - OnDragEnter Form
2026-06-18 11:53:10,370 [1] INFO System.Windows.Forms.Form - OnDragEnter Panel1
2026-06-18 11:53:11,921 [1] INFO System.Windows.Forms.Form - Clean Filename:O:\RS\Video\DigitalPlayground\DigitalPlayground 25 10 30 Chanel Camryn And Addis Fouche Camp Carnage Part 2 1080p sanet st
2026-06-18 11:53:29,795 [1] INFO System.Windows.Forms.Form - OnDragEnter Form
2026-06-18 11:53:29,891 [1] INFO System.Windows.Forms.Form - OnDragEnter Panel1
2026-06-18 11:53:31,420 [1] INFO System.Windows.Forms.Form - Clean Filename:E:\Downloads\Michael.2026.1080p.TELESYNC.V2.x264-SyncUP_SANET
2026-06-18 12:29:15,514 [1] INFO System.Windows.Forms.Form - OnDragEnter Form
2026-06-18 12:29:15,657 [1] INFO System.Windows.Forms.Form - OnDragEnter Panel1
2026-06-18 12:29:17,174 [1] INFO System.Windows.Forms.Form - Clean Filename:E:\Downloads\Microsoft.Office.LTSC.Standard.for.Mac.2024.v16.108.sanet
2026-06-18 15:12:29,578 [1] INFO System.Windows.Forms.Form - OnDragEnter Form
2026-06-18 15:12:29,679 [1] INFO System.Windows.Forms.Form - OnDragEnter Panel2
2026-06-18 15:12:29,728 [1] INFO System.Windows.Forms.Form - OnDragEnter Form
2026-06-18 15:12:29,776 [1] INFO System.Windows.Forms.Form - OnDragEnter Panel1
2026-06-18 15:12:31,333 [1] INFO System.Windows.Forms.Form - Clean Filename:N:\3D Figures\Movies - TV\Peach Figure - Scooby-Doo - Velma Dinkley\VELMA_NSFW_PEACHFIGURE
2026-06-18 15:12:31,381 [1] INFO System.Windows.Forms.Form - Clean Filename:N:\3D Figures\Movies - TV\Peach Figure - Scooby-Doo - Velma Dinkley\VELMA_PRESUPPORTED_SFW
2026-06-18 15:12:31,648 [1] INFO System.Windows.Forms.Form - Clean Filename:N:\3D Figures\Movies - TV\Peach Figure - Scooby-Doo - Velma Dinkley\VELMA_RENDERS
2026-06-18 15:12:31,675 [1] INFO System.Windows.Forms.Form - Clean Filename:N:\3D Figures\Movies - TV\Peach Figure - Scooby-Doo - Velma Dinkley\VELMA_SFW_PEACHFIGURE
2026-06-18 15:13:52,084 [1] INFO System.Windows.Forms.Form - OnDragEnter Form
2026-06-18 15:13:52,157 [1] INFO System.Windows.Forms.Form - OnDragEnter CRC
2026-06-18 15:13:53,824 [1] INFO System.Windows.Forms.Form - Folder to clean:N:\3D Figures\Movies - TV\Officer Rhu – TinkerBell – 3D Print Model STL
2026-06-18 15:13:53,994 [1] INFO System.Windows.Forms.Form - File to Erase:N:\3D Figures\Movies - TV\Officer Rhu – TinkerBell – 3D Print Model STL\3D Models.txt
2026-06-18 15:13:54,198 [1] INFO System.Windows.Forms.Form - File to Erase:N:\3D Figures\Movies - TV\Officer Rhu – TinkerBell – 3D Print Model STL\DesireFX.me.stl
2026-06-18 15:13:54,318 [1] INFO System.Windows.Forms.Form - File to Erase:N:\3D Figures\Movies - TV\Officer Rhu – TinkerBell – 3D Print Model STL\Pad.STL
2026-06-18 15:13:54,505 [1] INFO System.Windows.Forms.Form - File to Erase:N:\3D Figures\Movies - TV\Officer Rhu – TinkerBell – 3D Print Model STL\STL Free.stl
2026-06-18 15:13:54,754 [1] INFO System.Windows.Forms.Form - File to Erase:N:\3D Figures\Movies - TV\Officer Rhu – TinkerBell – 3D Print Model STL\Telegram Channel Free Models.stl
2026-06-18 15:13:54,878 [1] INFO System.Windows.Forms.Form - File to Erase:N:\3D Figures\Movies - TV\Officer Rhu – TinkerBell – 3D Print Model STL\Telegram- Contact CG Model.url
2026-06-18 15:56:21,020 [1] INFO System.Windows.Forms.Form - OnDragEnter CRC
2026-06-18 15:56:22,745 [1] INFO System.Windows.Forms.Form - Folder to clean:N:\3D Figures\Anime\Pink Studio - Roxanne - Harem in the Labyrinth of Another World - 3D Print Model
2026-06-18 15:56:22,900 [1] INFO System.Windows.Forms.Form - File to Erase:N:\3D Figures\Anime\Pink Studio - Roxanne - Harem in the Labyrinth of Another World - 3D Print Model\3D Models.txt
2026-06-18 15:56:23,273 [1] INFO System.Windows.Forms.Form - File to Erase:N:\3D Figures\Anime\Pink Studio - Roxanne - Harem in the Labyrinth of Another World - 3D Print Model\DesireFX.me.stl
2026-06-18 15:56:24,721 [1] INFO System.Windows.Forms.Form - File to Erase:N:\3D Figures\Anime\Pink Studio - Roxanne - Harem in the Labyrinth of Another World - 3D Print Model\Pad.STL
2026-06-18 15:56:25,434 [1] INFO System.Windows.Forms.Form - File to Erase:N:\3D Figures\Anime\Pink Studio - Roxanne - Harem in the Labyrinth of Another World - 3D Print Model\STL Free.stl
2026-06-18 15:56:25,801 [1] INFO System.Windows.Forms.Form - File to Erase:N:\3D Figures\Anime\Pink Studio - Roxanne - Harem in the Labyrinth of Another World - 3D Print Model\Telegram Channel Free Models.stl
2026-06-18 15:56:25,922 [1] INFO System.Windows.Forms.Form - File to Erase:N:\3D Figures\Anime\Pink Studio - Roxanne - Harem in the Labyrinth of Another World - 3D Print Model\Telegram- Contact CG Model.url
2026-06-18 18:32:28,983 [1] INFO System.Windows.Forms.Form - OnDragEnter Form
2026-06-18 18:32:29,132 [1] INFO System.Windows.Forms.Form - OnDragEnter Panel2
2026-06-18 18:32:29,312 [1] INFO System.Windows.Forms.Form - OnDragEnter Form
2026-06-18 18:32:29,373 [1] INFO System.Windows.Forms.Form - OnDragEnter Panel1
2026-06-18 18:32:29,512 [1] INFO System.Windows.Forms.Form - OnDragEnter Form
2026-06-18 18:32:29,533 [1] INFO System.Windows.Forms.Form - OnDragEnter Panel2
2026-06-18 18:32:29,573 [1] INFO System.Windows.Forms.Form - OnDragEnter Form
2026-06-18 18:32:29,582 [1] INFO System.Windows.Forms.Form - OnDragEnter Panel3
2026-06-18 18:32:29,614 [1] INFO System.Windows.Forms.Form - OnDragEnter Form
2026-06-18 18:32:29,631 [1] INFO System.Windows.Forms.Form - OnDragEnter Panel4
2026-06-18 18:32:29,863 [1] INFO System.Windows.Forms.Form - OnDragEnter Form
2026-06-18 18:32:29,913 [1] INFO System.Windows.Forms.Form - OnDragEnter CRC
2026-06-18 18:32:31,340 [1] INFO System.Windows.Forms.Form - Folder to clean:N:\3D Figures\Anime\3Dmoonn - Akame ga Kill - Esdeath - 3D Print Model
2026-06-18 18:32:31,481 [1] INFO System.Windows.Forms.Form - File to Erase:N:\3D Figures\Anime\3Dmoonn - Akame ga Kill - Esdeath - 3D Print Model\3D Models.txt
2026-06-18 18:32:44,471 [1] INFO System.Windows.Forms.Form - File to Erase:N:\3D Figures\Anime\3Dmoonn - Akame ga Kill - Esdeath - 3D Print Model\DesireFX.me.stl
2026-06-18 18:32:57,693 [1] INFO System.Windows.Forms.Form - File to Erase:N:\3D Figures\Anime\3Dmoonn - Akame ga Kill - Esdeath - 3D Print Model\Pad.STL
2026-06-18 18:32:59,245 [1] INFO System.Windows.Forms.Form - File to Erase:N:\3D Figures\Anime\3Dmoonn - Akame ga Kill - Esdeath - 3D Print Model\STL Free.stl
2026-06-18 18:33:00,208 [1] INFO System.Windows.Forms.Form - File to Erase:N:\3D Figures\Anime\3Dmoonn - Akame ga Kill - Esdeath - 3D Print Model\Telegram Channel Free Models.stl
2026-06-18 18:33:00,328 [1] INFO System.Windows.Forms.Form - File to Erase:N:\3D Figures\Anime\3Dmoonn - Akame ga Kill - Esdeath - 3D Print Model\Telegram- Contact CG Model.url
2026-06-18 18:37:17,886 [1] INFO System.Windows.Forms.Form - OnDragEnter Form
2026-06-18 18:37:17,986 [1] INFO System.Windows.Forms.Form - OnDragEnter CRC
2026-06-18 18:37:18,073 [1] INFO System.Windows.Forms.Form - OnDragEnter Form
2026-06-18 18:37:18,122 [1] INFO System.Windows.Forms.Form - OnDragEnter Panel4
2026-06-18 18:37:20,253 [1] INFO System.Windows.Forms.Form - Folder to renumering files:N:\3D Figures\Anime\3Dmoonn - Akame ga Kill - Esdeath - 3D Print Model\Render
2026-06-18 18:45:14,464 [1] INFO System.Windows.Forms.Form - OnDragEnter Form
2026-06-18 18:45:14,519 [1] INFO System.Windows.Forms.Form - OnDragEnter CRC
2026-06-18 18:45:16,015 [1] INFO System.Windows.Forms.Form - Folder to clean:N:\3D Figures\Anime\Rushzilla 2B Nier Automata
2026-06-18 18:45:18,555 [1] INFO System.Windows.Forms.Form - File to Erase:N:\3D Figures\Anime\Rushzilla 2B Nier Automata\3D Models.txt
2026-06-18 18:45:19,344 [1] INFO System.Windows.Forms.Form - File to Erase:N:\3D Figures\Anime\Rushzilla 2B Nier Automata\DesireFX.me.stl
2026-06-18 18:45:19,473 [1] INFO System.Windows.Forms.Form - File to Erase:N:\3D Figures\Anime\Rushzilla 2B Nier Automata\Pad.STL
2026-06-18 18:45:19,646 [1] INFO System.Windows.Forms.Form - File to Erase:N:\3D Figures\Anime\Rushzilla 2B Nier Automata\STL Free.stl
2026-06-18 18:45:19,888 [1] INFO System.Windows.Forms.Form - File to Erase:N:\3D Figures\Anime\Rushzilla 2B Nier Automata\Telegram Channel Free Models.stl
2026-06-18 18:45:20,002 [1] INFO System.Windows.Forms.Form - File to Erase:N:\3D Figures\Anime\Rushzilla 2B Nier Automata\Telegram- Contact CG Model.url
2026-06-18 18:48:00,540 [1] INFO System.Windows.Forms.Form - OnDragEnter Form
2026-06-18 18:48:00,633 [1] INFO System.Windows.Forms.Form - OnDragEnter CRC
2026-06-18 18:48:02,626 [1] INFO System.Windows.Forms.Form - Folder to clean:N:\3D Figures\Accesories\organizador-para-videojuegos
2026-06-18 18:48:02,766 [1] INFO System.Windows.Forms.Form - File to Erase:N:\3D Figures\Accesories\organizador-para-videojuegos\3D Models.txt
2026-06-18 18:48:02,955 [1] INFO System.Windows.Forms.Form - File to Erase:N:\3D Figures\Accesories\organizador-para-videojuegos\DesireFX.me.stl
2026-06-18 18:48:03,531 [1] INFO System.Windows.Forms.Form - File to Erase:N:\3D Figures\Accesories\organizador-para-videojuegos\Pad.STL
2026-06-18 18:48:03,652 [1] INFO System.Windows.Forms.Form - File to Erase:N:\3D Figures\Accesories\organizador-para-videojuegos\STL 3D Print Models.url
2026-06-18 18:48:03,762 [1] INFO System.Windows.Forms.Form - File to Erase:N:\3D Figures\Accesories\organizador-para-videojuegos\STL Boost 3D Print.txt
2026-06-18 18:48:03,869 [1] INFO System.Windows.Forms.Form - File to Erase:N:\3D Figures\Accesories\organizador-para-videojuegos\STL Boost.url
2026-06-18 18:48:04,040 [1] INFO System.Windows.Forms.Form - File to Erase:N:\3D Figures\Accesories\organizador-para-videojuegos\STL Free.stl
2026-06-18 18:48:04,302 [1] INFO System.Windows.Forms.Form - File to Erase:N:\3D Figures\Accesories\organizador-para-videojuegos\Telegram Channel Free Models.stl
2026-06-18 18:48:04,417 [1] INFO System.Windows.Forms.Form - File to Erase:N:\3D Figures\Accesories\organizador-para-videojuegos\Telegram- Contact CG Model.url
2026-06-18 18:49:55,793 [1] INFO System.Windows.Forms.Form - OnDragEnter Form
2026-06-18 18:49:55,823 [1] INFO System.Windows.Forms.Form - OnDragEnter CRC
2026-06-18 18:49:55,882 [1] INFO System.Windows.Forms.Form - OnDragEnter Form
2026-06-18 18:49:56,252 [1] INFO System.Windows.Forms.Form - OnDragEnter CRC
2026-06-18 18:49:57,932 [1] INFO System.Windows.Forms.Form - Folder to clean:N:\3D Figures\Accesories\Road Block and Traffic Cone
2026-06-18 18:49:58,072 [1] INFO System.Windows.Forms.Form - File to Erase:N:\3D Figures\Accesories\Road Block and Traffic Cone\3D Models.txt
2026-06-18 18:49:58,260 [1] INFO System.Windows.Forms.Form - File to Erase:N:\3D Figures\Accesories\Road Block and Traffic Cone\DesireFX.me.stl
2026-06-18 18:49:58,387 [1] INFO System.Windows.Forms.Form - File to Erase:N:\3D Figures\Accesories\Road Block and Traffic Cone\Pad.STL
2026-06-18 18:49:58,495 [1] INFO System.Windows.Forms.Form - File to Erase:N:\3D Figures\Accesories\Road Block and Traffic Cone\STL 3D Print Models.url
2026-06-18 18:49:58,603 [1] INFO System.Windows.Forms.Form - File to Erase:N:\3D Figures\Accesories\Road Block and Traffic Cone\STL Boost 3D Print.txt
2026-06-18 18:49:58,713 [1] INFO System.Windows.Forms.Form - File to Erase:N:\3D Figures\Accesories\Road Block and Traffic Cone\STL Boost.url
2026-06-18 18:49:58,883 [1] INFO System.Windows.Forms.Form - File to Erase:N:\3D Figures\Accesories\Road Block and Traffic Cone\STL Free.stl
2026-06-18 18:49:59,147 [1] INFO System.Windows.Forms.Form - File to Erase:N:\3D Figures\Accesories\Road Block and Traffic Cone\Telegram Channel Free Models.stl
2026-06-18 18:49:59,275 [1] INFO System.Windows.Forms.Form - File to Erase:N:\3D Figures\Accesories\Road Block and Traffic Cone\Telegram- Contact CG Model.url
2026-06-18 18:52:49,219 [1] INFO System.Windows.Forms.Form - OnDragEnter CRC
2026-06-18 18:52:50,884 [1] INFO System.Windows.Forms.Form - Folder to clean:N:\3D Figures\Accesories\bundle-v4-v6-v8-can-coolers
2026-06-18 18:52:51,041 [1] INFO System.Windows.Forms.Form - File to Erase:N:\3D Figures\Accesories\bundle-v4-v6-v8-can-coolers\3D Models.txt
2026-06-18 18:52:51,330 [1] INFO System.Windows.Forms.Form - File to Erase:N:\3D Figures\Accesories\bundle-v4-v6-v8-can-coolers\DesireFX.me.stl
2026-06-18 18:52:51,463 [1] INFO System.Windows.Forms.Form - File to Erase:N:\3D Figures\Accesories\bundle-v4-v6-v8-can-coolers\Pad.STL
2026-06-18 18:52:51,584 [1] INFO System.Windows.Forms.Form - File to Erase:N:\3D Figures\Accesories\bundle-v4-v6-v8-can-coolers\STL 3D Print Models.url
2026-06-18 18:52:51,694 [1] INFO System.Windows.Forms.Form - File to Erase:N:\3D Figures\Accesories\bundle-v4-v6-v8-can-coolers\STL Boost 3D Print.txt
2026-06-18 18:52:51,804 [1] INFO System.Windows.Forms.Form - File to Erase:N:\3D Figures\Accesories\bundle-v4-v6-v8-can-coolers\STL Boost.url
2026-06-18 18:52:52,002 [1] INFO System.Windows.Forms.Form - File to Erase:N:\3D Figures\Accesories\bundle-v4-v6-v8-can-coolers\STL Free.stl
2026-06-18 18:52:52,245 [1] INFO System.Windows.Forms.Form - File to Erase:N:\3D Figures\Accesories\bundle-v4-v6-v8-can-coolers\Telegram Channel Free Models.stl
2026-06-18 18:52:52,364 [1] INFO System.Windows.Forms.Form - File to Erase:N:\3D Figures\Accesories\bundle-v4-v6-v8-can-coolers\Telegram- Contact CG Model.url
2026-06-18 18:55:01,709 [1] INFO System.Windows.Forms.Form - OnDragEnter CRC
2026-06-18 18:55:03,363 [1] INFO System.Windows.Forms.Form - Folder to clean:N:\3D Figures\Anime\deathpunch-not-mazinger-z
2026-06-18 18:55:05,824 [1] INFO System.Windows.Forms.Form - File to Erase:N:\3D Figures\Anime\deathpunch-not-mazinger-z\3D Models.txt
2026-06-18 18:55:11,531 [1] INFO System.Windows.Forms.Form - File to Erase:N:\3D Figures\Anime\deathpunch-not-mazinger-z\DesireFX.me.stl
2026-06-18 18:55:12,514 [1] INFO System.Windows.Forms.Form - File to Erase:N:\3D Figures\Anime\deathpunch-not-mazinger-z\Pad.STL
2026-06-18 18:55:13,636 [1] INFO System.Windows.Forms.Form - File to Erase:N:\3D Figures\Anime\deathpunch-not-mazinger-z\STL 3D Print Models.url
2026-06-18 18:55:13,744 [1] INFO System.Windows.Forms.Form - File to Erase:N:\3D Figures\Anime\deathpunch-not-mazinger-z\STL Boost 3D Print.txt
2026-06-18 18:55:13,854 [1] INFO System.Windows.Forms.Form - File to Erase:N:\3D Figures\Anime\deathpunch-not-mazinger-z\STL Boost.url
2026-06-18 18:55:14,035 [1] INFO System.Windows.Forms.Form - File to Erase:N:\3D Figures\Anime\deathpunch-not-mazinger-z\STL Free.stl
2026-06-18 18:55:14,282 [1] INFO System.Windows.Forms.Form - File to Erase:N:\3D Figures\Anime\deathpunch-not-mazinger-z\Telegram Channel Free Models.stl
2026-06-18 18:55:14,398 [1] INFO System.Windows.Forms.Form - File to Erase:N:\3D Figures\Anime\deathpunch-not-mazinger-z\Telegram- Contact CG Model.url
2026-06-19 16:08:43,144 [1] INFO System.Windows.Forms.Form - OnDragEnter Form
2026-06-19 16:08:43,210 [1] INFO System.Windows.Forms.Form - OnDragEnter Panel3
2026-06-19 16:08:44,924 [1] INFO System.Windows.Forms.Form - File to Add Music extension:E:\Downloads\sanet.stAnthology\Prince - Anthology 1995-2010 (2018)
2026-06-22 15:23:54,524 [1] INFO System.Windows.Forms.Form - OnDragEnter Form
2026-06-22 15:23:54,621 [1] INFO System.Windows.Forms.Form - OnDragEnter Panel1
2026-06-22 15:23:56,205 [1] INFO System.Windows.Forms.Form - Clean Filename:E:\Downloads\SANET.ST-Das_Beste_vom_Besten_149_2019
2026-06-22 15:23:56,912 [1] INFO System.Windows.Forms.Form - Clean Filename:E:\Downloads\SANET.ST-Anal_Loving_Teenagers_6_2019
2026-06-22 15:23:56,937 [1] INFO System.Windows.Forms.Form - Clean Filename:E:\Downloads\SANET.ST-Revenge_of_the_Pussy_Suckers_From_Mars_1994
2026-06-22 15:23:56,962 [1] INFO System.Windows.Forms.Form - Clean Filename:E:\Downloads\Mortal.Kombat.II.2026.1080p.WEBRip.x265.10bit-LAMA_SANET
2026-06-22 15:23:57,007 [1] INFO System.Windows.Forms.Form - Clean Filename:E:\Downloads\SANET.ST-Fucking_My_Dental_Assistant_2026
2026-06-22 15:23:57,041 [1] INFO System.Windows.Forms.Form - Clean Filename:E:\Downloads\EvilAngel.26.06.19.Leanne.Lace.And.Alice.Drake.1080p.sanet
2026-06-22 15:23:57,071 [1] INFO System.Windows.Forms.Form - Clean Filename:E:\Downloads\sanet.st_4-Week_AI_Agents_&_Agentic_Workflows_Certification
2026-06-24 11:32:59,205 [1] INFO System.Windows.Forms.Form - OnDragEnter Form
2026-06-24 11:32:59,304 [1] INFO System.Windows.Forms.Form - OnDragEnter Panel1
2026-06-24 11:33:01,020 [1] INFO System.Windows.Forms.Form - Clean Filename:E:\Downloads\SANET.ST-Private_Film_26_Apocalypse_Climax_2_1995
2026-06-24 11:33:01,057 [1] INFO System.Windows.Forms.Form - Clean Filename:E:\Downloads\SANET.ST-Private_Triple_X_1_1995
2026-06-24 11:33:01,080 [1] INFO System.Windows.Forms.Form - Clean Filename:E:\Downloads\SANET.ST-Private_Triple_X_2_1995
2026-06-24 15:08:55,656 [1] INFO System.Windows.Forms.Form - OnDragEnter Panel1
2026-06-24 15:08:57,136 [1] INFO System.Windows.Forms.Form - Clean Filename:E:\Downloads\sanet.st_Run AI Locally with Gemma and Ollama Build Your First App
2026-06-24 16:54:07,276 [1] INFO System.Windows.Forms.Form - OnDragEnter Panel2
2026-06-24 16:54:07,953 [1] INFO System.Windows.Forms.Form - OnDragEnter Form
2026-06-24 16:54:07,971 [1] INFO System.Windows.Forms.Form - OnDragEnter Panel1
2026-06-24 16:54:09,466 [1] INFO System.Windows.Forms.Form - Clean Filename:E:\Downloads\Sanet.st.MacFormat_-_August_2026\Sanet.st.MacFormat_-_August_2026.pdf
2026-06-24 16:54:13,888 [1] INFO System.Windows.Forms.Form - OnDragEnter Form
2026-06-24 16:54:13,916 [1] INFO System.Windows.Forms.Form - OnDragEnter Panel2
2026-06-24 18:03:21,504 [1] INFO System.Windows.Forms.Form - OnDragEnter Form
2026-06-24 18:03:21,622 [1] INFO System.Windows.Forms.Form - OnDragEnter Panel1
2026-06-24 18:03:23,072 [1] INFO System.Windows.Forms.Form - Clean Filename:E:\Downloads\Sanet.st.Practical_Wireless_-_July_2026
2026-06-24 18:03:27,100 [1] INFO System.Windows.Forms.Form - OnDragEnter Form
2026-06-24 18:03:27,195 [1] INFO System.Windows.Forms.Form - OnDragEnter Panel2
2026-06-25 11:58:20,654 [1] INFO System.Windows.Forms.Form - OnDragEnter Form
2026-06-25 11:58:20,805 [1] INFO System.Windows.Forms.Form - OnDragEnter Panel1
2026-06-25 11:58:22,421 [1] INFO System.Windows.Forms.Form - Clean Filename:E:\Downloads\sanet.st-Playboy_South_Africa_-_February_2026\sanet.st-Playboy_South_Africa_-_February_2026.pdf
2026-06-25 11:58:25,073 [1] INFO System.Windows.Forms.Form - OnDragEnter Form
2026-06-25 11:58:25,178 [1] INFO System.Windows.Forms.Form - OnDragEnter Panel2
2026-06-25 12:11:10,923 [1] INFO System.Windows.Forms.Form - OnDragEnter Form
2026-06-25 12:11:11,223 [1] INFO System.Windows.Forms.Form - OnDragEnter Panel1
2026-06-25 12:11:13,090 [1] INFO System.Windows.Forms.Form - Clean Filename:E:\Downloads\sanet.st_Playboy.New.Zealand.-.April.2025
2026-06-25 12:11:13,126 [1] INFO System.Windows.Forms.Form - Clean Filename:E:\Downloads\sanet.st-Playboy_New_Zealand_-_March_2026
2026-06-25 12:11:13,171 [1] INFO System.Windows.Forms.Form - Clean Filename:E:\Downloads\sanet.st-Playboy_New_Zealand_-_May_2026
2026-06-25 12:11:13,201 [1] INFO System.Windows.Forms.Form - Clean Filename:E:\Downloads\sanet.st-Playboy_South_Africa_-_April_2026
2026-06-25 12:11:13,230 [1] INFO System.Windows.Forms.Form - Clean Filename:E:\Downloads\sanet.st-Playboy_South_Africa_-_May_2026
2026-06-25 12:11:13,277 [1] INFO System.Windows.Forms.Form - Clean Filename:E:\Downloads\sanet.st-Playboy_Sweden_-_April_2026
2026-06-25 12:11:13,311 [1] INFO System.Windows.Forms.Form - Clean Filename:E:\Downloads\sanet.st-Playboy_Sweden_-_May_2026
2026-06-25 12:11:13,344 [1] INFO System.Windows.Forms.Form - Clean Filename:E:\Downloads\sanet.st.imfamous.EH_StudiosSuperman
2026-06-25 12:11:13,361 [1] INFO System.Windows.Forms.Form - Clean Filename:E:\Downloads\sanet.st.imfamous.Gatsu_StudiosAvatarToph_Beifong
2026-06-25 12:11:13,376 [1] INFO System.Windows.Forms.Form - Clean Filename:E:\Downloads\Sanet.st.Practical_Wireless_-_April_2026
2026-06-25 12:11:13,406 [1] INFO System.Windows.Forms.Form - Clean Filename:E:\Downloads\Sanet.st.Practical_Wireless_-_May_2026
2026-06-25 12:11:13,439 [1] INFO System.Windows.Forms.Form - Clean Filename:E:\Downloads\Sanet.st.Practical_Wireless_-_June_2026
2026-06-25 12:11:22,358 [1] INFO System.Windows.Forms.Form - OnDragEnter Form
2026-06-25 12:11:22,368 [1] INFO System.Windows.Forms.Form - OnDragEnter Panel2
2026-06-25 12:12:49,963 [1] INFO System.Windows.Forms.Form - OnDragEnter Form
2026-06-25 12:12:50,064 [1] INFO System.Windows.Forms.Form - OnDragEnter Panel2
2026-06-25 12:13:05,240 [1] INFO System.Windows.Forms.Form - OnDragEnter Form
2026-06-25 12:13:05,313 [1] INFO System.Windows.Forms.Form - OnDragEnter Panel2
2026-06-25 12:14:07,809 [1] INFO System.Windows.Forms.Form - OnDragEnter Form
2026-06-25 12:14:08,011 [1] INFO System.Windows.Forms.Form - OnDragEnter Panel3
2026-06-25 12:14:08,145 [1] INFO System.Windows.Forms.Form - OnDragEnter Form
2026-06-25 12:14:08,169 [1] INFO System.Windows.Forms.Form - OnDragEnter Panel2
2026-06-25 12:24:34,548 [1] INFO System.Windows.Forms.Form - OnDragEnter Form
2026-06-25 12:24:34,565 [1] INFO System.Windows.Forms.Form - OnDragEnter Panel2
2026-06-25 12:24:55,680 [1] INFO System.Windows.Forms.Form - OnDragEnter Form
2026-06-25 12:24:55,800 [1] INFO System.Windows.Forms.Form - OnDragEnter Panel2
2026-06-25 12:28:23,214 [1] INFO System.Windows.Forms.Form - OnDragEnter Form
2026-06-25 12:28:23,294 [1] INFO System.Windows.Forms.Form - OnDragEnter Panel3
2026-06-25 12:28:23,306 [1] INFO System.Windows.Forms.Form - OnDragEnter Form
2026-06-25 12:28:23,367 [1] INFO System.Windows.Forms.Form - OnDragEnter Panel2
2026-06-25 13:12:50,539 [1] INFO System.Windows.Forms.Form - OnDragEnter Form
2026-06-25 13:12:50,637 [1] INFO System.Windows.Forms.Form - OnDragEnter Panel1
2026-06-25 13:12:52,167 [1] INFO System.Windows.Forms.Form - Clean Filename:E:\Downloads\sanet.st-Maxim_USA_-_Spring_2026\sanet.st-Maxim_USA_-_Spring_2026.pdf
2026-06-25 13:12:54,952 [1] INFO System.Windows.Forms.Form - OnDragEnter Panel2
2026-06-25 13:36:16,151 [1] INFO System.Windows.Forms.Form - OnDragEnter Form
2026-06-25 13:36:16,193 [1] INFO System.Windows.Forms.Form - OnDragEnter Panel1
2026-06-25 13:36:17,764 [1] INFO System.Windows.Forms.Form - Clean Filename:O:\RS\Magazines\Playboy Magazine\Playboy Australia\sanet.st-Playboy_Australia_-_April_2026.pdf
2026-06-25 13:36:18,013 [1] INFO System.Windows.Forms.Form - Clean Filename:O:\RS\Magazines\Playboy Magazine\Playboy Australia\sanet.st-Playboy_Australia_-_May_2026.pdf
2026-06-25 13:36:22,345 [1] INFO System.Windows.Forms.Form - OnDragEnter Form
2026-06-25 13:36:22,490 [1] INFO System.Windows.Forms.Form - OnDragEnter Panel3
2026-06-25 13:36:22,561 [1] INFO System.Windows.Forms.Form - OnDragEnter Form
2026-06-25 13:36:22,602 [1] INFO System.Windows.Forms.Form - OnDragEnter Panel2
2026-06-25 13:39:03,576 [1] INFO System.Windows.Forms.Form - OnDragEnter Form
2026-06-25 13:39:04,106 [1] INFO System.Windows.Forms.Form - OnDragEnter Panel1
2026-06-25 13:39:05,731 [1] INFO System.Windows.Forms.Form - Clean Filename:O:\RS\Magazines\Playboy Magazine\Playboy Denmark\sanet.st-Playboy_Denmark_-_April_2026.pdf
2026-06-25 13:39:05,753 [1] INFO System.Windows.Forms.Form - Clean Filename:O:\RS\Magazines\Playboy Magazine\Playboy Denmark\sanet.st-Playboy_Denmark_-_May_2026.pdf
2026-06-25 13:39:10,810 [1] INFO System.Windows.Forms.Form - OnDragEnter Form
2026-06-25 13:39:10,923 [1] INFO System.Windows.Forms.Form - OnDragEnter Panel2
2026-06-25 13:40:32,167 [1] INFO System.Windows.Forms.Form - OnDragEnter Form
2026-06-25 13:40:32,235 [1] INFO System.Windows.Forms.Form - OnDragEnter Panel1
2026-06-25 13:40:33,801 [1] INFO System.Windows.Forms.Form - Clean Filename:E:\Downloads\sanet.st-Playboy_New_Zealand_-_April_2026\sanet.st-Playboy_New_Zealand_-_April_2026.pdf
2026-06-25 13:40:36,323 [1] INFO System.Windows.Forms.Form - OnDragEnter Panel2
2026-06-25 17:08:10,765 [1] INFO System.Windows.Forms.Form - OnDragEnter Form
2026-06-25 17:08:10,889 [1] INFO System.Windows.Forms.Form - OnDragEnter Panel1
2026-06-25 17:08:12,544 [1] INFO System.Windows.Forms.Form - Clean Filename:E:\Downloads\SANET.ST-My_Neighbor_s_Daughter_Is_My_Secret_Cock_Slut_3_2020
2026-06-25 17:08:17,360 [1] INFO System.Windows.Forms.Form - Clean Filename:E:\Downloads\sanet.st.imfamous.H3LL_CreatorBilbo_Baggins
2026-06-25 17:08:17,400 [1] INFO System.Windows.Forms.Form - Clean Filename:E:\Downloads\TabooHeat.26.06.12.Cory.Chase.Alexis.Fawx.1080p.sanet
2026-06-25 17:08:17,440 [1] INFO System.Windows.Forms.Form - Clean Filename:E:\Downloads\TabooHeat.26.06.05.Cory.Chase.Nala.Brooks.1080p.sanet
2026-06-25 17:08:17,484 [1] INFO System.Windows.Forms.Form - Clean Filename:E:\Downloads\TabooHeat.26.06.20.Cory.Chase.1080p.sanet
2026-06-25 17:08:17,522 [1] INFO System.Windows.Forms.Form - Clean Filename:E:\Downloads\Sanet.st.Yuli.2018.1080p.BluRay.x264-USURY
2026-06-26 09:01:55,110 [1] INFO System.Windows.Forms.Form - OnDragEnter Form
2026-06-26 09:01:55,246 [1] INFO System.Windows.Forms.Form - OnDragEnter CRC
2026-06-26 09:01:56,951 [1] INFO System.Windows.Forms.Form - Folder to clean:E:\Downloads\sanet.st.imfamous.H3LL_CreatorBilbo_Baggins\2605 - H3LL Creator - Bilbo Baggins
2026-06-26 10:46:46,500 [1] INFO System.Windows.Forms.Form - OnDragEnter Form
2026-06-26 10:46:46,649 [1] INFO System.Windows.Forms.Form - OnDragEnter Panel1
2026-06-26 10:46:48,290 [1] INFO System.Windows.Forms.Form - Clean Filename:E:\Downloads\sanet.st.Raspberry_Pi_-_Issue_167,_July_2026
2026-06-26 10:50:00,916 [1] INFO System.Windows.Forms.Form - OnDragEnter Panel2
2026-06-26 11:35:55,404 [1] INFO System.Windows.Forms.Form - OnDragEnter Panel1
2026-06-26 11:35:57,130 [1] INFO System.Windows.Forms.Form - Clean Filename:E:\Downloads\Sanet.st.Raspberry_Pi_Official_Magazine_-_Issue_161,_2025
2026-06-26 11:35:57,178 [1] INFO System.Windows.Forms.Form - Clean Filename:E:\Downloads\Sanet.st.Raspberry_Pi_-_Issue_158,_2025
2026-06-26 11:35:57,206 [1] INFO System.Windows.Forms.Form - Clean Filename:E:\Downloads\Sanet.st.Raspberry_Pi_Official_Magazine_-_Issue_159,_2025
2026-06-26 11:35:57,231 [1] INFO System.Windows.Forms.Form - Clean Filename:E:\Downloads\Sanet.st.Raspberry_Pi_Official_Magazine_-_Issue_160,_2025
2026-06-26 11:35:57,257 [1] INFO System.Windows.Forms.Form - Clean Filename:E:\Downloads\Sanet.st.Raspberry Pi Official Magazine - Issue 161, 2025
2026-06-26 11:35:59,583 [1] INFO System.Windows.Forms.Form - Clean Filename:E:\Downloads\Sanet.st.Raspberry_Pi_Official_Magazine_-_Issue_162,_2026
2026-06-26 11:59:43,722 [1] INFO System.Windows.Forms.Form - OnDragEnter Form
2026-06-26 11:59:43,935 [1] INFO System.Windows.Forms.Form - OnDragEnter Panel1
2026-06-26 11:59:45,552 [1] INFO System.Windows.Forms.Form - Clean Filename:E:\Downloads\sanet.st_FHM.Mexico.-.October.2024
2026-06-29 11:21:53,302 [1] INFO System.Windows.Forms.Form - OnDragEnter Form
2026-06-29 11:21:53,385 [1] INFO System.Windows.Forms.Form - OnDragEnter Panel1
2026-06-29 11:21:55,168 [1] INFO System.Windows.Forms.Form - Clean Filename:E:\Downloads\Sanet.st.RaspberryPiOfficialMagazineIssue1632026\Sanet.st.Raspberry_Pi_Official_Magazine_-_Issue_163,_2026.pdf
2026-06-29 11:22:53,948 [1] INFO System.Windows.Forms.Form - OnDragEnter Form
2026-06-29 11:22:54,122 [1] INFO System.Windows.Forms.Form - OnDragEnter Panel1
2026-06-29 11:22:55,777 [1] INFO System.Windows.Forms.Form - Clean Filename:E:\Downloads\sanet.st.Raspberry_Pi_-_Issue_164,_April_2026\sanet.st.Raspberry_Pi_-_Issue_164,_April_2026.pdf
2026-06-29 11:34:55,757 [1] INFO System.Windows.Forms.Form - OnDragEnter Panel2
2026-06-29 11:36:58,031 [1] INFO System.Windows.Forms.Form - OnDragEnter Form
2026-06-29 11:36:58,122 [1] INFO System.Windows.Forms.Form - OnDragEnter Panel1
2026-06-29 11:36:59,872 [1] INFO System.Windows.Forms.Form - Clean Filename:E:\Downloads\sanet.st.Raspberry_Pi_-_Issue_165,_May_2026\sanet.st.Raspberry_Pi_-_Issue_165,_May_2026.pdf
2026-06-29 11:37:02,712 [1] INFO System.Windows.Forms.Form - OnDragEnter Form
2026-06-29 11:37:02,738 [1] INFO System.Windows.Forms.Form - OnDragEnter Panel2
2026-06-29 11:38:39,152 [1] INFO System.Windows.Forms.Form - OnDragEnter Form
2026-06-29 11:38:39,186 [1] INFO System.Windows.Forms.Form - OnDragEnter Panel1
2026-06-29 11:38:40,775 [1] INFO System.Windows.Forms.Form - Clean Filename:E:\Downloads\sanet.st.Raspberry_Pi_Official_Magazine_-_#166\sanet.st.Raspberry_Pi_Official_Magazine_-_#166.pdf
2026-06-29 11:48:08,531 [1] INFO System.Windows.Forms.Form - OnDragEnter Form
2026-06-29 11:48:08,555 [1] INFO System.Windows.Forms.Form - OnDragEnter Panel1
2026-06-29 11:48:10,257 [1] INFO System.Windows.Forms.Form - Clean Filename:O:\RS\Magazines\Playbabes\sanet.st_Playbabes.-.Spring.Special.Edition.-.April.2025.pdf
2026-06-29 11:48:10,288 [1] INFO System.Windows.Forms.Form - Clean Filename:O:\RS\Magazines\Playbabes\sanet.st_Playbabes.Special.Edition.-.Early.Spring.2026.pdf
2026-06-29 11:48:10,312 [1] INFO System.Windows.Forms.Form - Clean Filename:O:\RS\Magazines\Playbabes\sanet.st_Playbabes.Special.Edition.-.Issue.45.Spring.2026.pdf
2026-06-29 11:48:10,329 [1] INFO System.Windows.Forms.Form - Clean Filename:O:\RS\Magazines\Playbabes\sanet.st_Playbabes.Special.Edition.-.Swimsuit.2026.pdf
2026-06-29 11:48:10,345 [1] INFO System.Windows.Forms.Form - Clean Filename:O:\RS\Magazines\Playbabes\sanet.st_Playbabes.Special.Edition.-.Volume.43.December.2025.pdf
2026-06-29 11:48:50,618 [1] INFO System.Windows.Forms.Form - OnDragEnter Form
2026-06-29 11:48:50,666 [1] INFO System.Windows.Forms.Form - OnDragEnter Panel1
2026-06-29 11:48:52,087 [1] INFO System.Windows.Forms.Form - Clean Filename:O:\RS\Magazines\Playboy Magazine\Playboy Finland\sanet.st_Playboy.Finland.-.February.2026.pdf
2026-06-29 11:48:52,126 [1] INFO System.Windows.Forms.Form - Clean Filename:O:\RS\Magazines\Playboy Magazine\Playboy Finland\sanet.st_Playboy.Finland.-.January.2026.pdf
2026-06-29 11:48:52,144 [1] INFO System.Windows.Forms.Form - Clean Filename:O:\RS\Magazines\Playboy Magazine\Playboy Finland\sanet.st_Playboy.Finland.-.October.2025.pdf
2026-06-29 11:48:56,686 [1] INFO System.Windows.Forms.Form - OnDragEnter Form
2026-06-29 11:48:56,761 [1] INFO System.Windows.Forms.Form - OnDragEnter Panel3
2026-06-29 11:48:56,776 [1] INFO System.Windows.Forms.Form - OnDragEnter Form
2026-06-29 11:48:56,826 [1] INFO System.Windows.Forms.Form - OnDragEnter Panel2
2026-06-29 11:50:05,843 [1] INFO System.Windows.Forms.Form - OnDragEnter Form
2026-06-29 11:50:06,033 [1] INFO System.Windows.Forms.Form - OnDragEnter Panel2
2026-06-29 11:50:58,123 [1] INFO System.Windows.Forms.Form - OnDragEnter Form
2026-06-29 11:50:58,217 [1] INFO System.Windows.Forms.Form - OnDragEnter Panel3
2026-06-29 11:50:58,265 [1] INFO System.Windows.Forms.Form - OnDragEnter Form
2026-06-29 11:50:58,298 [1] INFO System.Windows.Forms.Form - OnDragEnter Panel2
2026-06-29 12:01:18,931 [1] INFO System.Windows.Forms.Form - OnDragEnter Form
2026-06-29 12:01:19,095 [1] INFO System.Windows.Forms.Form - OnDragEnter Panel1
2026-06-29 12:01:20,693 [1] INFO System.Windows.Forms.Form - Clean Filename:E:\Downloads\My Neighbor s Daughter Is My Secret Cock Slut 3 2020\SANET.ST-My_Neighbor_s_Daughter_Is_My_Secret_Cock_Slut_3_2020.part2.rar
2026-06-29 12:01:29,440 [1] INFO System.Windows.Forms.Form - OnDragEnter Form
2026-06-29 12:01:29,496 [1] INFO System.Windows.Forms.Form - OnDragEnter Panel1
2026-06-29 12:01:31,031 [1] INFO System.Windows.Forms.Form - Clean Filename:E:\Downloads\My Neighbor s Daughter Is My Secret Cock Slut 3 2020\SANET.ST-My_Neighbor_s_Daughter_Is_My_Secret_Cock_Slut_3_2020.part1.rar
2026-06-29 12:03:40,553 [1] INFO System.Windows.Forms.Form - OnDragEnter Form
2026-06-29 12:03:40,749 [1] INFO System.Windows.Forms.Form - OnDragEnter Panel1
2026-06-29 12:03:42,371 [1] INFO System.Windows.Forms.Form - Clean Filename:E:\Downloads\sanet.st-FHM_US_-_May_2025\sanet.st-FHM_US_-_May_2025.pdf
2026-06-29 12:03:45,673 [1] INFO System.Windows.Forms.Form - OnDragEnter Panel2
2026-06-29 12:04:21,882 [1] INFO System.Windows.Forms.Form - OnDragEnter Form
2026-06-29 12:04:21,962 [1] INFO System.Windows.Forms.Form - OnDragEnter Panel1
2026-06-29 12:04:23,637 [1] INFO System.Windows.Forms.Form - Clean Filename:E:\Downloads\sanet.st_Playboy.New.Zealand.-.May.2026\sanet.st_Playboy.New.Zealand.-.May.2026.pdf
2026-06-29 12:04:46,002 [1] INFO System.Windows.Forms.Form - OnDragEnter Form
2026-06-29 12:04:46,059 [1] INFO System.Windows.Forms.Form - OnDragEnter Panel2
2026-06-30 12:59:41,495 [1] INFO System.Windows.Forms.Form - OnDragEnter Form
2026-06-30 12:59:41,603 [1] INFO System.Windows.Forms.Form - OnDragEnter Panel1
2026-06-30 12:59:43,147 [1] INFO System.Windows.Forms.Form - Clean Filename:E:\Downloads\Private.24.03.13.Alexis.Crystal.And.Angel.Wicky.Anal.Threesome.1080p.sanet
2026-06-30 16:37:44,387 [1] INFO System.Windows.Forms.Form - OnDragEnter Panel1
2026-06-30 16:37:45,992 [1] INFO System.Windows.Forms.Form - Clean Filename:E:\Downloads\BangRammed.26.06.03.Scarlet.Chase.1080p.sanet
2026-06-30 16:40:16,572 [1] INFO System.Windows.Forms.Form - OnDragEnter Form
2026-06-30 16:40:16,650 [1] INFO System.Windows.Forms.Form - OnDragEnter Panel1
2026-06-30 16:40:18,690 [1] INFO System.Windows.Forms.Form - Clean Filename:E:\Downloads\IntimacyProductions.26.06.29.Amiee.Cambridge.And.Katie.Kingerie.1080p.sanet
2026-06-30 16:42:12,588 [1] INFO System.Windows.Forms.Form - OnDragEnter Form
2026-06-30 16:42:12,637 [1] INFO System.Windows.Forms.Form - OnDragEnter Panel1
2026-06-30 16:42:14,207 [1] INFO System.Windows.Forms.Form - Clean Filename:E:\Downloads\The.Devil.Wears.Prada.2.2026.1080p.AMZN.WEB-DL.DDP5.1.H.264-KyoGo_..SANET
2026-06-30 17:10:59,723 [1] INFO System.Windows.Forms.Form - OnDragEnter Form
2026-06-30 17:10:59,811 [1] INFO System.Windows.Forms.Form - OnDragEnter Panel1
2026-06-30 17:11:01,503 [1] INFO System.Windows.Forms.Form - Clean Filename:E:\Downloads\Michael.2026.2160p.HDR10Plus.DV.WEBRip.DDP5.1.Atmos.x265.HEVC-PSA_SANET\Michael.2026.2160p.HDR10Plus.DV.WEBRip.DDP5.1.Atmos.x265.HEVC-PSA_SANET.ST.mkv
2026-06-30 17:11:25,090 [1] INFO System.Windows.Forms.Form - OnDragEnter Panel1
2026-06-30 17:11:26,703 [1] INFO System.Windows.Forms.Form - Clean Filename:E:\Downloads\Sanet.st.What.Dreams.May.Come.1998.REMASTERED.1080p.BluRay.HEVC.x265.5.1.BONE
2026-07-01 09:48:34,354 [1] INFO System.Windows.Forms.Form - OnDragEnter Form
2026-07-01 09:48:34,817 [1] INFO System.Windows.Forms.Form - OnDragEnter Panel1
2026-07-01 09:48:36,378 [1] INFO System.Windows.Forms.Form - Clean Filename:E:\Downloads\sanet.st.MacLife_UK_-_July_2026\sanet.st.MacLife_UK_-_July_2026.pdf
2026-07-01 09:48:39,970 [1] INFO System.Windows.Forms.Form - OnDragEnter Form
2026-07-01 09:48:40,212 [1] INFO System.Windows.Forms.Form - OnDragEnter Panel2
2026-07-01 11:20:55,876 [1] INFO System.Windows.Forms.Form - OnDragEnter Form
2026-07-01 11:20:55,922 [1] INFO System.Windows.Forms.Form - OnDragEnter Panel1
2026-07-01 11:20:57,578 [1] INFO System.Windows.Forms.Form - Clean Filename:E:\Downloads\Learn_D3.js.sanet
2026-07-01 11:21:03,810 [1] INFO System.Windows.Forms.Form - OnDragEnter Form
2026-07-01 11:21:03,979 [1] INFO System.Windows.Forms.Form - OnDragEnter Panel1
2026-07-01 11:21:05,463 [1] INFO System.Windows.Forms.Form - Clean Filename:E:\Downloads\Girl.You.Know.Its.True.2023.German.DL.1080p.HDR.WEBRip.AV1-WOTT.Sanet
2026-07-01 11:21:15,090 [1] INFO System.Windows.Forms.Form - OnDragEnter Panel1
2026-07-01 11:21:16,997 [1] INFO System.Windows.Forms.Form - Clean Filename:E:\Downloads\Girl.You.Know.Its.True.2023.German.DL.1080p.HDR.WEBRip.AV1-WOTT.Sanet
2026-07-02 11:57:23,632 [1] INFO System.Windows.Forms.Form - OnDragEnter Panel1
2026-07-02 11:57:25,252 [1] INFO System.Windows.Forms.Form - Clean Filename:E:\Downloads\Sanet.me_1786463148
2026-07-02 12:35:44,408 [1] INFO System.Windows.Forms.Form - OnDragEnter Form
2026-07-02 12:35:44,506 [1] INFO System.Windows.Forms.Form - OnDragEnter Panel1
2026-07-02 12:35:46,136 [1] INFO System.Windows.Forms.Form - Clean Filename:E:\Downloads\SANET.ST-Imagine_1991
2026-07-02 12:35:50,899 [1] INFO System.Windows.Forms.Form - OnDragEnter Form
2026-07-02 12:35:50,909 [1] INFO System.Windows.Forms.Form - OnDragEnter Panel1
2026-07-02 12:35:52,585 [1] INFO System.Windows.Forms.Form - Clean Filename:E:\Downloads\SANET.ST-Fucked_Up_Busty_Angels_2026
2026-07-02 17:39:27,165 [1] INFO System.Windows.Forms.Form - OnDragEnter Form
2026-07-02 17:39:27,235 [1] INFO System.Windows.Forms.Form - OnDragEnter Panel1
2026-07-02 17:39:29,047 [1] INFO System.Windows.Forms.Form - Clean Filename:E:\Downloads\SANET.ST-Das_Beste_vom_Besten_149_2019
2026-07-03 15:18:26,942 [1] INFO System.Windows.Forms.Form - OnDragEnter Form
2026-07-03 15:18:27,070 [1] INFO System.Windows.Forms.Form - OnDragEnter Panel1
2026-07-03 15:18:28,659 [1] INFO System.Windows.Forms.Form - Clean Filename:E:\Downloads\BrazzersExxtra.26.04.27.Kira.Noir.And.Little.Puck.A.Perfect.Match.1080p.sanet
2026-07-03 15:20:09,531 [1] INFO System.Windows.Forms.Form - OnDragEnter Form
2026-07-03 15:20:09,902 [1] INFO System.Windows.Forms.Form - OnDragEnter Panel1
2026-07-03 15:20:11,368 [1] INFO System.Windows.Forms.Form - Clean Filename:E:\Downloads\BrazzersExxtra.26.04.27.Kira.Noir.And.Little.Puck.A.Perfect.Match.1080p
2026-07-06 11:42:57,709 [1] INFO System.Windows.Forms.Form - OnDragEnter Form
2026-07-06 11:42:57,841 [1] INFO System.Windows.Forms.Form - OnDragEnter Panel1
2026-07-06 11:42:59,972 [1] INFO System.Windows.Forms.Form - Clean Filename:E:\Downloads\SANET.ST-Daddy_Gets_Lucky_2_2010
2026-07-06 11:44:31,185 [1] INFO System.Windows.Forms.Form - OnDragEnter Panel1
2026-07-06 11:44:32,671 [1] INFO System.Windows.Forms.Form - Clean Filename:E:\Downloads\9781836640516.sanet
2026-07-06 14:53:25,852 [1] INFO System.Windows.Forms.Form - OnDragEnter Panel1
2026-07-06 14:53:27,858 [1] INFO System.Windows.Forms.Form - Clean Filename:E:\Downloads\Python_Automation_Cookbook.sanet
2026-07-07 09:22:01,522 [1] INFO System.Windows.Forms.Form - OnDragEnter Form
2026-07-07 09:22:01,766 [1] INFO System.Windows.Forms.Form - OnDragEnter Panel1
2026-07-07 09:22:03,332 [1] INFO System.Windows.Forms.Form - Clean Filename:E:\Downloads\pervtherapy.26.07.06.aila.donovan.and.scarlet.skies.sanet
2026-07-07 10:00:34,826 [1] INFO System.Windows.Forms.Form - OnDragEnter Panel2
2026-07-07 10:00:34,862 [1] INFO System.Windows.Forms.Form - OnDragEnter Form
2026-07-07 10:00:34,871 [1] INFO System.Windows.Forms.Form - OnDragEnter Panel1
2026-07-07 10:00:38,160 [1] INFO System.Windows.Forms.Form - Clean Filename:K:\Magazine\PCWorld\sanet.st-PCWorld - July 2026.pdf
2026-07-07 10:00:41,546 [1] INFO System.Windows.Forms.Form - OnDragEnter Panel3
2026-07-07 10:00:41,580 [1] INFO System.Windows.Forms.Form - OnDragEnter Form
2026-07-07 10:00:41,609 [1] INFO System.Windows.Forms.Form - OnDragEnter Panel2
2026-07-07 11:12:22,525 [1] INFO System.Windows.Forms.Form - OnDragEnter Form
2026-07-07 11:12:22,593 [1] INFO System.Windows.Forms.Form - OnDragEnter Panel1
2026-07-07 11:12:24,313 [1] INFO System.Windows.Forms.Form - Clean Filename:E:\Downloads\Loan4K.26.07.06.Amber.Bloom.1080p.sanet
2026-07-07 11:12:24,651 [1] INFO System.Windows.Forms.Form - Clean Filename:E:\Downloads\Private.26.07.07Mer.And.Emma.Rosie.INTERNAL.1080p.sanet
2026-07-07 11:12:24,676 [1] INFO System.Windows.Forms.Form - Clean Filename:E:\Downloads\sanet.st_Getting_Started_With_LINQ_in_C#
2026-07-07 11:12:24,692 [1] INFO System.Windows.Forms.Form - Clean Filename:E:\Downloads\Sanet.st.What_Hi_Fi_-_August_2026
2026-07-07 11:12:24,724 [1] INFO System.Windows.Forms.Form - Clean Filename:E:\Downloads\SW128_Nice_blog.sanet
2026-07-07 11:12:24,724 [1] INFO System.Windows.Forms.Form - Clean Filename:E:\Downloads\SW127_Nice_blog.sanet
2026-07-07 11:12:24,739 [1] INFO System.Windows.Forms.Form - Clean Filename:E:\Downloads\SW126_Nice_blog.sanet
2026-07-07 11:12:24,755 [1] INFO System.Windows.Forms.Form - Clean Filename:E:\Downloads\SW125_Nice_blog.sanet
2026-07-07 11:12:24,771 [1] INFO System.Windows.Forms.Form - Clean Filename:E:\Downloads\SW124_Nice_blog.sanet
2026-07-07 11:12:24,787 [1] INFO System.Windows.Forms.Form - Clean Filename:E:\Downloads\SW123_Nice_blog.sanet
2026-07-08 09:30:33,879 [1] INFO System.Windows.Forms.Form - OnDragEnter Form
2026-07-08 09:30:34,039 [1] INFO System.Windows.Forms.Form - OnDragEnter Panel2
2026-07-08 11:26:11,186 [1] INFO System.Windows.Forms.Form - OnDragEnter Form
2026-07-08 11:26:11,364 [1] INFO System.Windows.Forms.Form - OnDragEnter Panel2
2026-07-08 11:29:30,245 [1] INFO System.Windows.Forms.Form - OnDragEnter Form
2026-07-08 11:29:30,350 [1] INFO System.Windows.Forms.Form - OnDragEnter Panel2
2026-07-08 11:29:30,367 [1] INFO System.Windows.Forms.Form - OnDragEnter Form
2026-07-08 11:29:30,471 [1] INFO System.Windows.Forms.Form - OnDragEnter Panel1
2026-07-08 11:29:32,376 [1] INFO System.Windows.Forms.Form - Clean Filename:K:\Magazine\What Hi-Fi UK\Sanet.st.What_Hi_Fi_-_February_2026.pdf
2026-07-08 11:29:32,429 [1] INFO System.Windows.Forms.Form - Clean Filename:K:\Magazine\What Hi-Fi UK\Sanet.st.What_Hi_Fi_-_January_2026,_2025.pdf
2026-07-08 11:29:32,445 [1] INFO System.Windows.Forms.Form - Clean Filename:K:\Magazine\What Hi-Fi UK\Sanet.st.What_Hi_Fi_-_March_2026.pdf
2026-07-08 11:29:32,462 [1] INFO System.Windows.Forms.Form - Clean Filename:K:\Magazine\What Hi-Fi UK\sanet.st.What_Hi-Fi_UK_-_Issue_511,_April_2026.pdf
2026-07-08 11:29:32,478 [1] INFO System.Windows.Forms.Form - Clean Filename:K:\Magazine\What Hi-Fi UK\sanet.st.What_Hi-Fi_UK_-_Issue_512,_May_2026.pdf
2026-07-08 11:29:32,491 [1] INFO System.Windows.Forms.Form - Clean Filename:K:\Magazine\What Hi-Fi UK\sanet.st.What_Hi-Fi_UK_-_Issue_513,_June_2026.pdf
2026-07-08 11:29:46,011 [1] INFO System.Windows.Forms.Form - OnDragEnter Form
2026-07-08 11:29:46,071 [1] INFO System.Windows.Forms.Form - OnDragEnter Panel3
2026-07-08 11:29:46,103 [1] INFO System.Windows.Forms.Form - OnDragEnter Form
2026-07-08 11:29:46,208 [1] INFO System.Windows.Forms.Form - OnDragEnter Panel2
2026-07-08 15:35:23,082 [1] INFO System.Windows.Forms.Form - OnDragEnter Panel2
2026-07-08 15:35:24,040 [1] INFO System.Windows.Forms.Form - OnDragEnter Form
2026-07-08 15:35:24,071 [1] INFO System.Windows.Forms.Form - OnDragEnter Panel1
2026-07-08 15:35:25,613 [1] INFO System.Windows.Forms.Form - Clean Filename:E:\Downloads\IntimatePOV.26.04.25.Alexis.Crystal.Leya.Desantis.And.Nata.Gold.1080p.sanet
2026-07-08 17:29:37,445 [1] INFO System.Windows.Forms.Form - OnDragEnter Form
2026-07-08 17:29:37,694 [1] INFO System.Windows.Forms.Form - OnDragEnter Panel1
2026-07-08 17:29:39,785 [1] INFO System.Windows.Forms.Form - Clean Filename:E:\Downloads\SaNet.st_QueenGreatest_Hits
2026-07-08 17:30:16,903 [1] INFO System.Windows.Forms.Form - OnDragEnter Form
2026-07-08 17:30:16,930 [1] INFO System.Windows.Forms.Form - OnDragEnter Panel1
2026-07-08 17:30:18,699 [1] INFO System.Windows.Forms.Form - Clean Filename:E:\Downloads\Queen - Greatest Hits\SaNet.st_QueenGreatest_Hits
2026-07-08 17:31:44,801 [1] INFO System.Windows.Forms.Form - OnDragEnter Form
2026-07-08 17:31:45,136 [1] INFO System.Windows.Forms.Form - OnDragEnter Panel3
2026-07-08 17:31:46,669 [1] INFO System.Windows.Forms.Form - File to Add Music extension:E:\Downloads\Queen - Greatest Hits
2026-07-08 17:32:53,424 [1] INFO System.Windows.Forms.Form - OnDragEnter Form
2026-07-08 17:32:53,493 [1] INFO System.Windows.Forms.Form - OnDragEnter Panel1
2026-07-08 17:32:55,009 [1] INFO System.Windows.Forms.Form - Clean Filename:E:\Downloads\sanet.st_Queen_-_Greatest_Hits_IIFLAC_(16bit-44.1kHz)
2026-07-08 17:32:55,038 [1] INFO System.Windows.Forms.Form - Clean Filename:E:\Downloads\sanet.st_Queen_-_Greatest_Hits_IIMP3
2026-07-08 17:32:55,057 [1] INFO System.Windows.Forms.Form - Clean Filename:E:\Downloads\sanet.st_Queen_-_Greatest_Hits_IIFLAC_(24bit-44.1kHz)
2026-07-08 17:32:55,075 [1] INFO System.Windows.Forms.Form - Clean Filename:E:\Downloads\SaNet.st_richie-renaissanceMP3
2026-07-08 17:32:55,091 [1] INFO System.Windows.Forms.Form - Clean Filename:E:\Downloads\SaNet.st_richie-renaissanceFLAC
2026-07-08 17:53:03,815 [1] INFO System.Windows.Forms.Form - OnDragEnter Form
2026-07-08 17:53:03,963 [1] INFO System.Windows.Forms.Form - OnDragEnter Panel3
2026-07-08 17:53:05,749 [1] INFO System.Windows.Forms.Form - File to Add Music extension:O:\Music\Artist\Lionel Richie\Lionel Richie - Renaissance (Deluxe Edition) (2021)
2026-07-08 17:53:44,174 [1] INFO System.Windows.Forms.Form - OnDragEnter Form
2026-07-08 17:53:44,196 [1] INFO System.Windows.Forms.Form - OnDragEnter Panel4
2026-07-08 17:53:44,205 [1] INFO System.Windows.Forms.Form - OnDragEnter Form
2026-07-08 17:53:44,288 [1] INFO System.Windows.Forms.Form - OnDragEnter Panel3
2026-07-08 17:53:46,604 [1] INFO System.Windows.Forms.Form - File to Add Music extension:O:\Music\Artist\Lionel Richie\Lionel Richie - Rrenaissance [FLAC]\SaNet.st_richie-renaissanceFLAC\Lionel Richie - Renaissance (Deluxe Edition) (2021) FLAC
2026-07-08 17:53:55,310 [1] INFO System.Windows.Forms.Form - OnDragEnter Form
2026-07-08 17:53:55,443 [1] INFO System.Windows.Forms.Form - OnDragEnter Panel4
2026-07-08 17:53:55,491 [1] INFO System.Windows.Forms.Form - OnDragEnter Form
2026-07-08 17:53:55,548 [1] INFO System.Windows.Forms.Form - OnDragEnter Panel3
2026-07-08 17:53:57,012 [1] INFO System.Windows.Forms.Form - File to Add Music extension:O:\Music\Artist\Lionel Richie\Lionel Richie - Rrenaissance [FLAC]\SaNet.st_richie-renaissanceFLAC\Lionel Richie - Renaissance (Deluxe Edition) (2021) FLAC
2026-07-09 17:11:31,126 [1] INFO System.Windows.Forms.Form - OnDragEnter Form
2026-07-09 17:11:31,268 [1] INFO System.Windows.Forms.Form - OnDragEnter Panel1
2026-07-09 17:11:32,937 [1] INFO System.Windows.Forms.Form - Clean Filename:E:\Downloads\sanet.st_Putting_PowerShell_to_Work
2026-07-10 10:33:34,162 [1] INFO System.Windows.Forms.Form - OnDragEnter Form
2026-07-10 10:33:34,327 [1] INFO System.Windows.Forms.Form - OnDragEnter Panel1
2026-07-10 10:33:36,000 [1] INFO System.Windows.Forms.Form - Clean Filename:E:\Downloads\SANET.STMILFAnal22026
2026-07-10 10:33:36,558 [1] INFO System.Windows.Forms.Form - Clean Filename:E:\Downloads\SANET.ST-MILF_Anal_2_2026
2026-07-10 10:33:36,572 [1] INFO System.Windows.Forms.Form - Clean Filename:E:\Downloads\PassionsOnly.25.07.17.Syren.De.Mer.Dee.Williams.1080p.sanet
2026-07-10 10:33:36,603 [1] INFO System.Windows.Forms.Form - Clean Filename:E:\Downloads\AdultTime.25.10.16.Syren.D.Mer.Alexis.Malone.Rachel.Steele.Lind.Tech.Help.Overload.1080p.sanet
2026-07-10 10:33:36,627 [1] INFO System.Windows.Forms.Form - Clean Filename:E:\Downloads\MomWantsCreampie.26.07.10Mer.Stop.Cumming.In.Your.Sheets.1080p.sanet
2026-07-10 10:33:36,652 [1] INFO System.Windows.Forms.Form - Clean Filename:E:\Downloads\TabooHeat.26.07.07.Cory.Chase.And.Stephanie.Love.1080p.sanet
2026-07-10 10:33:36,678 [1] INFO System.Windows.Forms.Form - Clean Filename:E:\Downloads\SANET.ST-Digital_Sin_-_My_Big_Boobed_Sister_6_2026
2026-07-10 10:33:36,690 [1] INFO System.Windows.Forms.Form - Clean Filename:E:\Downloads\DadsLovePorn.26.06.23.Zoey.Uso.1080p.sanet
2026-07-10 10:33:36,718 [1] INFO System.Windows.Forms.Form - Clean Filename:E:\Downloads\BigTitsRoundAsses.26.04.25.Gem.Jewels.And.Zoey.Uso.1080p.sanet
2026-07-10 10:33:36,747 [1] INFO System.Windows.Forms.Form - Clean Filename:E:\Downloads\Nympho.26.05.29.Lucky.Kay.Love.Zoey.Uso.1080p.sanet
2026-07-10 10:33:36,773 [1] INFO System.Windows.Forms.Form - Clean Filename:E:\Downloads\Putting PowerShell to Work
2026-07-10 10:33:36,787 [1] INFO System.Windows.Forms.Form - Clean Filename:E:\Downloads\RoccoSiffredi.26.03.27.Amber.Bloom.1080p.sanet
2026-07-12 14:10:19,141 [1] INFO System.Windows.Forms.Form - OnDragEnter Form
2026-07-12 14:10:19,168 [1] INFO System.Windows.Forms.Form - OnDragEnter Panel1
2026-07-12 14:10:20,776 [1] INFO System.Windows.Forms.Form - Clean Filename:E:\Downloads\sanet.st_Putting_PowerShell_to_Work
2026-07-12 14:10:23,225 [1] INFO System.Windows.Forms.Form - Clean Filename:E:\Downloads\sanet.stQ2011
2026-07-12 14:10:23,246 [1] INFO System.Windows.Forms.Form - Clean Filename:E:\Downloads\sanet.st_PowerShell in 7 Days_nodrm
2026-07-12 14:10:23,280 [1] INFO System.Windows.Forms.Form - Clean Filename:E:\Downloads\sanet.st-Mastering_Powershell_Beginner_To_Efficient_Level
2026-07-12 14:10:23,316 [1] INFO System.Windows.Forms.Form - Clean Filename:E:\Downloads\Prompting_PowerShell_for_IT_Automation.sanet
2026-07-13 15:22:45,085 [1] INFO System.Windows.Forms.Form - OnDragEnter Form
2026-07-13 15:22:45,167 [1] INFO System.Windows.Forms.Form - OnDragEnter Panel2
2026-07-13 15:22:48,806 [1] INFO System.Windows.Forms.Form - OnDragEnter Form
2026-07-13 15:22:48,837 [1] INFO System.Windows.Forms.Form - OnDragEnter Panel1
2026-07-13 15:22:50,409 [1] INFO System.Windows.Forms.Form - Clean Filename:E:\Downloads\BrazzersExxtra.26.07.13.Abigaiil.Morris.The.Postwoman.Always.Fucks.Twice.1080p.sanet
2026-07-13 15:23:31,270 [1] INFO System.Windows.Forms.Form - OnDragEnter Panel2
2026-07-13 15:23:31,686 [1] INFO System.Windows.Forms.Form - OnDragEnter Form
2026-07-13 15:23:31,710 [1] INFO System.Windows.Forms.Form - OnDragEnter Panel1
2026-07-13 15:23:33,281 [1] INFO System.Windows.Forms.Form - Clean Filename:E:\Downloads\sanet.st-Playboy_Deutschland_-_Nr.08_2026\sanet.st-Playboy_Deutschland_-_Nr.08_2026.pdf
2026-07-13 15:51:04,070 [1] INFO System.Windows.Forms.Form - OnDragEnter Form
2026-07-13 15:51:04,610 [1] INFO System.Windows.Forms.Form - OnDragEnter Panel1
2026-07-13 15:51:06,175 [1] INFO System.Windows.Forms.Form - Clean Filename:Z:\Paso\WIP\Mastering Windows Server 2025 - Fifth Edition\Mastering_Windows_Server_2025_-_Fifth_Edition.sanet.st.pdf
2026-07-14 08:45:12,403 [1] INFO System.Windows.Forms.Form - OnDragEnter Form
2026-07-14 08:45:12,533 [1] INFO System.Windows.Forms.Form - OnDragEnter Panel1
2026-07-14 08:45:14,128 [1] INFO System.Windows.Forms.Form - Clean Filename:E:\Downloads\Sanet.st.FlashForward.S01.1080p.WEBRip.x265-RARBG
2026-07-14 08:46:07,632 [1] INFO System.Windows.Forms.Form - OnDragEnter Form
2026-07-14 08:46:07,644 [1] INFO System.Windows.Forms.Form - OnDragEnter Panel1
2026-07-14 08:46:09,346 [1] INFO System.Windows.Forms.Form - Clean Filename:E:\Downloads\Sanet.st.Beacon.23.S01.1080p.10bit.WEBRip.6CH.x265.HEVC-PSA
2026-07-14 08:46:09,364 [1] INFO System.Windows.Forms.Form - Clean Filename:E:\Downloads\Sanet.st.Beacon.23.S02.1080p.10bit.WEBRip.6CH.x265.HEVC-PSA
2026-07-14 14:24:38,391 [1] INFO System.Windows.Forms.Form - OnDragEnter Panel1
2026-07-14 14:24:40,063 [1] INFO System.Windows.Forms.Form - Clean Filename:E:\Downloads\TabooHeat.26.07.14.Cory.Chase.Mandi.Love.Amiee.And.Melanie.1080p.sanet
2026-07-14 15:54:04,322 [1] INFO System.Windows.Forms.Form - OnDragEnter Form
2026-07-14 15:54:04,680 [1] INFO System.Windows.Forms.Form - OnDragEnter Panel1
2026-07-14 15:54:06,339 [1] INFO System.Windows.Forms.Form - Clean Filename:E:\Downloads\TabooHeat.26.07.14.Cory.Chase.Mandi.Love.Amiee.And.Melanie.1080p
2026-07-14 15:54:06,369 [1] INFO System.Windows.Forms.Form - Clean Filename:E:\Downloads\caribbeancom.24.04.27.momoka.ogawa.hinata.sagiri.ayase.tsuyuri.and.kurumi.kokoro.sanet
2026-07-14 15:54:06,398 [1] INFO System.Windows.Forms.Form - Clean Filename:E:\Downloads\SaNet.st_Movie-Songs
2026-07-14 15:54:06,411 [1] INFO System.Windows.Forms.Form - Clean Filename:E:\Downloads\Kenpo Karate Sets; block set - AIK
2026-07-14 15:54:06,424 [1] INFO System.Windows.Forms.Form - Clean Filename:E:\Downloads\Kenpo Karate Sets; Coordination Set 1
2026-07-14 15:54:06,437 [1] INFO System.Windows.Forms.Form - Clean Filename:E:\Downloads\SANET.ST-Haem_1991
2026-07-14 15:54:06,464 [1] INFO System.Windows.Forms.Form - Clean Filename:E:\Downloads\SANET.ST-Aladin_And_The_Aal_Priesses1994
2026-07-14 15:54:06,490 [1] INFO System.Windows.Forms.Form - Clean Filename:E:\Downloads\SANET.ST-Storage_Whore_Orgy_2016
2026-07-15 09:34:45,416 [1] INFO System.Windows.Forms.Form - OnDragEnter Form
2026-07-15 09:34:45,463 [1] INFO System.Windows.Forms.Form - OnDragEnter Panel2
2026-07-15 09:34:45,995 [1] INFO System.Windows.Forms.Form - OnDragEnter Form
2026-07-15 09:34:46,025 [1] INFO System.Windows.Forms.Form - OnDragEnter Panel1
2026-07-15 09:34:47,557 [1] INFO System.Windows.Forms.Form - Clean Filename:E:\Downloads\sanet.st_HL_Paris.Lincoln_720p
2026-07-15 09:34:47,624 [1] INFO System.Windows.Forms.Form - Clean Filename:E:\Downloads\BrazzersExxtra.26.07.02.Catch.The.FeverOf.Soccer.Sluts.1080p.sanet
2026-07-15 09:34:47,687 [1] INFO System.Windows.Forms.Form - Clean Filename:E:\Downloads\MILFY.26.06.03.Anissa.Kate.1080p.sanet
2026-07-15 09:34:47,726 [1] INFO System.Windows.Forms.Form - Clean Filename:E:\Downloads\sanet.st_PW_Angel_Shalina_480p
2026-07-15 09:34:47,770 [1] INFO System.Windows.Forms.Form - Clean Filename:E:\Downloads\Analized.23.02.07.Angel.Wicky.XXX.1080p.sanet
2026-07-15 09:34:47,813 [1] INFO System.Windows.Forms.Form - Clean Filename:E:\Downloads\sanet.stFGOAngel.Wicky720p
2026-07-15 10:43:34,935 [1] INFO System.Windows.Forms.Form - OnDragEnter Form
2026-07-15 10:43:35,009 [1] INFO System.Windows.Forms.Form - OnDragEnter Panel1
2026-07-15 10:43:36,591 [1] INFO System.Windows.Forms.Form - Clean Filename:E:\Downloads\sanet.st_M_Paris.Lincoln_720p
2026-07-15 10:47:53,345 [1] INFO System.Windows.Forms.Form - OnDragEnter Panel1
2026-07-15 10:47:54,820 [1] INFO System.Windows.Forms.Form - Clean Filename:E:\Downloads\AdultTime.25.08.13.Adira.Allure.1080p.sanet
2026-07-15 12:14:59,655 [1] INFO System.Windows.Forms.Form - OnDragEnter Form
2026-07-15 12:14:59,762 [1] INFO System.Windows.Forms.Form - OnDragEnter Panel1
2026-07-15 12:15:01,392 [1] INFO System.Windows.Forms.Form - Clean Filename:E:\Downloads\HerLimit.26.04.06.Parin.Lincoln.1080p.sanet
2026-07-16 15:12:48,725 [1] INFO System.Windows.Forms.Form - OnDragEnter Form
2026-07-16 15:12:48,963 [1] INFO System.Windows.Forms.Form - OnDragEnter Panel1
2026-07-16 15:12:50,597 [1] INFO System.Windows.Forms.Form - Clean Filename:E:\Downloads\9781805804390.sanet
2026-07-16 16:23:51,409 [1] INFO System.Windows.Forms.Form - OnDragEnter Form
2026-07-16 16:23:51,421 [1] INFO System.Windows.Forms.Form - OnDragEnter Panel1
2026-07-16 16:23:53,156 [1] INFO System.Windows.Forms.Form - Clean Filename:K:\Movies\HD\Musical\Bob.Marley.One.Love.2024.iTA-ENG.Bluray.1080p.x264-CYBER.SANET
2026-07-17 09:51:51,704 [1] INFO System.Windows.Forms.Form - OnDragEnter Form
2026-07-17 09:51:51,935 [1] INFO System.Windows.Forms.Form - OnDragEnter Panel1
2026-07-17 09:51:53,528 [1] INFO System.Windows.Forms.Form - Clean Filename:E:\Downloads\S@NET.ST_C@rl_S@g@n's_C0sm0s
2026-07-17 12:50:41,191 [1] INFO System.Windows.Forms.Form - OnDragEnter Form
2026-07-17 12:50:41,221 [1] INFO System.Windows.Forms.Form - OnDragEnter Panel1
2026-07-17 12:50:43,597 [1] INFO System.Windows.Forms.Form - Clean Filename:E:\Downloads\BrattySis.26.07.17.Haley.Spades.And.Juniper.Ren.1080p.sanet
2026-07-17 12:54:00,626 [1] INFO System.Windows.Forms.Form - OnDragEnter Panel1
2026-07-17 12:54:02,222 [1] INFO System.Windows.Forms.Form - Clean Filename:E:\Downloads\SANET.ST-Karl_Fickt_Gern_Anal_1986
2026-07-17 12:54:05,173 [1] INFO System.Windows.Forms.Form - OnDragEnter Form
2026-07-17 12:54:05,237 [1] INFO System.Windows.Forms.Form - OnDragEnter Panel1
2026-07-17 12:54:07,170 [1] INFO System.Windows.Forms.Form - Clean Filename:E:\Downloads\SANET.ST-Step.Siblings.with.Benefits.Vol.14_2026
2026-07-17 13:10:20,860 [1] INFO System.Windows.Forms.Form - OnDragEnter Form
2026-07-17 13:10:20,890 [1] INFO System.Windows.Forms.Form - OnDragEnter Panel3
2026-07-17 13:10:22,703 [1] INFO System.Windows.Forms.Form - File to Add Music extension:E:\Downloads\Movie-Songs\VA - Movie Songs
2026-07-17 15:13:08,138 [1] INFO System.Windows.Forms.Form - OnDragEnter Form
2026-07-17 15:13:08,559 [1] INFO System.Windows.Forms.Form - OnDragEnter Panel1
2026-07-17 15:13:10,552 [1] INFO System.Windows.Forms.Form - Clean Filename:E:\Downloads\SANET.ST_Docker_Essentials_Hands-On_Docker_for_Developers
2026-07-20 09:50:08,347 [1] INFO System.Windows.Forms.Form - OnDragEnter Form
2026-07-20 09:50:08,356 [1] INFO System.Windows.Forms.Form - OnDragEnter Panel1
2026-07-20 09:50:09,945 [1] INFO System.Windows.Forms.Form - Clean Filename:E:\Downloads\Vixen.26.05.07.Emiri.Momota.Vixi.Rafi.1080p.sanet
2026-07-20 14:59:59,572 [1] INFO System.Windows.Forms.Form - OnDragEnter Panel1
2026-07-20 15:00:01,538 [1] INFO System.Windows.Forms.Form - Clean Filename:E:\Downloads\6233E72589D49CA\Sanet.st_College Entrance Math Problem Bank 1500 Practice Questions.epub
2026-07-20 15:22:03,863 [1] INFO System.Windows.Forms.Form - OnDragEnter Form
2026-07-20 15:22:04,031 [1] INFO System.Windows.Forms.Form - OnDragEnter Panel1
2026-07-20 15:22:05,600 [1] INFO System.Windows.Forms.Form - Clean Filename:O:\RS\Video\TeamSkeet\M_Lolly_Lucy_720p
2026-07-20 17:15:57,156 [1] INFO System.Windows.Forms.Form - OnDragEnter Form
2026-07-20 17:15:57,163 [1] INFO System.Windows.Forms.Form - OnDragEnter Panel1
2026-07-20 17:15:58,701 [1] INFO System.Windows.Forms.Form - Clean Filename:E:\Downloads\caribbeancom.25.09.02.momoka.ogawa.and.mayu.komikawa.do.it.like.a.teacher.love.semen.edition.sanet
2026-07-20 17:15:58,739 [1] INFO System.Windows.Forms.Form - Clean Filename:E:\Downloads\caribbeancom.26.05.09.mai.honda.and.eri.saeki.a.forced.intimate.reverse.threesome.with.two.fabulous.lewd.senior.girls.sanet
2026-07-21 12:40:02,572 [1] INFO System.Windows.Forms.Form - OnDragEnter Form
2026-07-21 12:40:02,607 [1] INFO System.Windows.Forms.Form - OnDragEnter Panel1
2026-07-21 12:40:04,204 [1] INFO System.Windows.Forms.Form - Clean Filename:E:\Downloads\SANET.ST-2_Soeurs_A_Enculer_1998\2_Soeurs_A_Enculer.mp4
2026-07-21 12:42:51,477 [1] INFO System.Windows.Forms.Form - OnDragEnter Form
2026-07-21 12:42:51,584 [1] INFO System.Windows.Forms.Form - OnDragEnter Panel1
2026-07-21 12:42:53,121 [1] INFO System.Windows.Forms.Form - Clean Filename:E:\Downloads\SANET.ST-2_Soeurs_A_Enculer_1998
2026-07-21 16:35:03,809 [1] INFO System.Windows.Forms.Form - OnDragEnter Form
2026-07-21 16:35:03,973 [1] INFO System.Windows.Forms.Form - OnDragEnter Panel1
2026-07-21 16:35:05,703 [1] INFO System.Windows.Forms.Form - Clean Filename:E:\Downloads\SANET.ST-Love_and_Pain_1998
2026-07-21 16:35:05,738 [1] INFO System.Windows.Forms.Form - Clean Filename:E:\Downloads\sanet.st.rnsdthtrfs2
2026-07-21 16:35:05,753 [1] INFO System.Windows.Forms.Form - Clean Filename:E:\Downloads\SANET.ST-Guys_Lured_into_with_Two_Cuties_2026
2026-07-21 16:35:05,784 [1] INFO System.Windows.Forms.Form - Clean Filename:E:\Downloads\Michael.2026.1080p.BluRay.x265.SDR.DDP.Atmos.7.1.English.-.DarQ-HONE_..SANET
2026-07-22 09:18:06,424 [1] INFO System.Windows.Forms.Form - OnDragEnter Panel1
2026-07-22 09:18:07,258 [1] INFO System.Windows.Forms.Form - OnDragEnter Form
2026-07-22 09:18:07,291 [1] INFO System.Windows.Forms.Form - OnDragEnter Panel2
2026-07-22 09:18:07,394 [1] INFO System.Windows.Forms.Form - OnDragEnter Form
2026-07-22 09:18:07,433 [1] INFO System.Windows.Forms.Form - OnDragEnter Panel3
2026-07-22 09:18:09,152 [1] INFO System.Windows.Forms.Form - File to Add Music extension:O:\Music\Artist\Prince\Prince - Studio Nights [1996] 320
2026-07-22 09:56:40,229 [1] INFO System.Windows.Forms.Form - OnDragEnter Form
2026-07-22 09:56:40,485 [1] INFO System.Windows.Forms.Form - OnDragEnter Panel3
2026-07-22 09:56:42,832 [1] INFO System.Windows.Forms.Form - File to Add Music extension:E:\Downloads\Bing Crosby\Bing Crosby - Bing-His Legendary Years 1931-1957 (1993)
2026-07-23 08:46:39,128 [1] INFO System.Windows.Forms.Form - OnDragEnter Form
2026-07-23 08:46:39,165 [1] INFO System.Windows.Forms.Form - OnDragEnter Panel1
2026-07-23 08:46:40,802 [1] INFO System.Windows.Forms.Form - Clean Filename:E:\Downloads\SANET.ST-Rae_West_In_Anal_Sex_Therapist_2026
2026-07-23 08:47:11,183 [1] INFO System.Windows.Forms.Form - OnDragEnter Form
2026-07-23 08:47:11,269 [1] INFO System.Windows.Forms.Form - OnDragEnter Panel1
2026-07-23 08:47:13,136 [1] INFO System.Windows.Forms.Form - Clean Filename:E:\Downloads\SANET.ST-Private_Gold_5._Cape_Town_1__1996
2026-07-23 08:47:13,168 [1] INFO System.Windows.Forms.Form - Clean Filename:E:\Downloads\SANET.ST-Private_Gold_6._Cape_Town_2__1996
2026-07-23 10:20:03,805 [1] INFO System.Windows.Forms.Form - OnDragEnter Form
2026-07-23 10:20:03,857 [1] INFO System.Windows.Forms.Form - OnDragEnter CRC
2026-07-23 10:20:05,767 [1] INFO System.Windows.Forms.Form - Folder to clean:N:\3D Figures\DC\Batman Urban
2026-07-23 10:20:05,951 [1] INFO System.Windows.Forms.Form - File to Erase:N:\3D Figures\DC\Batman Urban\3D Models.txt
2026-07-23 10:20:06,140 [1] INFO System.Windows.Forms.Form - File to Erase:N:\3D Figures\DC\Batman Urban\DesireFX.me.stl
2026-07-23 10:20:08,144 [1] INFO System.Windows.Forms.Form - File to Erase:N:\3D Figures\DC\Batman Urban\Pad.STL
2026-07-23 10:20:08,249 [1] INFO System.Windows.Forms.Form - File to Erase:N:\3D Figures\DC\Batman Urban\STL 3D Print Models.url
2026-07-23 10:20:08,358 [1] INFO System.Windows.Forms.Form - File to Erase:N:\3D Figures\DC\Batman Urban\STL Boost 3D Print.txt
2026-07-23 10:20:08,468 [1] INFO System.Windows.Forms.Form - File to Erase:N:\3D Figures\DC\Batman Urban\STL Boost.url
2026-07-23 10:20:08,632 [1] INFO System.Windows.Forms.Form - File to Erase:N:\3D Figures\DC\Batman Urban\STL Free.stl
2026-07-23 10:20:08,856 [1] INFO System.Windows.Forms.Form - File to Erase:N:\3D Figures\DC\Batman Urban\Telegram Channel Free Models.stl
2026-07-23 10:20:08,973 [1] INFO System.Windows.Forms.Form - File to Erase:N:\3D Figures\DC\Batman Urban\Telegram- Contact CG Model.url
2026-07-23 11:30:29,182 [1] INFO System.Windows.Forms.Form - OnDragEnter CRC
2026-07-23 11:30:30,725 [1] INFO System.Windows.Forms.Form - Folder to clean:N:\3D Figures\Accesories\Organic pencil holder
2026-07-23 11:30:30,930 [1] INFO System.Windows.Forms.Form - File to Erase:N:\3D Figures\Accesories\Organic pencil holder\3D Models.txt
2026-07-23 11:30:37,312 [1] INFO System.Windows.Forms.Form - File to Erase:N:\3D Figures\Accesories\Organic pencil holder\DesireFX.me.stl
2026-07-23 11:30:37,439 [1] INFO System.Windows.Forms.Form - File to Erase:N:\3D Figures\Accesories\Organic pencil holder\Pad.STL
2026-07-23 11:30:38,031 [1] INFO System.Windows.Forms.Form - File to Erase:N:\3D Figures\Accesories\Organic pencil holder\STL 3D Print Models.url
2026-07-23 11:30:38,155 [1] INFO System.Windows.Forms.Form - File to Erase:N:\3D Figures\Accesories\Organic pencil holder\STL Boost 3D Print.txt
2026-07-23 11:30:38,279 [1] INFO System.Windows.Forms.Form - File to Erase:N:\3D Figures\Accesories\Organic pencil holder\STL Boost.url
2026-07-23 11:30:38,497 [1] INFO System.Windows.Forms.Form - File to Erase:N:\3D Figures\Accesories\Organic pencil holder\STL Free.stl
2026-07-23 11:30:38,787 [1] INFO System.Windows.Forms.Form - File to Erase:N:\3D Figures\Accesories\Organic pencil holder\Telegram Channel Free Models.stl
2026-07-23 11:30:38,916 [1] INFO System.Windows.Forms.Form - File to Erase:N:\3D Figures\Accesories\Organic pencil holder\Telegram- Contact CG Model.url
2026-07-23 11:32:48,832 [1] INFO System.Windows.Forms.Form - OnDragEnter Form
2026-07-23 11:32:48,902 [1] INFO System.Windows.Forms.Form - OnDragEnter CRC
2026-07-23 11:32:50,551 [1] INFO System.Windows.Forms.Form - Folder to clean:N:\3D Figures\Accesories\Phone holder
2026-07-23 11:32:50,693 [1] INFO System.Windows.Forms.Form - File to Erase:N:\3D Figures\Accesories\Phone holder\3D Models.txt
2026-07-23 11:32:50,960 [1] INFO System.Windows.Forms.Form - File to Erase:N:\3D Figures\Accesories\Phone holder\DesireFX.me.stl
2026-07-23 11:32:51,082 [1] INFO System.Windows.Forms.Form - File to Erase:N:\3D Figures\Accesories\Phone holder\Pad.STL
2026-07-23 11:32:51,189 [1] INFO System.Windows.Forms.Form - File to Erase:N:\3D Figures\Accesories\Phone holder\STL 3D Print Models.url
2026-07-23 11:32:51,297 [1] INFO System.Windows.Forms.Form - File to Erase:N:\3D Figures\Accesories\Phone holder\STL Boost 3D Print.txt
2026-07-23 11:32:51,405 [1] INFO System.Windows.Forms.Form - File to Erase:N:\3D Figures\Accesories\Phone holder\STL Boost.url
2026-07-23 11:32:51,575 [1] INFO System.Windows.Forms.Form - File to Erase:N:\3D Figures\Accesories\Phone holder\STL Free.stl
2026-07-23 11:32:51,802 [1] INFO System.Windows.Forms.Form - File to Erase:N:\3D Figures\Accesories\Phone holder\Telegram Channel Free Models.stl
2026-07-23 11:32:51,919 [1] INFO System.Windows.Forms.Form - File to Erase:N:\3D Figures\Accesories\Phone holder\Telegram- Contact CG Model.url
2026-07-23 12:02:55,697 [1] INFO System.Windows.Forms.Form - OnDragEnter Panel3
2026-07-23 12:02:55,971 [1] INFO System.Windows.Forms.Form - OnDragEnter Form
2026-07-23 12:02:55,986 [1] INFO System.Windows.Forms.Form - OnDragEnter Panel4
2026-07-23 12:02:56,259 [1] INFO System.Windows.Forms.Form - OnDragEnter Form
2026-07-23 12:02:56,314 [1] INFO System.Windows.Forms.Form - OnDragEnter CRC
2026-07-23 12:02:58,402 [1] INFO System.Windows.Forms.Form - Folder to clean:N:\3D Figures\Movies - TV\Judy Hopps
2026-07-23 12:02:59,135 [1] INFO System.Windows.Forms.Form - File to Erase:N:\3D Figures\Movies - TV\Judy Hopps\3D Models.txt
2026-07-23 12:02:59,299 [1] INFO System.Windows.Forms.Form - File to Erase:N:\3D Figures\Movies - TV\Judy Hopps\DesireFX.me.stl
2026-07-23 12:02:59,416 [1] INFO System.Windows.Forms.Form - File to Erase:N:\3D Figures\Movies - TV\Judy Hopps\Pad.STL
2026-07-23 12:02:59,864 [1] INFO System.Windows.Forms.Form - File to Erase:N:\3D Figures\Movies - TV\Judy Hopps\STL 3D Print Models.url
2026-07-23 12:02:59,974 [1] INFO System.Windows.Forms.Form - File to Erase:N:\3D Figures\Movies - TV\Judy Hopps\STL Boost 3D Print.txt
2026-07-23 12:03:00,082 [1] INFO System.Windows.Forms.Form - File to Erase:N:\3D Figures\Movies - TV\Judy Hopps\STL Boost.url
2026-07-23 12:03:00,260 [1] INFO System.Windows.Forms.Form - File to Erase:N:\3D Figures\Movies - TV\Judy Hopps\STL Free.stl
2026-07-23 12:03:00,492 [1] INFO System.Windows.Forms.Form - File to Erase:N:\3D Figures\Movies - TV\Judy Hopps\Telegram Channel Free Models.stl
2026-07-23 12:03:00,611 [1] INFO System.Windows.Forms.Form - File to Erase:N:\3D Figures\Movies - TV\Judy Hopps\Telegram- Contact CG Model.url
2026-07-23 12:05:43,301 [1] INFO System.Windows.Forms.Form - OnDragEnter CRC
2026-07-23 12:05:45,920 [1] INFO System.Windows.Forms.Form - Folder to clean:N:\3D Figures\Movies - TV\Predator Original
2026-07-23 12:05:46,060 [1] INFO System.Windows.Forms.Form - File to Erase:N:\3D Figures\Movies - TV\Predator Original\3D Models.txt
2026-07-23 12:05:46,224 [1] INFO System.Windows.Forms.Form - File to Erase:N:\3D Figures\Movies - TV\Predator Original\DesireFX.me.stl
2026-07-23 12:05:46,654 [1] INFO System.Windows.Forms.Form - File to Erase:N:\3D Figures\Movies - TV\Predator Original\Pad.STL
2026-07-23 12:05:46,775 [1] INFO System.Windows.Forms.Form - File to Erase:N:\3D Figures\Movies - TV\Predator Original\STL 3D Print Models.url
2026-07-23 12:05:46,884 [1] INFO System.Windows.Forms.Form - File to Erase:N:\3D Figures\Movies - TV\Predator Original\STL Boost 3D Print.txt
2026-07-23 12:05:46,995 [1] INFO System.Windows.Forms.Form - File to Erase:N:\3D Figures\Movies - TV\Predator Original\STL Boost.url
2026-07-23 12:05:47,160 [1] INFO System.Windows.Forms.Form - File to Erase:N:\3D Figures\Movies - TV\Predator Original\STL Free.stl
2026-07-23 12:05:47,410 [1] INFO System.Windows.Forms.Form - File to Erase:N:\3D Figures\Movies - TV\Predator Original\Telegram Channel Free Models.stl
2026-07-23 12:05:47,524 [1] INFO System.Windows.Forms.Form - File to Erase:N:\3D Figures\Movies - TV\Predator Original\Telegram- Contact CG Model.url
2026-07-23 15:30:03,985 [1] INFO System.Windows.Forms.Form - OnDragEnter CRC
2026-07-23 15:30:05,594 [1] INFO System.Windows.Forms.Form - Folder to clean:N:\3D Figures\DC\VS3D - The Joker (Heath Ledger) - DC Comics
2026-07-23 15:35:38,817 [1] INFO System.Windows.Forms.Form - OnDragEnter Form
2026-07-23 15:35:38,936 [1] INFO System.Windows.Forms.Form - OnDragEnter CRC
2026-07-23 15:35:40,577 [1] INFO System.Windows.Forms.Form - Folder to clean:N:\3D Figures\DC\VS3D - The Joker (Heath Ledger) - DC Comics\STL
2026-07-24 10:04:08,625 [1] INFO System.Windows.Forms.Form - OnDragEnter Form
2026-07-24 10:04:08,643 [1] INFO System.Windows.Forms.Form - OnDragEnter Panel2
2026-07-24 10:04:08,761 [1] INFO System.Windows.Forms.Form - OnDragEnter Form
2026-07-24 10:04:08,813 [1] INFO System.Windows.Forms.Form - OnDragEnter Panel1
2026-07-24 10:04:10,432 [1] INFO System.Windows.Forms.Form - Clean Filename:O:\RS\Video\Private\Anal_Lovers_11_720
2026-07-24 12:07:53,774 [1] INFO System.Windows.Forms.Form - OnDragEnter Form
2026-07-24 12:07:53,821 [1] INFO System.Windows.Forms.Form - OnDragEnter Panel1
2026-07-24 12:07:55,559 [1] INFO System.Windows.Forms.Form - Clean Filename:E:\Downloads\DigitalPlayground.26.07.23.Ameena.Green.The.Iron.Hunt.1080p.sanet
2026-07-24 12:19:23,327 [1] INFO System.Windows.Forms.Form - OnDragEnter Panel1
2026-07-24 12:19:25,049 [1] INFO System.Windows.Forms.Form - Clean Filename:E:\Downloads\TabooHeat.26.07.14.Cory.Chase.Mandi.Love.Amiee.And.Melanie.1080p.sanet
2026-07-24 12:19:25,254 [1] INFO System.Windows.Forms.Form - Clean Filename:E:\Downloads\TabooHeat.26.07.23.Cory.Chase.Amiee.Cambridge.Melanie.Hicks.Mandi.Love.1080p.sanet
2026-07-24 18:02:35,385 [1] INFO System.Windows.Forms.Form - OnDragEnter Panel2
2026-07-24 18:02:35,417 [1] INFO System.Windows.Forms.Form - OnDragEnter Panel1
2026-07-24 18:02:37,035 [1] INFO System.Windows.Forms.Form - Clean Filename:E:\Downloads\DigitalPlayground.26.07.02.Brooke.Tilli.The.Double.Agents.Part.2.1080p.sanet
2026-07-25 16:28:44,194 [1] INFO System.Windows.Forms.Form - OnDragEnter Form
2026-07-25 16:28:44,305 [1] INFO System.Windows.Forms.Form - OnDragEnter Panel1
2026-07-25 16:28:46,057 [1] INFO System.Windows.Forms.Form - Clean Filename:E:\Downloads\BlacksOnBlondes.26.06.19.Cyber.Doll.1080p.sanet
2026-07-25 16:30:29,274 [1] INFO System.Windows.Forms.Form - OnDragEnter Form
2026-07-25 16:30:36,801 [1] INFO System.Windows.Forms.Form - OnDragEnter Form
2026-07-25 16:30:36,881 [1] INFO System.Windows.Forms.Form - OnDragEnter Panel1
2026-07-25 16:30:38,623 [1] INFO System.Windows.Forms.Form - Clean Filename:E:\Downloads\BrazzersExxtra.26.06.15.Cassie.Lenoir.And.Cyber.Doll.Naughty.Ranch.Hand.1080p.sanet
2026-07-25 16:30:38,768 [1] INFO System.Windows.Forms.Form - Clean Filename:E:\Downloads\AnalOnly.26.05.07.Lilith.Grace.Aviana.Violet.1080p.sanet
2026-07-25 16:30:38,858 [1] INFO System.Windows.Forms.Form - Clean Filename:E:\Downloads\Masters.Of.The.Universe.2026.2160p.WebRip.Opus.5.1.DV.HDR.x265-Lootera_..SANET
2026-07-27 16:44:54,688 [1] INFO System.Windows.Forms.Form - OnDragEnter Form
2026-07-27 16:44:54,699 [1] INFO System.Windows.Forms.Form - OnDragEnter Panel3
2026-07-27 16:44:54,772 [1] INFO System.Windows.Forms.Form - OnDragEnter Form
2026-07-27 16:44:55,220 [1] INFO System.Windows.Forms.Form - OnDragEnter Panel3
2026-07-27 16:44:57,011 [1] INFO System.Windows.Forms.Form - File to Add Music extension:E:\Downloads\VA - Les plus belles chansons françaises
2026-07-27 16:45:28,875 [1] INFO System.Windows.Forms.Form - OnDragEnter Form
2026-07-27 16:45:28,957 [1] INFO System.Windows.Forms.Form - OnDragEnter Panel3
2026-07-27 16:45:30,662 [1] INFO System.Windows.Forms.Form - File to Add Music extension:E:\Downloads\VA - Les plus belles chansons françaises
2026-07-27 16:47:15,980 [1] INFO System.Windows.Forms.Form - OnDragEnter Form
2026-07-27 16:47:16,153 [1] INFO System.Windows.Forms.Form - OnDragEnter CRC
2026-07-27 16:47:19,073 [1] INFO System.Windows.Forms.Form - OnDragEnter Form
2026-07-27 16:47:19,159 [1] INFO System.Windows.Forms.Form - OnDragEnter Panel4
2026-07-27 16:47:19,479 [1] INFO System.Windows.Forms.Form - OnDragEnter Form
2026-07-27 16:47:19,543 [1] INFO System.Windows.Forms.Form - OnDragEnter CRC
2026-07-27 16:48:57,789 [1] INFO System.Windows.Forms.Form - OnDragEnter CRC
2026-07-27 16:48:59,663 [1] INFO System.Windows.Forms.Form - Folder to clean:N:\3D Figures\Misc\Figurine Collection – Cute Girls In Towels – 5 Pieces – 3D Print Model STL
2026-07-27 16:49:01,318 [1] INFO System.Windows.Forms.Form - File to Erase:N:\3D Figures\Misc\Figurine Collection – Cute Girls In Towels – 5 Pieces – 3D Print Model STL\3D Models.txt
2026-07-27 16:49:01,442 [1] INFO System.Windows.Forms.Form - File to Erase:N:\3D Figures\Misc\Figurine Collection – Cute Girls In Towels – 5 Pieces – 3D Print Model STL\Base.stl
2026-07-27 16:49:12,369 [1] INFO System.Windows.Forms.Form - File to Erase:N:\3D Figures\Misc\Figurine Collection – Cute Girls In Towels – 5 Pieces – 3D Print Model STL\Seed.stl
2026-07-27 17:07:20,938 [1] INFO System.Windows.Forms.Form - OnDragEnter Form
2026-07-27 17:07:20,972 [1] INFO System.Windows.Forms.Form - OnDragEnter CRC
2026-07-27 17:07:22,732 [1] INFO System.Windows.Forms.Form - Folder to clean:N:\3D Figures\Misc\CA 3D Studios - Barbarian Queen - 3D Print Model
2026-07-27 17:07:22,874 [1] INFO System.Windows.Forms.Form - File to Erase:N:\3D Figures\Misc\CA 3D Studios - Barbarian Queen - 3D Print Model\3D Print Today.txt
2026-07-27 17:07:44,483 [1] INFO System.Windows.Forms.Form - File to Erase:N:\3D Figures\Misc\CA 3D Studios - Barbarian Queen - 3D Print Model\STL CLAD\+NSFW.txt
2026-07-27 17:07:44,595 [1] INFO System.Windows.Forms.Form - File to Erase:N:\3D Figures\Misc\CA 3D Studios - Barbarian Queen - 3D Print Model\STL CLAD\+NSFW.url
2026-07-27 17:07:44,704 [1] INFO System.Windows.Forms.Form - File to Erase:N:\3D Figures\Misc\CA 3D Studios - Barbarian Queen - 3D Print Model\STL CLAD\3D Print Models STL.url
2026-07-27 17:07:44,822 [1] INFO System.Windows.Forms.Form - File to Erase:N:\3D Figures\Misc\CA 3D Studios - Barbarian Queen - 3D Print Model\STL CLAD\Base.stl
2026-07-27 17:07:44,950 [1] INFO System.Windows.Forms.Form - File to Erase:N:\3D Figures\Misc\CA 3D Studios - Barbarian Queen - 3D Print Model\STL CLAD\Board.stl
2026-07-27 17:07:45,065 [1] INFO System.Windows.Forms.Form - File to Erase:N:\3D Figures\Misc\CA 3D Studios - Barbarian Queen - 3D Print Model\STL CLAD\Miniatures STL.url
2026-07-27 17:07:45,191 [1] INFO System.Windows.Forms.Form - File to Erase:N:\3D Figures\Misc\CA 3D Studios - Barbarian Queen - 3D Print Model\STL CLAD\Miniatures.STL
2026-07-27 17:07:45,302 [1] INFO System.Windows.Forms.Form - File to Erase:N:\3D Figures\Misc\CA 3D Studios - Barbarian Queen - 3D Print Model\STL CLAD\Miniatures.txt
2026-07-27 17:07:45,432 [1] INFO System.Windows.Forms.Form - File to Erase:N:\3D Figures\Misc\CA 3D Studios - Barbarian Queen - 3D Print Model\STL CLAD\Pad.STL
2026-07-27 17:07:45,542 [1] INFO System.Windows.Forms.Form - File to Erase:N:\3D Figures\Misc\CA 3D Studios - Barbarian Queen - 3D Print Model\STL CLAD\Print.STL
2026-07-27 17:07:45,650 [1] INFO System.Windows.Forms.Form - File to Erase:N:\3D Figures\Misc\CA 3D Studios - Barbarian Queen - 3D Print Model\STL CLAD\PrintMe.txt
2026-07-27 17:07:45,759 [1] INFO System.Windows.Forms.Form - File to Erase:N:\3D Figures\Misc\CA 3D Studios - Barbarian Queen - 3D Print Model\STL CLAD\Star Wars.txt
2026-07-27 17:07:45,870 [1] INFO System.Windows.Forms.Form - File to Erase:N:\3D Figures\Misc\CA 3D Studios - Barbarian Queen - 3D Print Model\STL CLAD\Star Wars.url
2026-07-27 17:07:45,980 [1] INFO System.Windows.Forms.Form - File to Erase:N:\3D Figures\Misc\CA 3D Studios - Barbarian Queen - 3D Print Model\STL CLAD\STL 3D Print.txt
2026-07-27 17:07:46,091 [1] INFO System.Windows.Forms.Form - File to Erase:N:\3D Figures\Misc\CA 3D Studios - Barbarian Queen - 3D Print Model\STL CLAD\STL 3D Print.url
2026-07-27 17:07:46,199 [1] INFO System.Windows.Forms.Form - File to Erase:N:\3D Figures\Misc\CA 3D Studios - Barbarian Queen - 3D Print Model\STL CLAD\STL Anime.txt
2026-07-27 17:07:46,308 [1] INFO System.Windows.Forms.Form - File to Erase:N:\3D Figures\Misc\CA 3D Studios - Barbarian Queen - 3D Print Model\STL CLAD\STL Comics.txt
2026-07-27 17:07:46,519 [1] INFO System.Windows.Forms.Form - File to Erase:N:\3D Figures\Misc\CA 3D Studios - Barbarian Queen - 3D Print Model\STL CLAD\STL Free.stl
2026-07-27 17:07:46,651 [1] INFO System.Windows.Forms.Form - File to Erase:N:\3D Figures\Misc\CA 3D Studios - Barbarian Queen - 3D Print Model\STL CLAD\STL Game.txt
2026-07-27 17:07:46,761 [1] INFO System.Windows.Forms.Form - File to Erase:N:\3D Figures\Misc\CA 3D Studios - Barbarian Queen - 3D Print Model\STL CLAD\STL Me.url
2026-07-27 17:07:47,010 [1] INFO System.Windows.Forms.Form - File to Erase:N:\3D Figures\Misc\CA 3D Studios - Barbarian Queen - 3D Print Model\STL CLAD\SW.stl
2026-07-27 17:07:47,134 [1] INFO System.Windows.Forms.Form - File to Erase:N:\3D Figures\Misc\CA 3D Studios - Barbarian Queen - 3D Print Model\STL CLAD\SW.txt
2026-07-27 17:07:47,245 [1] INFO System.Windows.Forms.Form - File to Erase:N:\3D Figures\Misc\CA 3D Studios - Barbarian Queen - 3D Print Model\STL CLAD\Torso.STL
2026-07-27 17:07:47,366 [1] INFO System.Windows.Forms.Form - File to Erase:N:\3D Figures\Misc\CA 3D Studios - Barbarian Queen - 3D Print Model\STL CLAD\Vehicle 3D Model.url
2026-07-27 17:07:47,474 [1] INFO System.Windows.Forms.Form - File to Erase:N:\3D Figures\Misc\CA 3D Studios - Barbarian Queen - 3D Print Model\STL CLAD\Vehicles3D.txt
2026-07-27 17:07:47,585 [1] INFO System.Windows.Forms.Form - File to Erase:N:\3D Figures\Misc\CA 3D Studios - Barbarian Queen - 3D Print Model\STL CLAD\Warhammer - WarGame STL 3D Print.txt
2026-07-27 17:07:47,694 [1] INFO System.Windows.Forms.Form - File to Erase:N:\3D Figures\Misc\CA 3D Studios - Barbarian Queen - 3D Print Model\STL CLAD\Warhammer - WarGame.url
2026-07-27 17:07:47,804 [1] INFO System.Windows.Forms.Form - File to Erase:N:\3D Figures\Misc\CA 3D Studios - Barbarian Queen - 3D Print Model\STL CLAD\WH-WG.txt
2026-07-27 17:07:48,074 [1] INFO System.Windows.Forms.Form - File to Erase:N:\3D Figures\Misc\CA 3D Studios - Barbarian Queen - 3D Print Model\STL CLAD\WH40k.stl
2026-07-27 17:07:48,199 [1] INFO System.Windows.Forms.Form - File to Erase:N:\3D Figures\Misc\CA 3D Studios - Barbarian Queen - 3D Print Model\STL CLAD\Pack\+NSFW.txt
2026-07-27 17:07:48,309 [1] INFO System.Windows.Forms.Form - File to Erase:N:\3D Figures\Misc\CA 3D Studios - Barbarian Queen - 3D Print Model\STL CLAD\Pack\+NSFW.url
2026-07-27 17:07:48,419 [1] INFO System.Windows.Forms.Form - File to Erase:N:\3D Figures\Misc\CA 3D Studios - Barbarian Queen - 3D Print Model\STL CLAD\Pack\Miniatures.txt
2026-07-27 17:07:48,531 [1] INFO System.Windows.Forms.Form - File to Erase:N:\3D Figures\Misc\CA 3D Studios - Barbarian Queen - 3D Print Model\STL CLAD\Pack\Print.STL
2026-07-27 17:07:48,637 [1] INFO System.Windows.Forms.Form - File to Erase:N:\3D Figures\Misc\CA 3D Studios - Barbarian Queen - 3D Print Model\STL CLAD\Pack\Star Wars.txt
2026-07-27 17:07:48,746 [1] INFO System.Windows.Forms.Form - File to Erase:N:\3D Figures\Misc\CA 3D Studios - Barbarian Queen - 3D Print Model\STL CLAD\Pack\Star Wars.url
2026-07-27 17:07:48,856 [1] INFO System.Windows.Forms.Form - File to Erase:N:\3D Figures\Misc\CA 3D Studios - Barbarian Queen - 3D Print Model\STL CLAD\Pack\STL 3D Print.url
2026-07-27 17:07:48,963 [1] INFO System.Windows.Forms.Form - File to Erase:N:\3D Figures\Misc\CA 3D Studios - Barbarian Queen - 3D Print Model\STL CLAD\Pack\STL Anime.txt
2026-07-27 17:07:49,072 [1] INFO System.Windows.Forms.Form - File to Erase:N:\3D Figures\Misc\CA 3D Studios - Barbarian Queen - 3D Print Model\STL CLAD\Pack\STL Comics.txt
2026-07-27 17:07:49,298 [1] INFO System.Windows.Forms.Form - File to Erase:N:\3D Figures\Misc\CA 3D Studios - Barbarian Queen - 3D Print Model\STL CLAD\Pack\STL Free.stl
2026-07-27 17:07:49,413 [1] INFO System.Windows.Forms.Form - File to Erase:N:\3D Figures\Misc\CA 3D Studios - Barbarian Queen - 3D Print Model\STL CLAD\Pack\STL Game.txt
2026-07-27 17:07:49,523 [1] INFO System.Windows.Forms.Form - File to Erase:N:\3D Figures\Misc\CA 3D Studios - Barbarian Queen - 3D Print Model\STL CLAD\Pack\STL Me.url
2026-07-27 17:07:49,773 [1] INFO System.Windows.Forms.Form - File to Erase:N:\3D Figures\Misc\CA 3D Studios - Barbarian Queen - 3D Print Model\STL CLAD\Pack\SW.stl
2026-07-27 17:07:49,898 [1] INFO System.Windows.Forms.Form - File to Erase:N:\3D Figures\Misc\CA 3D Studios - Barbarian Queen - 3D Print Model\STL CLAD\Pack\SW.txt
2026-07-27 17:07:50,009 [1] INFO System.Windows.Forms.Form - File to Erase:N:\3D Figures\Misc\CA 3D Studios - Barbarian Queen - 3D Print Model\STL CLAD\Pack\Vehicle 3D Model.url
2026-07-27 17:07:50,121 [1] INFO System.Windows.Forms.Form - File to Erase:N:\3D Figures\Misc\CA 3D Studios - Barbarian Queen - 3D Print Model\STL CLAD\Pack\Vehicles3D.txt
2026-07-27 17:07:50,230 [1] INFO System.Windows.Forms.Form - File to Erase:N:\3D Figures\Misc\CA 3D Studios - Barbarian Queen - 3D Print Model\STL CLAD\Pack\Warhammer - WarGame STL 3D Print.txt
2026-07-27 17:07:50,342 [1] INFO System.Windows.Forms.Form - File to Erase:N:\3D Figures\Misc\CA 3D Studios - Barbarian Queen - 3D Print Model\STL CLAD\Pack\Warhammer - WarGame.url
2026-07-27 17:07:50,448 [1] INFO System.Windows.Forms.Form - File to Erase:N:\3D Figures\Misc\CA 3D Studios - Barbarian Queen - 3D Print Model\STL CLAD\Pack\WH-WG.txt
2026-07-27 17:07:50,724 [1] INFO System.Windows.Forms.Form - File to Erase:N:\3D Figures\Misc\CA 3D Studios - Barbarian Queen - 3D Print Model\STL CLAD\Pack\WH40k.stl
2026-07-27 17:07:50,853 [1] INFO System.Windows.Forms.Form - File to Erase:N:\3D Figures\Misc\CA 3D Studios - Barbarian Queen - 3D Print Model\STL CLAD\STL Boost\+NSFW.txt
2026-07-27 17:07:50,962 [1] INFO System.Windows.Forms.Form - File to Erase:N:\3D Figures\Misc\CA 3D Studios - Barbarian Queen - 3D Print Model\STL CLAD\STL Boost\+NSFW.url
2026-07-27 17:07:51,074 [1] INFO System.Windows.Forms.Form - File to Erase:N:\3D Figures\Misc\CA 3D Studios - Barbarian Queen - 3D Print Model\STL CLAD\STL Boost\Miniatures.stl
2026-07-27 17:07:51,185 [1] INFO System.Windows.Forms.Form - File to Erase:N:\3D Figures\Misc\CA 3D Studios - Barbarian Queen - 3D Print Model\STL CLAD\STL Boost\pack.stl
2026-07-27 17:07:51,298 [1] INFO System.Windows.Forms.Form - File to Erase:N:\3D Figures\Misc\CA 3D Studios - Barbarian Queen - 3D Print Model\STL CLAD\STL Boost\Pad.STL
2026-07-27 17:07:51,419 [1] INFO System.Windows.Forms.Form - File to Erase:N:\3D Figures\Misc\CA 3D Studios - Barbarian Queen - 3D Print Model\STL CLAD\STL Boost\STL Anime.txt
2026-07-27 17:07:51,529 [1] INFO System.Windows.Forms.Form - File to Erase:N:\3D Figures\Misc\CA 3D Studios - Barbarian Queen - 3D Print Model\STL CLAD\STL Boost\STL Boost.jpg
2026-07-27 17:07:51,637 [1] INFO System.Windows.Forms.Form - File to Erase:N:\3D Figures\Misc\CA 3D Studios - Barbarian Queen - 3D Print Model\STL CLAD\STL Boost\STL Boost.txt
2026-07-27 17:07:51,747 [1] INFO System.Windows.Forms.Form - File to Erase:N:\3D Figures\Misc\CA 3D Studios - Barbarian Queen - 3D Print Model\STL CLAD\STL Boost\STL Comics.txt
2026-07-27 17:07:51,957 [1] INFO System.Windows.Forms.Form - File to Erase:N:\3D Figures\Misc\CA 3D Studios - Barbarian Queen - 3D Print Model\STL CLAD\STL Boost\STL Free.stl
2026-07-27 17:07:52,078 [1] INFO System.Windows.Forms.Form - File to Erase:N:\3D Figures\Misc\CA 3D Studios - Barbarian Queen - 3D Print Model\STL CLAD\STL Boost\STL Game.txt
2026-07-27 17:07:52,191 [1] INFO System.Windows.Forms.Form - File to Erase:N:\3D Figures\Misc\CA 3D Studios - Barbarian Queen - 3D Print Model\STL CLAD\STL Boost\STL Me.url
2026-07-27 17:07:52,300 [1] INFO System.Windows.Forms.Form - File to Erase:N:\3D Figures\Misc\CA 3D Studios - Barbarian Queen - 3D Print Model\STL CLAD\STL Boost\SW.txt
2026-07-27 17:07:52,577 [1] INFO System.Windows.Forms.Form - File to Erase:N:\3D Figures\Misc\CA 3D Studios - Barbarian Queen - 3D Print Model\STL CLAD\STL Boost\Telegram Channel Free Models.stl
2026-07-27 17:07:52,705 [1] INFO System.Windows.Forms.Form - File to Erase:N:\3D Figures\Misc\CA 3D Studios - Barbarian Queen - 3D Print Model\STL CLAD\STL Boost\WH-WG.txt
2026-07-27 17:20:48,543 [1] INFO System.Windows.Forms.Form - OnDragEnter Panel4
2026-07-27 17:20:48,699 [1] INFO System.Windows.Forms.Form - OnDragEnter Form
2026-07-27 17:20:48,727 [1] INFO System.Windows.Forms.Form - OnDragEnter CRC
2026-07-27 17:20:50,487 [1] INFO System.Windows.Forms.Form - Folder to clean:N:\3D Figures\Anime\Momoji – Fela Pure – 3D Print Model STL
2026-07-27 17:20:50,657 [1] INFO System.Windows.Forms.Form - File to Erase:N:\3D Figures\Anime\Momoji – Fela Pure – 3D Print Model STL\3D Models.txt
2026-07-27 17:20:51,241 [1] INFO System.Windows.Forms.Form - File to Erase:N:\3D Figures\Anime\Momoji – Fela Pure – 3D Print Model STL\Base.stl
2026-07-27 17:20:56,121 [1] INFO System.Windows.Forms.Form - File to Erase:N:\3D Figures\Anime\Momoji – Fela Pure – 3D Print Model STL\Seed.stl
2026-07-27 17:45:54,688 [1] INFO System.Windows.Forms.Form - OnDragEnter Form
2026-07-27 17:45:54,762 [1] INFO System.Windows.Forms.Form - OnDragEnter CRC
2026-07-27 17:45:56,683 [1] INFO System.Windows.Forms.Form - Folder to clean:N:\3D Figures\Anime\Chagarin – Selena – The phantom menace – Part B – 3D Print Model STL
2026-07-27 17:46:02,114 [1] INFO System.Windows.Forms.Form - File to Erase:N:\3D Figures\Anime\Chagarin – Selena – The phantom menace – Part B – 3D Print Model STL\3D Models.txt
2026-07-27 17:46:02,224 [1] INFO System.Windows.Forms.Form - File to Erase:N:\3D Figures\Anime\Chagarin – Selena – The phantom menace – Part B – 3D Print Model STL\Base.stl
2026-07-27 17:46:07,201 [1] INFO System.Windows.Forms.Form - File to Erase:N:\3D Figures\Anime\Chagarin – Selena – The phantom menace – Part B – 3D Print Model STL\Seed.stl
2026-07-28 11:56:24,275 [1] INFO System.Windows.Forms.Form - OnDragEnter Form
2026-07-28 11:56:24,486 [1] INFO System.Windows.Forms.Form - OnDragEnter Panel1
2026-07-28 11:56:26,015 [1] INFO System.Windows.Forms.Form - Clean Filename:E:\Downloads\Sanet.st.Hackercool_Magazine_-_June_2026
2026-07-28 11:56:32,484 [1] INFO System.Windows.Forms.Form - OnDragEnter Form
2026-07-28 11:56:32,597 [1] INFO System.Windows.Forms.Form - OnDragEnter Panel2
2026-07-28 16:41:17,744 [1] INFO System.Windows.Forms.Form - OnDragEnter Panel2
2026-07-28 16:41:17,776 [1] INFO System.Windows.Forms.Form - OnDragEnter Panel1
2026-07-28 16:41:19,471 [1] INFO System.Windows.Forms.Form - Clean Filename:E:\Downloads\RoccoSiffredi.26.07.24.Kelly.Stafford.Giulia.Diamond.1080p.sanet
2026-07-28 16:56:38,279 [1] INFO System.Windows.Forms.Form - OnDragEnter Form
2026-07-28 16:56:38,581 [1] INFO System.Windows.Forms.Form - OnDragEnter Panel2
2026-07-28 16:56:40,430 [1] INFO System.Windows.Forms.Form - OnDragEnter Form
2026-07-28 16:56:40,454 [1] INFO System.Windows.Forms.Form - OnDragEnter Panel1
2026-07-28 16:56:41,978 [1] INFO System.Windows.Forms.Form - Clean Filename:K:\Magazine\Hackercool Magazine\Sanet.st.Hackercool_Magazine_-_April_2026.pdf
2026-07-28 16:56:42,007 [1] INFO System.Windows.Forms.Form - Clean Filename:K:\Magazine\Hackercool Magazine\Sanet.st.Hackercool_Magazine_-_May_2026.pdf
2026-07-28 16:57:17,736 [1] INFO System.Windows.Forms.Form - OnDragEnter Form
2026-07-28 16:57:17,870 [1] INFO System.Windows.Forms.Form - OnDragEnter Panel2
2026-07-29 09:29:23,317 [1] INFO System.Windows.Forms.Form - OnDragEnter Panel2
2026-07-29 09:29:24,118 [1] INFO System.Windows.Forms.Form - OnDragEnter Form
2026-07-29 09:29:24,166 [1] INFO System.Windows.Forms.Form - OnDragEnter Panel1
2026-07-29 09:29:25,737 [1] INFO System.Windows.Forms.Form - Clean Filename:E:\Downloads\sanet.st_Playboy.Denmark.-.July.2026\sanet.st_Playboy.Denmark.-.July.2026.pdf
2026-07-29 09:29:29,388 [1] INFO System.Windows.Forms.Form - OnDragEnter Form
2026-07-29 09:29:29,453 [1] INFO System.Windows.Forms.Form - OnDragEnter Panel2
2026-07-29 18:28:21,078 [1] INFO System.Windows.Forms.Form - OnDragEnter Form
2026-07-29 18:28:21,103 [1] INFO System.Windows.Forms.Form - OnDragEnter Panel1
2026-07-29 18:28:22,752 [1] INFO System.Windows.Forms.Form - Clean Filename:E:\Downloads\AdultTime.25.12.18.Rachael.Cavalli.And.Adira.Allure.1080p.sanet
2026-07-29 18:34:45,397 [1] INFO System.Windows.Forms.Form - OnDragEnter Form
2026-07-29 18:34:45,491 [1] INFO System.Windows.Forms.Form - OnDragEnter Panel3
2026-07-29 18:34:47,084 [1] INFO System.Windows.Forms.Form - File to Add Music extension:E:\Downloads\SaNet.st_Eternity--And-Back\SaNet.st_Eternity--And-Back\Giorgio Moroder - From Here To Eternity... And Back (1977)
2026-07-29 19:00:38,621 [1] INFO System.Windows.Forms.Form - OnDragEnter Panel1
2026-07-29 19:00:40,335 [1] INFO System.Windows.Forms.Form - Clean Filename:E:\Downloads\sanet.st_Samantha_Fox_-_The_Megamix_Album
2026-07-29 19:00:55,498 [1] INFO System.Windows.Forms.Form - OnDragEnter Form
2026-07-29 19:00:55,665 [1] INFO System.Windows.Forms.Form - OnDragEnter Panel3
2026-07-29 19:00:57,311 [1] INFO System.Windows.Forms.Form - File to Add Music extension:E:\Downloads\Samantha Fox\Samantha Fox - The Megamix Album
2026-07-29 19:01:31,298 [1] INFO System.Windows.Forms.Form - OnDragEnter Form
2026-07-29 19:01:31,339 [1] INFO System.Windows.Forms.Form - OnDragEnter Panel1
2026-07-29 19:01:33,051 [1] INFO System.Windows.Forms.Form - Clean Filename:E:\Downloads\sanet.st_Samantha_Fox_-_The_Megamix_Album-320
2026-07-29 19:01:39,091 [1] INFO System.Windows.Forms.Form - OnDragEnter Form
2026-07-29 19:01:39,391 [1] INFO System.Windows.Forms.Form - OnDragEnter Form
2026-07-29 19:01:39,449 [1] INFO System.Windows.Forms.Form - OnDragEnter Panel2
2026-07-29 19:01:39,505 [1] INFO System.Windows.Forms.Form - OnDragEnter Form
2026-07-29 19:01:39,537 [1] INFO System.Windows.Forms.Form - OnDragEnter Panel3
2026-07-29 19:01:41,162 [1] INFO System.Windows.Forms.Form - File to Add Music extension:E:\Downloads\Samantha Fox - The Megamix Album-320\Samantha Fox - The Megamix Album
2026-07-29 19:01:59,685 [1] INFO System.Windows.Forms.Form - OnDragEnter Form
2026-07-29 19:01:59,706 [1] INFO System.Windows.Forms.Form - OnDragEnter Panel1
2026-07-29 19:02:01,556 [1] INFO System.Windows.Forms.Form - Clean Filename:E:\Downloads\sanet.st_AT_Sex.Train.Overload_720p
2026-07-29 19:14:50,127 [1] INFO System.Windows.Forms.Form - OnDragEnter Form
2026-07-29 19:14:50,237 [1] INFO System.Windows.Forms.Form - OnDragEnter Panel3
2026-07-29 19:14:51,994 [1] INFO System.Windows.Forms.Form - File to Add Music extension:E:\Downloads\FD809A241E0C9BE\2011 - Christmas Etc. (UK, Parlophone, 50999 308021 2 4)
2026-07-30 08:42:44,628 [1] INFO System.Windows.Forms.Form - OnDragEnter Form
2026-07-30 08:42:44,638 [1] INFO System.Windows.Forms.Form - OnDragEnter Panel1
2026-07-30 08:42:46,156 [1] INFO System.Windows.Forms.Form - Clean Filename:E:\Downloads\sanet.st.PCWorld_-_August_2026
2026-07-30 08:42:53,460 [1] INFO System.Windows.Forms.Form - OnDragEnter Form
2026-07-30 08:42:53,545 [1] INFO System.Windows.Forms.Form - OnDragEnter Panel2
2026-07-30 08:43:39,461 [1] INFO System.Windows.Forms.Form - OnDragEnter Form
2026-07-30 08:43:39,539 [1] INFO System.Windows.Forms.Form - OnDragEnter Panel1
2026-07-30 08:43:41,303 [1] INFO System.Windows.Forms.Form - Clean Filename:E:\Downloads\S_W_89_Nice_blog.sanet
2026-07-30 08:46:57,252 [1] INFO System.Windows.Forms.Form - OnDragEnter Form
2026-07-30 08:46:57,558 [1] INFO System.Windows.Forms.Form - OnDragEnter Panel1
2026-07-30 08:46:59,093 [1] INFO System.Windows.Forms.Form - Clean Filename:E:\Downloads\SaNet.st_moroder-einzelgangerMP3
2026-07-30 08:46:59,133 [1] INFO System.Windows.Forms.Form - Clean Filename:E:\Downloads\SaNet.st_moroder-einzelgangerFLAC
2026-07-30 08:47:04,767 [1] INFO System.Windows.Forms.Form - OnDragEnter Form
2026-07-30 08:47:04,829 [1] INFO System.Windows.Forms.Form - OnDragEnter Panel1
2026-07-30 08:47:06,833 [1] INFO System.Windows.Forms.Form - Clean Filename:E:\Downloads\moroder-einzelgangerMP3\SaNet.st_moroder-einzelgangerMP3
2026-07-30 08:47:48,768 [1] INFO System.Windows.Forms.Form - OnDragEnter Form
2026-07-30 08:47:48,894 [1] INFO System.Windows.Forms.Form - OnDragEnter Panel1
2026-07-30 08:47:50,531 [1] INFO System.Windows.Forms.Form - Clean Filename:E:\Downloads\moroder-einzelgangerFLAC\SaNet.st_moroder-einzelgangerFLAC
2026-07-30 08:48:26,062 [1] INFO System.Windows.Forms.Form - OnDragEnter Panel3
2026-07-30 08:48:27,744 [1] INFO System.Windows.Forms.Form - File to Add Music extension:O:\Music\Artist\Giorgio Moroder\Giorgio Moroder - Einzelganger (Remastered) (2026)
2026-07-30 08:49:42,541 [1] INFO System.Windows.Forms.Form - OnDragEnter Form
2026-07-30 08:49:42,622 [1] INFO System.Windows.Forms.Form - OnDragEnter Panel3
2026-07-30 08:49:42,701 [1] INFO System.Windows.Forms.Form - OnDragEnter Panel3
2026-07-30 08:49:44,320 [1] INFO System.Windows.Forms.Form - File to Add Music extension:E:\Downloads\moroder-einzelgangerFLAC\moroder-einzelgangerFLAC\Giorgio Moroder - Einzelganger (Remastered) (2026) FLAC
2026-07-30 09:13:24,104 [1] INFO System.Windows.Forms.Form - OnDragEnter Form
2026-07-30 09:13:24,152 [1] INFO System.Windows.Forms.Form - OnDragEnter Panel1
2026-07-30 09:13:26,187 [1] INFO System.Windows.Forms.Form - Clean Filename:E:\Downloads\AdultTime.26.03.26.Cheerleader.Overload.1080p.sanet
2026-07-30 11:12:41,857 [1] INFO System.Windows.Forms.Form - OnDragEnter Form
2026-07-30 11:12:41,884 [1] INFO System.Windows.Forms.Form - OnDragEnter Panel1
2026-07-30 11:12:43,451 [1] INFO System.Windows.Forms.Form - Clean Filename:E:\Downloads\Sanet.st.Cloud.Atlas.2012.REMASTERED.1080p.BluRay.HEVC.x265.5.1.BONE
2026-07-30 16:15:12,515 [1] INFO System.Windows.Forms.Form - OnDragEnter Form
2026-07-30 16:15:12,835 [1] INFO System.Windows.Forms.Form - OnDragEnter Panel4
2026-07-30 16:15:13,059 [1] INFO System.Windows.Forms.Form - OnDragEnter Form
2026-07-30 16:15:13,139 [1] INFO System.Windows.Forms.Form - OnDragEnter Panel3
2026-07-30 16:15:15,182 [1] INFO System.Windows.Forms.Form - File to Add Music extension:O:\Music\Artist\John Williams\John Williams - Epic Cinema - Great Film Music
2026-07-30 17:03:11,966 [1] INFO System.Windows.Forms.Form - OnDragEnter Form
2026-07-30 17:03:12,151 [1] INFO System.Windows.Forms.Form - OnDragEnter Panel1
2026-07-30 17:03:14,022 [1] INFO System.Windows.Forms.Form - Clean Filename:E:\Downloads\sanet.st_C# 14 Dependency Injection
2026-07-30 17:03:14,066 [1] INFO System.Windows.Forms.Form - Clean Filename:E:\Downloads\sanet.st.MacLife_UK_-_Issue_248,_August_2026
2026-07-30 17:03:14,095 [1] INFO System.Windows.Forms.Form - Clean Filename:E:\Downloads\sanet.st.MacFormat_UK_-_Issue_430,_June_2026
2026-07-30 17:03:14,123 [1] INFO System.Windows.Forms.Form - Clean Filename:E:\Downloads\Sanet.st.AppleMagazine_-_Issue_765,_2026
2026-07-30 17:03:14,152 [1] INFO System.Windows.Forms.Form - Clean Filename:E:\Downloads\sanet.st.SFX_-_Issue_407,_August_2026
2026-07-30 17:03:14,186 [1] INFO System.Windows.Forms.Form - Clean Filename:E:\Downloads\sanet.st.Techlife_News_-_Issue_768,_18_July_2026
2026-07-30 17:03:14,220 [1] INFO System.Windows.Forms.Form - Clean Filename:E:\Downloads\sanet.st.MacFormat_UK_-_September_2026
2026-07-30 17:05:55,955 [1] INFO System.Windows.Forms.Form - OnDragEnter Form
2026-07-30 17:05:56,075 [1] INFO System.Windows.Forms.Form - OnDragEnter Panel2
2026-07-30 17:10:43,049 [1] INFO System.Windows.Forms.Form - OnDragEnter Form
2026-07-30 17:10:43,353 [1] INFO System.Windows.Forms.Form - OnDragEnter Panel2
2026-07-30 17:17:47,794 [1] INFO System.Windows.Forms.Form - OnDragEnter Panel2
2026-07-30 17:17:47,835 [1] INFO System.Windows.Forms.Form - OnDragEnter Form
2026-07-30 17:17:47,954 [1] INFO System.Windows.Forms.Form - OnDragEnter Panel1
2026-07-30 17:17:49,560 [1] INFO System.Windows.Forms.Form - Clean Filename:E:\Downloads\VIPissy.26.06.23.Jessica.Rox.Wet.Yoga.1080p.sanet
2026-07-30 17:20:52,957 [1] INFO System.Windows.Forms.Form - OnDragEnter Form
2026-07-30 17:20:53,056 [1] INFO System.Windows.Forms.Form - OnDragEnter Panel2
2026-07-30 17:20:53,746 [1] INFO System.Windows.Forms.Form - OnDragEnter Form
2026-07-30 17:20:53,784 [1] INFO System.Windows.Forms.Form - OnDragEnter Panel1
2026-07-30 17:20:55,279 [1] INFO System.Windows.Forms.Form - Clean Filename:E:\Downloads\sanet.st_Lorenzo_Stoakes_-_The_Linux_Memory_Manager
2026-07-30 17:24:38,411 [1] INFO System.Windows.Forms.Form - OnDragEnter Form
2026-07-30 17:24:38,574 [1] INFO System.Windows.Forms.Form - OnDragEnter Panel1
2026-07-30 17:24:40,211 [1] INFO System.Windows.Forms.Form - Clean Filename:E:\Downloads\sanet.st_Mastering_Advanced_SQL
2026-08-02 13:23:55,949 [1] INFO System.Windows.Forms.Form - OnDragEnter Form
2026-08-02 13:23:56,046 [1] INFO System.Windows.Forms.Form - OnDragEnter Panel1
2026-08-02 13:23:57,603 [1] INFO System.Windows.Forms.Form - Clean Filename:E:\Downloads\sanet.st_k3uopbptan0mm_mpeg_audio_audiobitdepth
2026-08-02 13:23:58,315 [1] INFO System.Windows.Forms.Form - Clean Filename:E:\Downloads\sanet.st_k3uopbptan0mm_flac_16_bits
2026-08-02 13:23:59,021 [1] INFO System.Windows.Forms.Form - Clean Filename:E:\Downloads\BrazzersExxtra.26.06.29.Abigaiil.Morris.And.Elly.Clutch.Baddies.Fuck.Around.On.The.Job.1080p.sanet
2026-08-02 13:23:59,066 [1] INFO System.Windows.Forms.Form - Clean Filename:E:\Downloads\BrazzersExxtra.26.08.01.Abigaiil.Morris.And.Valentine.Vixen.A.Threesome.That.Shines.1080p.sanet
2026-08-02 13:23:59,134 [1] INFO System.Windows.Forms.Form - Clean Filename:E:\Downloads\Minions.and.Monsters.2026.1080p.TELESYNC.x264-DKS_..SANET
2026-08-02 13:23:59,199 [1] INFO System.Windows.Forms.Form - Clean Filename:E:\Downloads\DigitalPlayground.26.06.25.Violet.Myers.1080p.sanet
2026-08-02 13:23:59,251 [1] INFO System.Windows.Forms.Form - Clean Filename:E:\Downloads\SANET.ST-Big_Babies_In_Budapest_4_1999
2026-08-02 13:23:59,299 [1] INFO System.Windows.Forms.Form - Clean Filename:E:\Downloads\sanet.st_AI Agents in Action, Second Edition (2026)
2026-08-02 15:43:06,971 [1] INFO System.Windows.Forms.Form - OnDragEnter Form
2026-08-02 15:43:07,145 [1] INFO System.Windows.Forms.Form - OnDragEnter Panel2
2026-08-02 15:43:07,603 [1] INFO System.Windows.Forms.Form - OnDragEnter Form
2026-08-02 15:43:07,672 [1] INFO System.Windows.Forms.Form - OnDragEnter Panel3
2026-08-02 15:43:09,199 [1] INFO System.Windows.Forms.Form - File to Add Music extension:E:\Downloads\VA - 50 Mozart
2026-08-02 15:43:25,372 [1] INFO System.Windows.Forms.Form - OnDragEnter Form
2026-08-02 15:43:25,392 [1] INFO System.Windows.Forms.Form - OnDragEnter Panel2
2026-08-02 15:43:26,343 [1] INFO System.Windows.Forms.Form - OnDragEnter Form
2026-08-02 15:43:26,422 [1] INFO System.Windows.Forms.Form - OnDragEnter Panel3
2026-08-02 15:43:28,979 [1] INFO System.Windows.Forms.Form - File to Add Music extension:E:\Downloads\VA - 50 Mozart
2026-08-02 18:22:40,342 [1] INFO System.Windows.Forms.Form - OnDragEnter Form
2026-08-02 18:22:40,448 [1] INFO System.Windows.Forms.Form - OnDragEnter Panel1
2026-08-02 18:22:42,495 [1] INFO System.Windows.Forms.Form - Clean Filename:E:\Downloads\MomsTeachSex.26.07.18.Cory.Chase.And.Violet.Voss.1080p.sanet
2026-08-02 18:22:42,558 [1] INFO System.Windows.Forms.Form - Clean Filename:E:\Downloads\LegendaryX.26.03.27.Cherie.Deville.Club.Sandy.1080p.sanet
2026-08-02 18:22:42,590 [1] INFO System.Windows.Forms.Form - Clean Filename:E:\Downloads\BrazzersExxtra.25.12.24.Cherie.Deville.Violet.Myers.1080p.sanet
2026-08-02 18:22:42,626 [1] INFO System.Windows.Forms.Form - Clean Filename:E:\Downloads\sanet.st_bz_Violet.Myers_720p
2026-08-02 18:22:42,665 [1] INFO System.Windows.Forms.Form - Clean Filename:E:\Downloads\AI Agents in Action, Second Edition (2026)
2026-08-02 18:22:42,880 [1] INFO System.Windows.Forms.Form - Clean Filename:E:\Downloads\DigitalPlayground.26.06.25.Violet.Myers.1080p
2026-08-02 18:22:42,907 [1] INFO System.Windows.Forms.Form - Clean Filename:E:\Downloads\Minions.and.Monsters.2026.1080p.TELESYNC.x264-DKS
2026-08-02 18:22:42,932 [1] INFO System.Windows.Forms.Form - Clean Filename:E:\Downloads\BrazzersExxtra.26.08.01.Abigaiil.Morris.And.Valentine.Vixen.A.Threesome.That.Shines.1080p
2026-08-02 18:22:42,964 [1] INFO System.Windows.Forms.Form - Clean Filename:E:\Downloads\BrazzersExxtra.26.06.29.Abigaiil.Morris.And.Elly.Clutch.Baddies.Fuck.Around.On.The.Job.1080p
2026-08-02 18:31:22,458 [1] INFO System.Windows.Forms.Form - OnDragEnter Form
2026-08-02 18:31:22,498 [1] INFO System.Windows.Forms.Form - OnDragEnter Panel1
2026-08-02 18:31:24,049 [1] INFO System.Windows.Forms.Form - Clean Filename:E:\Downloads\Sanet st The Crow 1994 Remastered BluRay 1080p DDP 5 1 x264-hallowed
2026-08-03 08:59:06,031 [1] INFO System.Windows.Forms.Form - OnDragEnter Form
2026-08-03 08:59:06,177 [1] INFO System.Windows.Forms.Form - OnDragEnter Panel2
2026-08-03 08:59:06,412 [1] INFO System.Windows.Forms.Form - OnDragEnter Form
2026-08-03 08:59:06,475 [1] INFO System.Windows.Forms.Form - OnDragEnter Panel1
2026-08-03 08:59:08,088 [1] INFO System.Windows.Forms.Form - Clean Filename:E:\Downloads\BrazzersExxtra.25.03.04.Violet.Myers.And.Kayley.Gunner.Big.Titty.Threesome.1080p.sanet
2026-08-03 08:59:10,932 [1] INFO System.Windows.Forms.Form - OnDragEnter Form
2026-08-03 08:59:11,181 [1] INFO System.Windows.Forms.Form - OnDragEnter Panel1
2026-08-03 08:59:12,769 [1] INFO System.Windows.Forms.Form - Clean Filename:E:\Downloads\ThePOVGod.25.03.21.Angela.White.And.Violet.Myers.Cum.Swap.1080p.sanet
2026-08-03 11:08:28,525 [1] INFO System.Windows.Forms.Form - OnDragEnter Panel2
2026-08-03 11:08:28,577 [1] INFO System.Windows.Forms.Form - OnDragEnter Form
2026-08-03 11:08:28,602 [1] INFO System.Windows.Forms.Form - OnDragEnter Panel1
2026-08-03 11:08:30,598 [1] INFO System.Windows.Forms.Form - Clean Filename:K:\Downloads\F105Phocis.SANET\F105Phocis.SANET.ST
2026-08-03 11:32:56,325 [1] INFO System.Windows.Forms.Form - OnDragEnter Form
2026-08-03 11:32:56,439 [1] INFO System.Windows.Forms.Form - OnDragEnter Panel1
2026-08-03 11:32:57,970 [1] INFO System.Windows.Forms.Form - Clean Filename:E:\Downloads\SANET.ST-Orgasmi_Del_Secondo_Canale_1990
2026-08-03 11:34:13,629 [1] INFO System.Windows.Forms.Form - OnDragEnter Panel1
2026-08-03 11:34:15,208 [1] INFO System.Windows.Forms.Form - Clean Filename:E:\Downloads\SANET.ST-MILF_Initiations_2017
2026-08-03 11:48:39,634 [1] INFO System.Windows.Forms.Form - OnDragEnter Form
2026-08-03 11:48:39,719 [1] INFO System.Windows.Forms.Form - OnDragEnter Panel1
2026-08-03 11:48:41,348 [1] INFO System.Windows.Forms.Form - Clean Filename:E:\Downloads\SANET.ST-Big_Titty_Hunter2013
2026-08-03 11:49:47,746 [1] INFO System.Windows.Forms.Form - OnDragEnter Panel1
2026-08-03 11:49:49,262 [1] INFO System.Windows.Forms.Form - Clean Filename:E:\Downloads\SANET.ST-World_Sex_Tour_2_1995
2026-08-03 11:56:16,156 [1] INFO System.Windows.Forms.Form - OnDragEnter Form
2026-08-03 11:56:16,332 [1] INFO System.Windows.Forms.Form - OnDragEnter Panel1
2026-08-03 11:56:17,823 [1] INFO System.Windows.Forms.Form - Clean Filename:E:\Downloads\SANET.ST-Young_And_Horny2019
2026-08-03 12:01:52,998 [1] INFO System.Windows.Forms.Form - OnDragEnter Form
2026-08-03 12:01:53,130 [1] INFO System.Windows.Forms.Form - OnDragEnter Panel1
2026-08-03 12:01:54,711 [1] INFO System.Windows.Forms.Form - Clean Filename:E:\Downloads\SANET.ST-Iconic_Anita_Rover_2026
2026-08-04 09:26:43,195 [1] INFO System.Windows.Forms.Form - OnDragEnter Form
2026-08-04 09:26:43,373 [1] INFO System.Windows.Forms.Form - OnDragEnter Panel2
2026-08-04 09:26:43,658 [1] INFO System.Windows.Forms.Form - OnDragEnter Form
2026-08-04 09:26:43,682 [1] INFO System.Windows.Forms.Form - OnDragEnter Panel1
2026-08-04 09:26:45,286 [1] INFO System.Windows.Forms.Form - Clean Filename:C:\Users\Dell\Downloads\Nure_Nacy_1991.SANET.ST
2026-08-04 10:57:35,552 [1] INFO System.Windows.Forms.Form - OnDragEnter Form
2026-08-04 10:57:35,571 [1] INFO System.Windows.Forms.Form - OnDragEnter Panel1
2026-08-04 10:57:37,189 [1] INFO System.Windows.Forms.Form - Clean Filename:E:\Downloads\SANET.ST-MILF_Initiations_2017
2026-08-04 11:43:51,265 [1] INFO System.Windows.Forms.Form - OnDragEnter Form
2026-08-04 11:43:51,306 [1] INFO System.Windows.Forms.Form - OnDragEnter Panel1
2026-08-04 11:43:53,008 [1] INFO System.Windows.Forms.Form - Clean Filename:E:\Downloads\sanet.st.Home_Networking_Complete_Manual_-_9th_Edition_2026
2026-08-04 15:51:40,329 [1] INFO System.Windows.Forms.Form - OnDragEnter Form
2026-08-04 15:51:40,487 [1] INFO System.Windows.Forms.Form - OnDragEnter Panel2
2026-08-04 15:51:40,553 [1] INFO System.Windows.Forms.Form - OnDragEnter Form
2026-08-04 15:51:40,606 [1] INFO System.Windows.Forms.Form - OnDragEnter Panel1
2026-08-04 15:51:42,204 [1] INFO System.Windows.Forms.Form - Clean Filename:E:\Downloads\Sanet.st.Three-Body.S01.1080p.VIKI.WEB-DL.AAC2.0.H.264-SMUR\Sanet.st.Three-Body.S01.1080p.VIKI.WEB-DL.AAC2.0.H.264-SMURF
2026-08-04 15:54:03,139 [1] INFO System.Windows.Forms.Form - OnDragEnter Form
2026-08-04 15:54:03,202 [1] INFO System.Windows.Forms.Form - OnDragEnter Panel1
2026-08-04 15:54:04,866 [1] INFO System.Windows.Forms.Form - Clean Filename:K:\Movies\TV\The.Time.Tunnel.1966.S01.2160p
2026-08-05 15:16:44,332 [1] INFO System.Windows.Forms.Form - OnDragEnter Panel1
2026-08-05 15:16:45,918 [1] INFO System.Windows.Forms.Form - Clean Filename:E:\Downloads\sanet.st_Object_Design_with_FDM_3D_Printing
2026-08-05 17:32:25,121 [1] INFO System.Windows.Forms.Form - OnDragEnter Form
2026-08-05 17:32:25,182 [1] INFO System.Windows.Forms.Form - OnDragEnter Panel1
2026-08-05 17:32:26,786 [1] INFO System.Windows.Forms.Form - Clean Filename:E:\Downloads\BrazzersExxtra.26.08.05.Angela.White.The.Beat.Cop.1080p.sanet
2026-08-05 17:38:01,062 [1] INFO System.Windows.Forms.Form - OnDragEnter Form
2026-08-05 17:38:01,098 [1] INFO System.Windows.Forms.Form - OnDragEnter Panel2
2026-08-05 17:38:01,563 [1] INFO System.Windows.Forms.Form - OnDragEnter Form
2026-08-05 17:38:01,602 [1] INFO System.Windows.Forms.Form - OnDragEnter Panel1
2026-08-05 17:38:03,109 [1] INFO System.Windows.Forms.Form - Clean Filename:E:\Downloads\GirlsWay.26.07.26.Jewelz.Blu.Ella.Reese.Jazmin.Black.Throuples.Counseling.1080p.sanet
2026-08-05 17:38:49,940 [1] INFO System.Windows.Forms.Form - OnDragEnter Form
2026-08-05 17:38:50,188 [1] INFO System.Windows.Forms.Form - OnDragEnter Panel1
2026-08-05 17:38:51,750 [1] INFO System.Windows.Forms.Form - Clean Filename:E:\Downloads\Tushy 26 08 02 Eva Angelina 1080p sanet
2026-08-05 17:42:14,799 [1] INFO System.Windows.Forms.Form - OnDragEnter Form
2026-08-05 17:42:14,941 [1] INFO System.Windows.Forms.Form - OnDragEnter Panel1
2026-08-05 17:42:16,522 [1] INFO System.Windows.Forms.Form - Clean Filename:E:\Downloads\PornPlus 26 07 30 Anissa Kate Our Fans Told Us To Do This 1080p sanet
2026-08-05 17:49:10,241 [1] INFO System.Windows.Forms.Form - OnDragEnter Form
2026-08-05 17:49:10,433 [1] INFO System.Windows.Forms.Form - OnDragEnter Panel1
2026-08-05 17:49:12,185 [1] INFO System.Windows.Forms.Form - Clean Filename:E:\Downloads\Sanet.st.The.Swarm.S01E01.1080p.SRF.WEB-DL.AAC2.0.H.264-KORPOS
2026-08-06 15:08:14,092 [1] INFO System.Windows.Forms.Form - OnDragEnter Form
2026-08-06 15:08:14,160 [1] INFO System.Windows.Forms.Form - OnDragEnter Panel1
2026-08-06 15:08:16,000 [1] INFO System.Windows.Forms.Form - Clean Filename:E:\Downloads\Operational_AI_with_Docker.sanet
2026-08-06 15:08:16,048 [1] INFO System.Windows.Forms.Form - Clean Filename:E:\Downloads\9781807301095.sanet
2026-08-06 15:08:16,076 [1] INFO System.Windows.Forms.Form - Clean Filename:E:\Downloads\Sanet.st_Operational_AI_with_Docker_-_Ajeet_Singh_Raina
2026-08-06 15:08:16,106 [1] INFO System.Windows.Forms.Form - Clean Filename:E:\Downloads\Sanet.st_Claude_For_Dummies_-_Stephanie_Diamond
2026-08-07 12:42:04,846 [1] INFO System.Windows.Forms.Form - OnDragEnter Form
2026-08-07 12:42:04,865 [1] INFO System.Windows.Forms.Form - OnDragEnter Panel2
2026-08-07 12:42:05,489 [1] INFO System.Windows.Forms.Form - OnDragEnter Form
2026-08-07 12:42:05,513 [1] INFO System.Windows.Forms.Form - OnDragEnter Panel1
2026-08-07 12:42:07,083 [1] INFO System.Windows.Forms.Form - Clean Filename:E:\Downloads\Sanet.st.Classic Porsche - September 2026\Sanet.st.Classic Porsche - September 2026.pdf
2026-08-07 16:54:17,865 [1] INFO System.Windows.Forms.Form - OnDragEnter Form
2026-08-07 16:54:18,047 [1] INFO System.Windows.Forms.Form - OnDragEnter Panel1
2026-08-07 16:54:19,538 [1] INFO System.Windows.Forms.Form - Clean Filename:E:\Downloads\Sanet.st.Classic Porsche - September 2026\Classic Porsche - September 2026.pdf
2026-08-07 16:54:55,048 [1] INFO System.Windows.Forms.Form - OnDragEnter Form
2026-08-07 16:54:55,262 [1] INFO System.Windows.Forms.Form - OnDragEnter Panel2
2026-08-07 17:10:08,711 [1] INFO System.Windows.Forms.Form - OnDragEnter Form
2026-08-07 17:10:08,889 [1] INFO System.Windows.Forms.Form - OnDragEnter Panel2
2026-08-07 17:10:09,108 [1] INFO System.Windows.Forms.Form - OnDragEnter Form
2026-08-07 17:10:09,162 [1] INFO System.Windows.Forms.Form - OnDragEnter Panel1
2026-08-07 17:10:10,745 [1] INFO System.Windows.Forms.Form - Clean Filename:K:\Magazine\Classic Porsche\sanet.st.Classic_Porsche_-_April_2026.pdf
2026-08-07 17:10:10,766 [1] INFO System.Windows.Forms.Form - Clean Filename:K:\Magazine\Classic Porsche\Sanet.st.Classic_Porsche_-_August_2026.pdf
2026-08-07 17:10:10,782 [1] INFO System.Windows.Forms.Form - Clean Filename:K:\Magazine\Classic Porsche\Sanet.st.Classic_Porsche_-_FebruaryMarch_2026.pdf
2026-08-07 17:10:10,796 [1] INFO System.Windows.Forms.Form - Clean Filename:K:\Magazine\Classic Porsche\Sanet.st.Classic_Porsche_-_January_2026,_2025.pdf
2026-08-07 17:10:10,812 [1] INFO System.Windows.Forms.Form - Clean Filename:K:\Magazine\Classic Porsche\sanet.st.Classic_Porsche_-_JuneJuly_2026.pdf
2026-08-07 17:10:15,213 [1] INFO System.Windows.Forms.Form - OnDragEnter Form
2026-08-07 17:10:15,370 [1] INFO System.Windows.Forms.Form - OnDragEnter Panel2
2026-08-07 17:10:59,355 [1] INFO System.Windows.Forms.Form - OnDragEnter Form
2026-08-07 17:10:59,515 [1] INFO System.Windows.Forms.Form - OnDragEnter Panel1
2026-08-07 17:11:00,194 [1] INFO System.Windows.Forms.Form - OnDragEnter Form
2026-08-07 17:11:00,281 [1] INFO System.Windows.Forms.Form - OnDragEnter Panel2
2026-08-07 21:50:01,362 [1] INFO System.Windows.Forms.Form - OnDragEnter Form
2026-08-07 21:50:01,505 [1] INFO System.Windows.Forms.Form - OnDragEnter Panel1
2026-08-07 21:50:03,049 [1] INFO System.Windows.Forms.Form - Clean Filename:E:\Downloads\sanet.st.Classic_Porsche_-_Vol._02_Porsche_Restomods_X,_2026
2026-08-07 21:50:18,222 [1] INFO System.Windows.Forms.Form - OnDragEnter Form
2026-08-07 21:50:18,361 [1] INFO System.Windows.Forms.Form - OnDragEnter Panel1
2026-08-07 21:50:19,926 [1] INFO System.Windows.Forms.Form - Clean Filename:E:\Downloads\SexMex.26.08.07.Camila.Henao.1080p.sanet
2026-08-07 21:50:32,553 [1] INFO System.Windows.Forms.Form - OnDragEnter Form
2026-08-07 21:50:32,690 [1] INFO System.Windows.Forms.Form - OnDragEnter Panel1
2026-08-07 21:50:34,247 [1] INFO System.Windows.Forms.Form - Clean Filename:E:\Downloads\SANET.ST-POV_4somes_with_The_Prettiest_2026
2026-08-07 22:09:49,515 [1] INFO System.Windows.Forms.Form - OnDragEnter Form
2026-08-07 22:09:49,680 [1] INFO System.Windows.Forms.Form - OnDragEnter Panel1
2026-08-07 22:09:51,561 [1] INFO System.Windows.Forms.Form - Clean Filename:E:\Downloads\Spider-Man.Brand.New.Day.2026.1080p.HDTS.DD2.0.H.264-LMNTRY_..SANET
2026-08-09 15:48:53,799 [1] INFO System.Windows.Forms.Form - OnDragEnter Form
2026-08-09 15:48:53,834 [1] INFO System.Windows.Forms.Form - OnDragEnter Panel1
2026-08-09 15:48:57,107 [1] INFO System.Windows.Forms.Form - Clean Filename:K:\Magazine\Linux Magazine\sanet.st.Linux_Magazine_-_June_2026.pdf
2026-08-09 15:48:57,194 [1] INFO System.Windows.Forms.Form - Clean Filename:K:\Magazine\Linux Magazine\sanet.st.Linux_Magazine_USA_-_Issue_308,_July_2026.pdf
2026-08-09 15:48:57,210 [1] INFO System.Windows.Forms.Form - Clean Filename:K:\Magazine\Linux Magazine\sanet.st.Linux_Magazine_USA_-_Issue_309,_August_2026.pdf
2026-08-09 15:48:57,224 [1] INFO System.Windows.Forms.Form - Clean Filename:K:\Magazine\Linux Magazine\sanet.st.Linux_Magazine_USA_-_Issue_310,_September_2026.pdf
2026-08-09 15:49:07,371 [1] INFO System.Windows.Forms.Form - OnDragEnter Form
2026-08-09 15:49:07,584 [1] INFO System.Windows.Forms.Form - OnDragEnter Panel2
2026-08-09 15:54:26,514 [1] INFO System.Windows.Forms.Form - OnDragEnter Form
2026-08-09 15:54:26,691 [1] INFO System.Windows.Forms.Form - OnDragEnter Panel2
2026-08-09 15:57:35,196 [1] INFO System.Windows.Forms.Form - OnDragEnter Form
2026-08-09 15:57:35,284 [1] INFO System.Windows.Forms.Form - OnDragEnter Panel1
2026-08-09 15:57:36,807 [1] INFO System.Windows.Forms.Form - Clean Filename:E:\Downloads\Sanet.st.Linux_Magazine_-_April_2026\Sanet.st.Linux_Magazine_-_April_2026.pdf
2026-08-09 15:57:39,911 [1] INFO System.Windows.Forms.Form - OnDragEnter Form
2026-08-09 15:57:39,932 [1] INFO System.Windows.Forms.Form - OnDragEnter Panel2
2026-08-09 15:58:35,173 [1] INFO System.Windows.Forms.Form - OnDragEnter Form
2026-08-09 15:58:35,588 [1] INFO System.Windows.Forms.Form - OnDragEnter Panel1
2026-08-09 15:58:37,162 [1] INFO System.Windows.Forms.Form - Clean Filename:K:\Magazine\Linux Magazine\sanet.st-Linux_Magazine_Special_Editions_-_Best_of_Bash.pdf
2026-08-09 15:59:32,527 [1] INFO System.Windows.Forms.Form - OnDragEnter Form
2026-08-09 15:59:32,597 [1] INFO System.Windows.Forms.Form - OnDragEnter Panel1
2026-08-09 15:59:32,742 [1] INFO System.Windows.Forms.Form - OnDragEnter Form
2026-08-09 15:59:32,821 [1] INFO System.Windows.Forms.Form - OnDragEnter Panel1
2026-08-09 15:59:34,549 [1] INFO System.Windows.Forms.Form - Clean Filename:E:\Downloads\sanet.st.Linux_Magazine_Special_Editions_-_Best_of_Bash_2026\sanet.st.Linux_Magazine_Special_Editions_-_Best_of_Bash_2026.pdf
2026-08-10 16:00:43,278 [1] INFO System.Windows.Forms.Form - OnDragEnter Panel1
2026-08-10 16:00:45,475 [1] INFO System.Windows.Forms.Form - Clean Filename:E:\Downloads\AdultTime.26.06.24.Rachel.Cavalli.Adira.Allure.Whitney.OC.Andi.Avalon.And.Taylor.Vixxen.1080p.sanet
2026-08-10 16:06:50,779 [1] INFO System.Windows.Forms.Form - OnDragEnter Form
2026-08-10 16:06:50,810 [1] INFO System.Windows.Forms.Form - OnDragEnter CRC
2026-08-10 16:06:52,610 [1] INFO System.Windows.Forms.Form - Folder to clean:N:\3D Figures\Marvel\Torrida Minis – Marvel – She-Hulk – 3D Print Model STL
2026-08-10 16:06:52,809 [1] INFO System.Windows.Forms.Form - File to Erase:N:\3D Figures\Marvel\Torrida Minis – Marvel – She-Hulk – 3D Print Model STL\3D Models.txt
2026-08-10 16:06:52,927 [1] INFO System.Windows.Forms.Form - File to Erase:N:\3D Figures\Marvel\Torrida Minis – Marvel – She-Hulk – 3D Print Model STL\Base.stl
2026-08-10 16:06:53,262 [1] INFO System.Windows.Forms.Form - File to Erase:N:\3D Figures\Marvel\Torrida Minis – Marvel – She-Hulk – 3D Print Model STL\Seed.stl
2026-08-10 16:06:53,385 [1] INFO System.Windows.Forms.Form - File to Erase:N:\3D Figures\Marvel\Torrida Minis – Marvel – She-Hulk – 3D Print Model STL\She+Hulk+Torrida+1-10+scale\3D Models.txt
2026-08-10 16:06:55,538 [1] INFO System.Windows.Forms.Form - File to Erase:N:\3D Figures\Marvel\Torrida Minis – Marvel – She-Hulk – 3D Print Model STL\She+Hulk+Torrida+1-10+scale\Seed.stl
2026-08-10 16:06:59,392 [1] INFO System.Windows.Forms.Form - File to Erase:N:\3D Figures\Marvel\Torrida Minis – Marvel – She-Hulk – 3D Print Model STL\She+Hulk+Torrida+32+75mm\75mm\3D Models.txt
2026-08-10 16:07:00,312 [1] INFO System.Windows.Forms.Form - File to Erase:N:\3D Figures\Marvel\Torrida Minis – Marvel – She-Hulk – 3D Print Model STL\She+Hulk+Torrida+32+75mm\75mm\Base.stl
2026-08-10 16:07:00,661 [1] INFO System.Windows.Forms.Form - File to Erase:N:\3D Figures\Marvel\Torrida Minis – Marvel – She-Hulk – 3D Print Model STL\She+Hulk+Torrida+32+75mm\75mm\Seed.stl
2026-08-10 16:19:48,776 [1] INFO System.Windows.Forms.Form - OnDragEnter Form
2026-08-10 16:19:48,948 [1] INFO System.Windows.Forms.Form - OnDragEnter CRC
2026-08-10 16:19:50,547 [1] INFO System.Windows.Forms.Form - Folder to clean:N:\3D Figures\Marvel\Torrida Minis – Marvel – She-Hulk – 3D Print Model STL\She+Hulk+Torrida+32+75mm\75mm
2026-08-10 16:19:50,739 [1] DEBUG System.Windows.Forms.Form - File:N:\3D Figures\Marvel\Torrida Minis – Marvel – She-Hulk – 3D Print Model STL\She+Hulk+Torrida+32+75mm\75mm\75mm_SheHulk_base.stl
2026-08-10 16:19:50,739 [1] DEBUG System.Windows.Forms.Form - http://api_kbtools/addHexa.php?hexa='BBBACDC0
2026-08-10 16:19:50,893 [1] DEBUG System.Windows.Forms.Form - File:N:\3D Figures\Marvel\Torrida Minis – Marvel – She-Hulk – 3D Print Model STL\She+Hulk+Torrida+32+75mm\75mm\75mm_SheHulk_base_wrecking_ball.stl
2026-08-10 16:19:50,893 [1] DEBUG System.Windows.Forms.Form - http://api_kbtools/addHexa.php?hexa='F735BAE7
2026-08-10 16:19:51,144 [1] DEBUG System.Windows.Forms.Form - File:N:\3D Figures\Marvel\Torrida Minis – Marvel – She-Hulk – 3D Print Model STL\She+Hulk+Torrida+32+75mm\75mm\75mm_SheHulk_nude.stl
2026-08-10 16:19:51,144 [1] DEBUG System.Windows.Forms.Form - http://api_kbtools/addHexa.php?hexa='E76F59F1
2026-08-10 16:19:51,447 [1] DEBUG System.Windows.Forms.Form - File:N:\3D Figures\Marvel\Torrida Minis – Marvel – She-Hulk – 3D Print Model STL\She+Hulk+Torrida+32+75mm\75mm\75mm_SheHulk_regular.stl
2026-08-10 16:19:51,447 [1] DEBUG System.Windows.Forms.Form - http://api_kbtools/addHexa.php?hexa='1AF89E38
2026-08-10 16:19:51,632 [1] DEBUG System.Windows.Forms.Form - File:N:\3D Figures\Marvel\Torrida Minis – Marvel – She-Hulk – 3D Print Model STL\She+Hulk+Torrida+32+75mm\75mm\Overseed.stl
2026-08-10 16:19:51,632 [1] DEBUG System.Windows.Forms.Form - http://api_kbtools/addHexa.php?hexa='2A955391
2026-08-10 16:27:32,204 [1] INFO System.Windows.Forms.Form - OnDragEnter Form
2026-08-10 16:27:32,340 [1] INFO System.Windows.Forms.Form - OnDragEnter CRC
2026-08-10 16:27:33,844 [1] INFO System.Windows.Forms.Form - Folder to clean:N:\3D Figures\Marvel\Torrida Minis – Marvel – She-Hulk – 3D Print Model STL\She+Hulk+Torrida+32+75mm\75mm
2026-08-10 16:27:34,043 [1] DEBUG System.Windows.Forms.Form - File:N:\3D Figures\Marvel\Torrida Minis – Marvel – She-Hulk – 3D Print Model STL\She+Hulk+Torrida+32+75mm\75mm\75mm_SheHulk_base.stl
2026-08-10 16:27:34,043 [1] DEBUG System.Windows.Forms.Form - http://api_kbtools/addHexa.php?hexa='BBBACDC0
2026-08-10 16:27:34,194 [1] DEBUG System.Windows.Forms.Form - File:N:\3D Figures\Marvel\Torrida Minis – Marvel – She-Hulk – 3D Print Model STL\She+Hulk+Torrida+32+75mm\75mm\75mm_SheHulk_base_wrecking_ball.stl
2026-08-10 16:27:34,195 [1] DEBUG System.Windows.Forms.Form - http://api_kbtools/addHexa.php?hexa='F735BAE7
2026-08-10 16:27:34,472 [1] DEBUG System.Windows.Forms.Form - File:N:\3D Figures\Marvel\Torrida Minis – Marvel – She-Hulk – 3D Print Model STL\She+Hulk+Torrida+32+75mm\75mm\75mm_SheHulk_nude.stl
2026-08-10 16:27:34,472 [1] DEBUG System.Windows.Forms.Form - http://api_kbtools/addHexa.php?hexa='E76F59F1
2026-08-10 16:27:34,771 [1] DEBUG System.Windows.Forms.Form - File:N:\3D Figures\Marvel\Torrida Minis – Marvel – She-Hulk – 3D Print Model STL\She+Hulk+Torrida+32+75mm\75mm\75mm_SheHulk_regular.stl
2026-08-10 16:27:34,772 [1] DEBUG System.Windows.Forms.Form - http://api_kbtools/addHexa.php?hexa='1AF89E38
2026-08-10 16:27:34,956 [1] DEBUG System.Windows.Forms.Form - File:N:\3D Figures\Marvel\Torrida Minis – Marvel – She-Hulk – 3D Print Model STL\She+Hulk+Torrida+32+75mm\75mm\Overseed.stl
2026-08-10 16:27:34,956 [1] DEBUG System.Windows.Forms.Form - http://api_kbtools/addHexa.php?hexa='2A955391
2026-08-10 16:27:34,956 [1] INFO System.Windows.Forms.Form - File to Erase:N:\3D Figures\Marvel\Torrida Minis – Marvel – She-Hulk – 3D Print Model STL\She+Hulk+Torrida+32+75mm\75mm\Overseed.stl
2026-08-10 16:28:04,980 [1] INFO System.Windows.Forms.Form - OnDragEnter Form
2026-08-10 16:28:05,108 [1] INFO System.Windows.Forms.Form - OnDragEnter CRC
2026-08-10 16:28:06,676 [1] INFO System.Windows.Forms.Form - Folder to clean:N:\3D Figures\Marvel\Torrida Minis – Marvel – She-Hulk – 3D Print Model STL
2026-08-10 16:28:06,872 [1] INFO System.Windows.Forms.Form - File to Erase:N:\3D Figures\Marvel\Torrida Minis – Marvel – She-Hulk – 3D Print Model STL\Overseed.stl
2026-08-10 16:28:09,324 [1] INFO System.Windows.Forms.Form - File to Erase:N:\3D Figures\Marvel\Torrida Minis – Marvel – She-Hulk – 3D Print Model STL\She+Hulk+Torrida+1-10+scale\Overseed.stl
2026-08-10 17:36:25,012 [1] INFO System.Windows.Forms.Form - OnDragEnter Form
2026-08-10 17:36:25,092 [1] INFO System.Windows.Forms.Form - OnDragEnter Panel3
2026-08-10 17:36:25,394 [1] INFO System.Windows.Forms.Form - OnDragEnter Form
2026-08-10 17:36:25,457 [1] INFO System.Windows.Forms.Form - OnDragEnter Panel4
2026-08-10 17:36:25,691 [1] INFO System.Windows.Forms.Form - OnDragEnter CRC
2026-08-10 17:36:27,229 [1] INFO System.Windows.Forms.Form - Folder to clean:N:\3D Figures\Misc\PgGasta – Origa from Kuroinu – 3D Print Model STL\Origa_STL
2026-08-10 17:36:27,386 [1] INFO System.Windows.Forms.Form - File to Erase:N:\3D Figures\Misc\PgGasta – Origa from Kuroinu – 3D Print Model STL\Origa_STL\3D Models.txt
2026-08-10 17:36:29,406 [1] INFO System.Windows.Forms.Form - File to Erase:N:\3D Figures\Misc\PgGasta – Origa from Kuroinu – 3D Print Model STL\Origa_STL\Overseed.stl
2026-08-10 17:36:29,579 [1] INFO System.Windows.Forms.Form - File to Erase:N:\3D Figures\Misc\PgGasta – Origa from Kuroinu – 3D Print Model STL\Origa_STL\Seed.stl
2026-08-10 17:36:41,949 [1] INFO System.Windows.Forms.Form - OnDragEnter Form
2026-08-10 17:36:42,027 [1] INFO System.Windows.Forms.Form - OnDragEnter CRC
2026-08-10 17:36:43,875 [1] INFO System.Windows.Forms.Form - Folder to clean:N:\3D Figures\Misc\PgGasta – Origa from Kuroinu – 3D Print Model STL\Origa_OBJ
2026-08-10 17:39:11,472 [1] INFO System.Windows.Forms.Form - OnDragEnter Form
2026-08-10 17:39:11,555 [1] INFO System.Windows.Forms.Form - OnDragEnter CRC
2026-08-10 17:39:13,297 [1] INFO System.Windows.Forms.Form - Folder to clean:N:\3D Figures\Movies - TV\Gmeyer3D – The Road to El Dorado – Chel – 3D Print Model STL
2026-08-10 17:39:13,437 [1] INFO System.Windows.Forms.Form - File to Erase:N:\3D Figures\Movies - TV\Gmeyer3D – The Road to El Dorado – Chel – 3D Print Model STL\3D Models.txt
2026-08-10 17:39:18,198 [1] INFO System.Windows.Forms.Form - File to Erase:N:\3D Figures\Movies - TV\Gmeyer3D – The Road to El Dorado – Chel – 3D Print Model STL\Overseed.stl
2026-08-10 17:39:18,419 [1] INFO System.Windows.Forms.Form - File to Erase:N:\3D Figures\Movies - TV\Gmeyer3D – The Road to El Dorado – Chel – 3D Print Model STL\Seed.stl
2026-08-10 17:52:13,531 [1] INFO System.Windows.Forms.Form - OnDragEnter Form
2026-08-10 17:52:13,578 [1] INFO System.Windows.Forms.Form - OnDragEnter CRC
2026-08-10 17:52:15,814 [1] INFO System.Windows.Forms.Form - Folder to clean:N:\3D Figures\Star Wars\SW3D - Han Solo Stormtrooper Sculpture\Pack
2026-08-10 17:52:16,267 [1] INFO System.Windows.Forms.Form - File to Erase:N:\3D Figures\Star Wars\SW3D - Han Solo Stormtrooper Sculpture\Pack\+NSFW.txt
2026-08-10 17:52:16,385 [1] INFO System.Windows.Forms.Form - File to Erase:N:\3D Figures\Star Wars\SW3D - Han Solo Stormtrooper Sculpture\Pack\+NSFW.url
2026-08-10 17:52:16,496 [1] INFO System.Windows.Forms.Form - File to Erase:N:\3D Figures\Star Wars\SW3D - Han Solo Stormtrooper Sculpture\Pack\Miniatures.txt
2026-08-10 17:52:16,607 [1] INFO System.Windows.Forms.Form - File to Erase:N:\3D Figures\Star Wars\SW3D - Han Solo Stormtrooper Sculpture\Pack\Print.STL
2026-08-10 17:52:16,716 [1] INFO System.Windows.Forms.Form - File to Erase:N:\3D Figures\Star Wars\SW3D - Han Solo Stormtrooper Sculpture\Pack\Star Wars.txt
2026-08-10 17:52:16,825 [1] INFO System.Windows.Forms.Form - File to Erase:N:\3D Figures\Star Wars\SW3D - Han Solo Stormtrooper Sculpture\Pack\Star Wars.url
2026-08-10 17:52:16,941 [1] INFO System.Windows.Forms.Form - File to Erase:N:\3D Figures\Star Wars\SW3D - Han Solo Stormtrooper Sculpture\Pack\STL 3D Print.url
2026-08-10 17:52:17,056 [1] INFO System.Windows.Forms.Form - File to Erase:N:\3D Figures\Star Wars\SW3D - Han Solo Stormtrooper Sculpture\Pack\STL Anime.txt
2026-08-10 17:52:17,166 [1] INFO System.Windows.Forms.Form - File to Erase:N:\3D Figures\Star Wars\SW3D - Han Solo Stormtrooper Sculpture\Pack\STL Comics.txt
2026-08-10 17:52:17,383 [1] INFO System.Windows.Forms.Form - File to Erase:N:\3D Figures\Star Wars\SW3D - Han Solo Stormtrooper Sculpture\Pack\STL Free.stl
2026-08-10 17:52:17,497 [1] INFO System.Windows.Forms.Form - File to Erase:N:\3D Figures\Star Wars\SW3D - Han Solo Stormtrooper Sculpture\Pack\STL Game.txt
2026-08-10 17:52:17,682 [1] INFO System.Windows.Forms.Form - File to Erase:N:\3D Figures\Star Wars\SW3D - Han Solo Stormtrooper Sculpture\Pack\STL Me.url
2026-08-10 17:52:17,920 [1] INFO System.Windows.Forms.Form - File to Erase:N:\3D Figures\Star Wars\SW3D - Han Solo Stormtrooper Sculpture\Pack\SW.stl
2026-08-10 17:52:18,047 [1] INFO System.Windows.Forms.Form - File to Erase:N:\3D Figures\Star Wars\SW3D - Han Solo Stormtrooper Sculpture\Pack\SW.txt
2026-08-10 17:52:18,157 [1] INFO System.Windows.Forms.Form - File to Erase:N:\3D Figures\Star Wars\SW3D - Han Solo Stormtrooper Sculpture\Pack\Vehicle 3D Model.url
2026-08-10 17:52:18,270 [1] INFO System.Windows.Forms.Form - File to Erase:N:\3D Figures\Star Wars\SW3D - Han Solo Stormtrooper Sculpture\Pack\Vehicles3D.txt
2026-08-10 17:52:18,391 [1] INFO System.Windows.Forms.Form - File to Erase:N:\3D Figures\Star Wars\SW3D - Han Solo Stormtrooper Sculpture\Pack\Warhammer - WarGame STL 3D Print.txt
2026-08-10 17:52:18,502 [1] INFO System.Windows.Forms.Form - File to Erase:N:\3D Figures\Star Wars\SW3D - Han Solo Stormtrooper Sculpture\Pack\Warhammer - WarGame.url
2026-08-10 17:52:18,613 [1] INFO System.Windows.Forms.Form - File to Erase:N:\3D Figures\Star Wars\SW3D - Han Solo Stormtrooper Sculpture\Pack\WH-WG.txt
2026-08-10 17:52:18,893 [1] INFO System.Windows.Forms.Form - File to Erase:N:\3D Figures\Star Wars\SW3D - Han Solo Stormtrooper Sculpture\Pack\WH40k.stl
2026-08-10 17:52:19,026 [1] INFO System.Windows.Forms.Form - File to Erase:N:\3D Figures\Star Wars\SW3D - Han Solo Stormtrooper Sculpture\Pack\STL Boost\Miniatures.stl
2026-08-10 17:52:19,135 [1] INFO System.Windows.Forms.Form - File to Erase:N:\3D Figures\Star Wars\SW3D - Han Solo Stormtrooper Sculpture\Pack\STL Boost\pack.stl
2026-08-10 17:52:19,261 [1] INFO System.Windows.Forms.Form - File to Erase:N:\3D Figures\Star Wars\SW3D - Han Solo Stormtrooper Sculpture\Pack\STL Boost\Pad.STL
2026-08-10 17:52:19,386 [1] INFO System.Windows.Forms.Form - File to Erase:N:\3D Figures\Star Wars\SW3D - Han Solo Stormtrooper Sculpture\Pack\STL Boost\STL Boost.jpg
2026-08-10 17:52:19,496 [1] INFO System.Windows.Forms.Form - File to Erase:N:\3D Figures\Star Wars\SW3D - Han Solo Stormtrooper Sculpture\Pack\STL Boost\STL Boost.txt
2026-08-10 17:52:19,681 [1] INFO System.Windows.Forms.Form - File to Erase:N:\3D Figures\Star Wars\SW3D - Han Solo Stormtrooper Sculpture\Pack\STL Boost\STL Free.stl
2026-08-10 17:52:19,805 [1] INFO System.Windows.Forms.Form - File to Erase:N:\3D Figures\Star Wars\SW3D - Han Solo Stormtrooper Sculpture\Pack\STL Boost\STL Me.url
2026-08-10 17:52:20,097 [1] INFO System.Windows.Forms.Form - File to Erase:N:\3D Figures\Star Wars\SW3D - Han Solo Stormtrooper Sculpture\Pack\STL Boost\Telegram Channel Free Models.stl
2026-08-10 17:54:47,441 [1] INFO System.Windows.Forms.Form - OnDragEnter Form
2026-08-10 17:54:47,557 [1] INFO System.Windows.Forms.Form - OnDragEnter CRC
2026-08-10 17:54:50,090 [1] INFO System.Windows.Forms.Form - Folder to clean:N:\3D Figures\Star Wars\SW3D - Han Solo Stormtrooper Sculpture\SW3D - Han Solo Stormtrooper Sculpture (Non Supported)\SW3D - Han Solo Stormtrooper Sculpture (Non Supported)\Base
2026-08-10 17:55:04,318 [1] INFO System.Windows.Forms.Form - OnDragEnter Form
2026-08-10 17:55:04,377 [1] INFO System.Windows.Forms.Form - OnDragEnter CRC
2026-08-10 17:55:06,515 [1] INFO System.Windows.Forms.Form - Folder to clean:N:\3D Figures\Star Wars\SW3D - Han Solo Stormtrooper Sculpture\SW3D - Han Solo Stormtrooper Sculpture (Non Supported)\SW3D - Han Solo Stormtrooper Sculpture (Non Supported)\Full Pieces
2026-08-10 18:00:19,124 [1] INFO System.Windows.Forms.Form - OnDragEnter Form
2026-08-10 18:00:19,194 [1] INFO System.Windows.Forms.Form - OnDragEnter CRC
2026-08-10 18:00:20,751 [1] INFO System.Windows.Forms.Form - Folder to clean:N:\3D Figures\Anime\Gmeyer3D – Rosario and Vampire – Moka Akashia – 3D Print Model STL
2026-08-10 18:00:20,891 [1] INFO System.Windows.Forms.Form - File to Erase:N:\3D Figures\Anime\Gmeyer3D – Rosario and Vampire – Moka Akashia – 3D Print Model STL\3D Models.txt
2026-08-10 18:00:25,044 [1] INFO System.Windows.Forms.Form - File to Erase:N:\3D Figures\Anime\Gmeyer3D – Rosario and Vampire – Moka Akashia – 3D Print Model STL\Overseed.stl
2026-08-10 18:00:26,572 [1] INFO System.Windows.Forms.Form - File to Erase:N:\3D Figures\Anime\Gmeyer3D – Rosario and Vampire – Moka Akashia – 3D Print Model STL\Seed.stl
2026-08-10 18:02:34,044 [1] INFO System.Windows.Forms.Form - OnDragEnter Form
2026-08-10 18:02:34,243 [1] INFO System.Windows.Forms.Form - OnDragEnter CRC
2026-08-10 18:02:35,749 [1] INFO System.Windows.Forms.Form - Folder to clean:N:\3D Figures\Star Wars\SW3D - Savage Opress Portrait Bust\Pack\STL Boost
2026-08-10 18:02:35,892 [1] INFO System.Windows.Forms.Form - File to Erase:N:\3D Figures\Star Wars\SW3D - Savage Opress Portrait Bust\Pack\STL Boost\Miniatures.stl
2026-08-10 18:02:36,004 [1] INFO System.Windows.Forms.Form - File to Erase:N:\3D Figures\Star Wars\SW3D - Savage Opress Portrait Bust\Pack\STL Boost\pack.stl
2026-08-10 18:02:36,114 [1] INFO System.Windows.Forms.Form - File to Erase:N:\3D Figures\Star Wars\SW3D - Savage Opress Portrait Bust\Pack\STL Boost\Pad.STL
2026-08-10 18:02:36,224 [1] INFO System.Windows.Forms.Form - File to Erase:N:\3D Figures\Star Wars\SW3D - Savage Opress Portrait Bust\Pack\STL Boost\STL Boost.jpg
2026-08-10 18:02:36,334 [1] INFO System.Windows.Forms.Form - File to Erase:N:\3D Figures\Star Wars\SW3D - Savage Opress Portrait Bust\Pack\STL Boost\STL Boost.txt
2026-08-10 18:02:36,509 [1] INFO System.Windows.Forms.Form - File to Erase:N:\3D Figures\Star Wars\SW3D - Savage Opress Portrait Bust\Pack\STL Boost\STL Free.stl
2026-08-10 18:02:36,619 [1] INFO System.Windows.Forms.Form - File to Erase:N:\3D Figures\Star Wars\SW3D - Savage Opress Portrait Bust\Pack\STL Boost\STL Me.url
2026-08-10 18:02:36,854 [1] INFO System.Windows.Forms.Form - File to Erase:N:\3D Figures\Star Wars\SW3D - Savage Opress Portrait Bust\Pack\STL Boost\Telegram Channel Free Models.stl
2026-08-10 18:02:48,115 [1] INFO System.Windows.Forms.Form - OnDragEnter Form
2026-08-10 18:02:48,293 [1] INFO System.Windows.Forms.Form - OnDragEnter CRC
2026-08-10 18:02:50,064 [1] INFO System.Windows.Forms.Form - Folder to clean:N:\3D Figures\Star Wars\SW3D - Savage Opress Portrait Bust\Pack
2026-08-10 18:02:50,204 [1] INFO System.Windows.Forms.Form - File to Erase:N:\3D Figures\Star Wars\SW3D - Savage Opress Portrait Bust\Pack\+NSFW.txt
2026-08-10 18:02:50,314 [1] INFO System.Windows.Forms.Form - File to Erase:N:\3D Figures\Star Wars\SW3D - Savage Opress Portrait Bust\Pack\+NSFW.url
2026-08-10 18:02:50,424 [1] INFO System.Windows.Forms.Form - File to Erase:N:\3D Figures\Star Wars\SW3D - Savage Opress Portrait Bust\Pack\Miniatures.txt
2026-08-10 18:02:50,535 [1] INFO System.Windows.Forms.Form - File to Erase:N:\3D Figures\Star Wars\SW3D - Savage Opress Portrait Bust\Pack\Print.STL
2026-08-10 18:02:50,646 [1] INFO System.Windows.Forms.Form - File to Erase:N:\3D Figures\Star Wars\SW3D - Savage Opress Portrait Bust\Pack\Star Wars.txt
2026-08-10 18:02:50,756 [1] INFO System.Windows.Forms.Form - File to Erase:N:\3D Figures\Star Wars\SW3D - Savage Opress Portrait Bust\Pack\Star Wars.url
2026-08-10 18:02:50,867 [1] INFO System.Windows.Forms.Form - File to Erase:N:\3D Figures\Star Wars\SW3D - Savage Opress Portrait Bust\Pack\STL 3D Print.url
2026-08-10 18:02:50,979 [1] INFO System.Windows.Forms.Form - File to Erase:N:\3D Figures\Star Wars\SW3D - Savage Opress Portrait Bust\Pack\STL Anime.txt
2026-08-10 18:02:51,089 [1] INFO System.Windows.Forms.Form - File to Erase:N:\3D Figures\Star Wars\SW3D - Savage Opress Portrait Bust\Pack\STL Comics.txt
2026-08-10 18:02:51,287 [1] INFO System.Windows.Forms.Form - File to Erase:N:\3D Figures\Star Wars\SW3D - Savage Opress Portrait Bust\Pack\STL Free.stl
2026-08-10 18:02:51,407 [1] INFO System.Windows.Forms.Form - File to Erase:N:\3D Figures\Star Wars\SW3D - Savage Opress Portrait Bust\Pack\STL Game.txt
2026-08-10 18:02:51,518 [1] INFO System.Windows.Forms.Form - File to Erase:N:\3D Figures\Star Wars\SW3D - Savage Opress Portrait Bust\Pack\STL Me.url
2026-08-10 18:02:51,755 [1] INFO System.Windows.Forms.Form - File to Erase:N:\3D Figures\Star Wars\SW3D - Savage Opress Portrait Bust\Pack\SW.stl
2026-08-10 18:02:51,882 [1] INFO System.Windows.Forms.Form - File to Erase:N:\3D Figures\Star Wars\SW3D - Savage Opress Portrait Bust\Pack\SW.txt
2026-08-10 18:02:51,993 [1] INFO System.Windows.Forms.Form - File to Erase:N:\3D Figures\Star Wars\SW3D - Savage Opress Portrait Bust\Pack\Vehicle 3D Model.url
2026-08-10 18:02:52,105 [1] INFO System.Windows.Forms.Form - File to Erase:N:\3D Figures\Star Wars\SW3D - Savage Opress Portrait Bust\Pack\Vehicles3D.txt
2026-08-10 18:02:52,214 [1] INFO System.Windows.Forms.Form - File to Erase:N:\3D Figures\Star Wars\SW3D - Savage Opress Portrait Bust\Pack\Warhammer - WarGame STL 3D Print.txt
2026-08-10 18:02:52,322 [1] INFO System.Windows.Forms.Form - File to Erase:N:\3D Figures\Star Wars\SW3D - Savage Opress Portrait Bust\Pack\Warhammer - WarGame.url
2026-08-10 18:02:52,463 [1] INFO System.Windows.Forms.Form - File to Erase:N:\3D Figures\Star Wars\SW3D - Savage Opress Portrait Bust\Pack\WH-WG.txt
2026-08-10 18:02:52,723 [1] INFO System.Windows.Forms.Form - File to Erase:N:\3D Figures\Star Wars\SW3D - Savage Opress Portrait Bust\Pack\WH40k.stl
2026-08-10 18:08:23,059 [1] INFO System.Windows.Forms.Form - OnDragEnter Form
2026-08-10 18:08:23,083 [1] INFO System.Windows.Forms.Form - OnDragEnter CRC
2026-08-10 18:08:24,643 [1] INFO System.Windows.Forms.Form - Folder to clean:N:\3D Figures\Star Wars\SW3D - Savage Opress Portrait Bust\SW3D - Savage Opress Portrait Bust (Non Supported)\Base
2026-08-10 18:08:33,576 [1] INFO System.Windows.Forms.Form - OnDragEnter Form
2026-08-10 18:08:33,665 [1] INFO System.Windows.Forms.Form - OnDragEnter CRC
2026-08-10 18:08:35,462 [1] INFO System.Windows.Forms.Form - Folder to clean:N:\3D Figures\Star Wars\SW3D - Savage Opress Portrait Bust\SW3D - Savage Opress Portrait Bust (Non Supported)\Full Pieces
2026-08-10 18:08:50,660 [1] INFO System.Windows.Forms.Form - OnDragEnter Form
2026-08-10 18:08:50,761 [1] INFO System.Windows.Forms.Form - OnDragEnter CRC
2026-08-10 18:08:52,400 [1] INFO System.Windows.Forms.Form - Folder to clean:N:\3D Figures\Star Wars\SW3D - Savage Opress Portrait Bust\SW3D - Savage Opress Portrait Bust (Non Supported)\Heads
2026-08-10 18:09:24,433 [1] INFO System.Windows.Forms.Form - OnDragEnter Form
2026-08-10 18:09:24,506 [1] INFO System.Windows.Forms.Form - OnDragEnter CRC
2026-08-10 18:09:25,993 [1] INFO System.Windows.Forms.Form - Folder to clean:N:\3D Figures\Star Wars\SW3D - Savage Opress Portrait Bust\SW3D - Savage Opress Portrait Bust (One Piece)
2026-08-10 18:10:08,490 [1] INFO System.Windows.Forms.Form - OnDragEnter Form
2026-08-10 18:10:08,578 [1] INFO System.Windows.Forms.Form - OnDragEnter CRC
2026-08-10 18:10:10,278 [1] INFO System.Windows.Forms.Form - Folder to clean:N:\3D Figures\Star Wars\SW3D - Savage Opress Portrait Bust\SW3D - Savage Opress Portrait Bust (X Pose)
2026-08-10 18:14:34,719 [1] INFO System.Windows.Forms.Form - OnDragEnter Form
2026-08-10 18:14:34,789 [1] INFO System.Windows.Forms.Form - OnDragEnter CRC
2026-08-10 18:14:36,405 [1] INFO System.Windows.Forms.Form - Folder to clean:N:\3D Figures\Star Wars\Star Wars 3D Models - Chopper (C1-10P) 170mm (Non Supported)
2026-08-10 18:19:50,554 [1] INFO System.Windows.Forms.Form - OnDragEnter Form
2026-08-10 18:19:50,824 [1] INFO System.Windows.Forms.Form - OnDragEnter CRC
2026-08-10 18:19:52,474 [1] INFO System.Windows.Forms.Form - Folder to clean:N:\3D Figures\Star Wars\SW3D – Luke Pilot Sculpture\SW3D - Luke Pilot Sculpture\SW3D - Luke Pilot Sculpture (Chitubox Pre Supported)
2026-08-10 18:21:02,139 [1] INFO System.Windows.Forms.Form - OnDragEnter Form
2026-08-10 18:21:02,236 [1] INFO System.Windows.Forms.Form - OnDragEnter CRC
2026-08-10 18:21:03,802 [1] INFO System.Windows.Forms.Form - Folder to clean:N:\3D Figures\Star Wars\SW3D – Luke Pilot Sculpture\SW3D - Luke Pilot Sculpture\SW3D - Luke Pilot Sculpture (Images)
2026-08-10 18:21:21,617 [1] INFO System.Windows.Forms.Form - OnDragEnter Form
2026-08-10 18:21:21,683 [1] INFO System.Windows.Forms.Form - OnDragEnter CRC
2026-08-10 18:21:23,337 [1] INFO System.Windows.Forms.Form - Folder to clean:N:\3D Figures\Star Wars\SW3D – Luke Pilot Sculpture\SW3D - Luke Pilot Sculpture\SW3D - Luke Pilot Sculpture (Non Supported)
2026-08-10 18:22:12,613 [1] INFO System.Windows.Forms.Form - OnDragEnter Form
2026-08-10 18:22:12,771 [1] INFO System.Windows.Forms.Form - OnDragEnter CRC
2026-08-10 18:22:14,379 [1] INFO System.Windows.Forms.Form - Folder to clean:N:\3D Figures\Star Wars\SW3D – Luke Pilot Sculpture\SW3D - Luke Pilot Sculpture\SW3D - Luke Pilot Sculpture (One Piece)
2026-08-10 18:22:46,583 [1] INFO System.Windows.Forms.Form - OnDragEnter Form
2026-08-10 18:22:46,892 [1] INFO System.Windows.Forms.Form - OnDragEnter CRC
2026-08-10 18:22:48,418 [1] INFO System.Windows.Forms.Form - Folder to clean:N:\3D Figures\Star Wars\SW3D – Luke Pilot Sculpture\SW3D - Luke Pilot Sculpture\SW3D - Luke Pilot Sculpture (STL Pre Supported)
2026-08-10 18:24:16,415 [1] INFO System.Windows.Forms.Form - OnDragEnter Form
2026-08-10 18:24:16,638 [1] INFO System.Windows.Forms.Form - OnDragEnter CRC
2026-08-10 18:24:18,506 [1] INFO System.Windows.Forms.Form - Folder to clean:N:\3D Figures\Star Wars\SW3D – Luke Pilot Sculpture\SW3D - Luke Pilot Sculpture\SW3D - Luke Pilot Sculpture (X Pose)
2026-08-10 18:24:40,590 [1] INFO System.Windows.Forms.Form - OnDragEnter Form
2026-08-10 18:24:40,743 [1] INFO System.Windows.Forms.Form - OnDragEnter CRC
2026-08-10 18:24:42,344 [1] INFO System.Windows.Forms.Form - Folder to clean:N:\3D Figures\Star Wars\SW3D – Luke Pilot Sculpture\SW3D - Luke Pilot Sculpture\Pack
2026-08-10 18:24:42,485 [1] INFO System.Windows.Forms.Form - File to Erase:N:\3D Figures\Star Wars\SW3D – Luke Pilot Sculpture\SW3D - Luke Pilot Sculpture\Pack\+NSFW.txt
2026-08-10 18:24:42,971 [1] INFO System.Windows.Forms.Form - File to Erase:N:\3D Figures\Star Wars\SW3D – Luke Pilot Sculpture\SW3D - Luke Pilot Sculpture\Pack\+NSFW.url
2026-08-10 18:24:43,081 [1] INFO System.Windows.Forms.Form - File to Erase:N:\3D Figures\Star Wars\SW3D – Luke Pilot Sculpture\SW3D - Luke Pilot Sculpture\Pack\Miniatures.txt
2026-08-10 18:24:43,211 [1] INFO System.Windows.Forms.Form - File to Erase:N:\3D Figures\Star Wars\SW3D – Luke Pilot Sculpture\SW3D - Luke Pilot Sculpture\Pack\Print.STL
2026-08-10 18:24:43,332 [1] INFO System.Windows.Forms.Form - File to Erase:N:\3D Figures\Star Wars\SW3D – Luke Pilot Sculpture\SW3D - Luke Pilot Sculpture\Pack\Star Wars.txt
2026-08-10 18:24:43,440 [1] INFO System.Windows.Forms.Form - File to Erase:N:\3D Figures\Star Wars\SW3D – Luke Pilot Sculpture\SW3D - Luke Pilot Sculpture\Pack\Star Wars.url
2026-08-10 18:24:43,550 [1] INFO System.Windows.Forms.Form - File to Erase:N:\3D Figures\Star Wars\SW3D – Luke Pilot Sculpture\SW3D - Luke Pilot Sculpture\Pack\STL 3D Print.url
2026-08-10 18:24:43,657 [1] INFO System.Windows.Forms.Form - File to Erase:N:\3D Figures\Star Wars\SW3D – Luke Pilot Sculpture\SW3D - Luke Pilot Sculpture\Pack\STL Anime.txt
2026-08-10 18:24:43,767 [1] INFO System.Windows.Forms.Form - File to Erase:N:\3D Figures\Star Wars\SW3D – Luke Pilot Sculpture\SW3D - Luke Pilot Sculpture\Pack\STL Comics.txt
2026-08-10 18:24:43,990 [1] INFO System.Windows.Forms.Form - File to Erase:N:\3D Figures\Star Wars\SW3D – Luke Pilot Sculpture\SW3D - Luke Pilot Sculpture\Pack\STL Free.stl
2026-08-10 18:24:44,112 [1] INFO System.Windows.Forms.Form - File to Erase:N:\3D Figures\Star Wars\SW3D – Luke Pilot Sculpture\SW3D - Luke Pilot Sculpture\Pack\STL Game.txt
2026-08-10 18:24:44,221 [1] INFO System.Windows.Forms.Form - File to Erase:N:\3D Figures\Star Wars\SW3D – Luke Pilot Sculpture\SW3D - Luke Pilot Sculpture\Pack\STL Me.url
2026-08-10 18:24:44,568 [1] INFO System.Windows.Forms.Form - File to Erase:N:\3D Figures\Star Wars\SW3D – Luke Pilot Sculpture\SW3D - Luke Pilot Sculpture\Pack\SW.stl
2026-08-10 18:24:44,678 [1] INFO System.Windows.Forms.Form - File to Erase:N:\3D Figures\Star Wars\SW3D – Luke Pilot Sculpture\SW3D - Luke Pilot Sculpture\Pack\SW.txt
2026-08-10 18:24:44,785 [1] INFO System.Windows.Forms.Form - File to Erase:N:\3D Figures\Star Wars\SW3D – Luke Pilot Sculpture\SW3D - Luke Pilot Sculpture\Pack\Vehicle 3D Model.url
2026-08-10 18:24:44,895 [1] INFO System.Windows.Forms.Form - File to Erase:N:\3D Figures\Star Wars\SW3D – Luke Pilot Sculpture\SW3D - Luke Pilot Sculpture\Pack\Vehicles3D.txt
2026-08-10 18:24:45,007 [1] INFO System.Windows.Forms.Form - File to Erase:N:\3D Figures\Star Wars\SW3D – Luke Pilot Sculpture\SW3D - Luke Pilot Sculpture\Pack\Warhammer - WarGame STL 3D Print.txt
2026-08-10 18:24:45,116 [1] INFO System.Windows.Forms.Form - File to Erase:N:\3D Figures\Star Wars\SW3D – Luke Pilot Sculpture\SW3D - Luke Pilot Sculpture\Pack\Warhammer - WarGame.url
2026-08-10 18:24:45,227 [1] INFO System.Windows.Forms.Form - File to Erase:N:\3D Figures\Star Wars\SW3D – Luke Pilot Sculpture\SW3D - Luke Pilot Sculpture\Pack\WH-WG.txt
2026-08-10 18:24:45,554 [1] INFO System.Windows.Forms.Form - File to Erase:N:\3D Figures\Star Wars\SW3D – Luke Pilot Sculpture\SW3D - Luke Pilot Sculpture\Pack\WH40k.stl
2026-08-10 18:24:45,682 [1] INFO System.Windows.Forms.Form - File to Erase:N:\3D Figures\Star Wars\SW3D – Luke Pilot Sculpture\SW3D - Luke Pilot Sculpture\Pack\STL Boost\Miniatures.stl
2026-08-10 18:24:45,821 [1] INFO System.Windows.Forms.Form - File to Erase:N:\3D Figures\Star Wars\SW3D – Luke Pilot Sculpture\SW3D - Luke Pilot Sculpture\Pack\STL Boost\pack.stl
2026-08-10 18:24:45,953 [1] INFO System.Windows.Forms.Form - File to Erase:N:\3D Figures\Star Wars\SW3D – Luke Pilot Sculpture\SW3D - Luke Pilot Sculpture\Pack\STL Boost\Pad.STL
2026-08-10 18:24:46,086 [1] INFO System.Windows.Forms.Form - File to Erase:N:\3D Figures\Star Wars\SW3D – Luke Pilot Sculpture\SW3D - Luke Pilot Sculpture\Pack\STL Boost\STL Boost.jpg
2026-08-10 18:24:46,196 [1] INFO System.Windows.Forms.Form - File to Erase:N:\3D Figures\Star Wars\SW3D – Luke Pilot Sculpture\SW3D - Luke Pilot Sculpture\Pack\STL Boost\STL Boost.txt
2026-08-10 18:24:46,426 [1] INFO System.Windows.Forms.Form - File to Erase:N:\3D Figures\Star Wars\SW3D – Luke Pilot Sculpture\SW3D - Luke Pilot Sculpture\Pack\STL Boost\STL Free.stl
2026-08-10 18:24:46,537 [1] INFO System.Windows.Forms.Form - File to Erase:N:\3D Figures\Star Wars\SW3D – Luke Pilot Sculpture\SW3D - Luke Pilot Sculpture\Pack\STL Boost\STL Me.url
2026-08-10 18:24:46,956 [1] INFO System.Windows.Forms.Form - File to Erase:N:\3D Figures\Star Wars\SW3D – Luke Pilot Sculpture\SW3D - Luke Pilot Sculpture\Pack\STL Boost\Telegram Channel Free Models.stl
2026-08-11 09:21:50,248 [1] INFO System.Windows.Forms.Form - OnDragEnter CRC
2026-08-11 09:21:51,892 [1] INFO System.Windows.Forms.Form - Folder to clean:N:\3D Figures\Star Wars\Sanix - Ashoka\SANIX ASH 3D Printing Files scale 6
2026-08-11 09:22:53,270 [1] INFO System.Windows.Forms.Form - OnDragEnter Form
2026-08-11 09:22:53,348 [1] INFO System.Windows.Forms.Form - OnDragEnter CRC
2026-08-11 09:22:55,010 [1] INFO System.Windows.Forms.Form - Folder to clean:N:\3D Figures\Star Wars\Sanix - Ashoka\SANIX ASH 3D Printing Files scale 10
2026-08-11 12:11:40,328 [1] INFO System.Windows.Forms.Form - OnDragEnter Form
2026-08-11 12:11:40,571 [1] INFO System.Windows.Forms.Form - OnDragEnter CRC
2026-08-11 12:11:42,142 [1] INFO System.Windows.Forms.Form - Folder to clean:N:\3D Figures\Anime\Momoji – Soi fon
2026-08-11 12:11:42,299 [1] INFO System.Windows.Forms.Form - File to Erase:N:\3D Figures\Anime\Momoji – Soi fon\3D Print Today.txt
2026-08-11 12:11:49,784 [1] INFO System.Windows.Forms.Form - File to Erase:N:\3D Figures\Anime\Momoji – Soi fon\STL CLAD\+NSFW.txt
2026-08-11 12:11:49,894 [1] INFO System.Windows.Forms.Form - File to Erase:N:\3D Figures\Anime\Momoji – Soi fon\STL CLAD\+NSFW.url
2026-08-11 12:11:50,004 [1] INFO System.Windows.Forms.Form - File to Erase:N:\3D Figures\Anime\Momoji – Soi fon\STL CLAD\3D Print Models STL.url
2026-08-11 12:11:50,117 [1] INFO System.Windows.Forms.Form - File to Erase:N:\3D Figures\Anime\Momoji – Soi fon\STL CLAD\Base.stl
2026-08-11 12:11:50,227 [1] INFO System.Windows.Forms.Form - File to Erase:N:\3D Figures\Anime\Momoji – Soi fon\STL CLAD\Board.stl
2026-08-11 12:11:50,351 [1] INFO System.Windows.Forms.Form - File to Erase:N:\3D Figures\Anime\Momoji – Soi fon\STL CLAD\Miniatures STL.url
2026-08-11 12:11:50,464 [1] INFO System.Windows.Forms.Form - File to Erase:N:\3D Figures\Anime\Momoji – Soi fon\STL CLAD\Miniatures.STL
2026-08-11 12:11:50,571 [1] INFO System.Windows.Forms.Form - File to Erase:N:\3D Figures\Anime\Momoji – Soi fon\STL CLAD\Miniatures.txt
2026-08-11 12:11:50,684 [1] INFO System.Windows.Forms.Form - File to Erase:N:\3D Figures\Anime\Momoji – Soi fon\STL CLAD\Pad.STL
2026-08-11 12:11:50,791 [1] INFO System.Windows.Forms.Form - File to Erase:N:\3D Figures\Anime\Momoji – Soi fon\STL CLAD\Print.STL
2026-08-11 12:11:50,901 [1] INFO System.Windows.Forms.Form - File to Erase:N:\3D Figures\Anime\Momoji – Soi fon\STL CLAD\PrintMe.txt
2026-08-11 12:11:51,011 [1] INFO System.Windows.Forms.Form - File to Erase:N:\3D Figures\Anime\Momoji – Soi fon\STL CLAD\Star Wars.txt
2026-08-11 12:11:51,121 [1] INFO System.Windows.Forms.Form - File to Erase:N:\3D Figures\Anime\Momoji – Soi fon\STL CLAD\Star Wars.url
2026-08-11 12:11:51,232 [1] INFO System.Windows.Forms.Form - File to Erase:N:\3D Figures\Anime\Momoji – Soi fon\STL CLAD\STL 3D Print.txt
2026-08-11 12:11:51,342 [1] INFO System.Windows.Forms.Form - File to Erase:N:\3D Figures\Anime\Momoji – Soi fon\STL CLAD\STL 3D Print.url
2026-08-11 12:11:51,452 [1] INFO System.Windows.Forms.Form - File to Erase:N:\3D Figures\Anime\Momoji – Soi fon\STL CLAD\STL Anime.txt
2026-08-11 12:11:51,560 [1] INFO System.Windows.Forms.Form - File to Erase:N:\3D Figures\Anime\Momoji – Soi fon\STL CLAD\STL Comics.txt
2026-08-11 12:11:51,723 [1] INFO System.Windows.Forms.Form - File to Erase:N:\3D Figures\Anime\Momoji – Soi fon\STL CLAD\STL Free.stl
2026-08-11 12:11:51,842 [1] INFO System.Windows.Forms.Form - File to Erase:N:\3D Figures\Anime\Momoji – Soi fon\STL CLAD\STL Game.txt
2026-08-11 12:11:51,951 [1] INFO System.Windows.Forms.Form - File to Erase:N:\3D Figures\Anime\Momoji – Soi fon\STL CLAD\STL Me.url
2026-08-11 12:11:52,143 [1] INFO System.Windows.Forms.Form - File to Erase:N:\3D Figures\Anime\Momoji – Soi fon\STL CLAD\SW.stl
2026-08-11 12:11:52,265 [1] INFO System.Windows.Forms.Form - File to Erase:N:\3D Figures\Anime\Momoji – Soi fon\STL CLAD\SW.txt
2026-08-11 12:11:52,376 [1] INFO System.Windows.Forms.Form - File to Erase:N:\3D Figures\Anime\Momoji – Soi fon\STL CLAD\Torso.STL
2026-08-11 12:11:52,484 [1] INFO System.Windows.Forms.Form - File to Erase:N:\3D Figures\Anime\Momoji – Soi fon\STL CLAD\Vehicle 3D Model.url
2026-08-11 12:11:52,594 [1] INFO System.Windows.Forms.Form - File to Erase:N:\3D Figures\Anime\Momoji – Soi fon\STL CLAD\Vehicles3D.txt
2026-08-11 12:11:52,702 [1] INFO System.Windows.Forms.Form - File to Erase:N:\3D Figures\Anime\Momoji – Soi fon\STL CLAD\Warhammer - WarGame STL 3D Print.txt
2026-08-11 12:11:52,810 [1] INFO System.Windows.Forms.Form - File to Erase:N:\3D Figures\Anime\Momoji – Soi fon\STL CLAD\Warhammer - WarGame.url
2026-08-11 12:11:52,919 [1] INFO System.Windows.Forms.Form - File to Erase:N:\3D Figures\Anime\Momoji – Soi fon\STL CLAD\WH-WG.txt
2026-08-11 12:11:53,183 [1] INFO System.Windows.Forms.Form - File to Erase:N:\3D Figures\Anime\Momoji – Soi fon\STL CLAD\WH40k.stl
2026-08-11 12:11:53,308 [1] INFO System.Windows.Forms.Form - File to Erase:N:\3D Figures\Anime\Momoji – Soi fon\STL CLAD\Pack\+NSFW.txt
2026-08-11 12:11:53,430 [1] INFO System.Windows.Forms.Form - File to Erase:N:\3D Figures\Anime\Momoji – Soi fon\STL CLAD\Pack\+NSFW.url
2026-08-11 12:11:53,538 [1] INFO System.Windows.Forms.Form - File to Erase:N:\3D Figures\Anime\Momoji – Soi fon\STL CLAD\Pack\Miniatures.txt
2026-08-11 12:11:53,650 [1] INFO System.Windows.Forms.Form - File to Erase:N:\3D Figures\Anime\Momoji – Soi fon\STL CLAD\Pack\Print.STL
2026-08-11 12:11:53,757 [1] INFO System.Windows.Forms.Form - File to Erase:N:\3D Figures\Anime\Momoji – Soi fon\STL CLAD\Pack\Star Wars.txt
2026-08-11 12:11:53,867 [1] INFO System.Windows.Forms.Form - File to Erase:N:\3D Figures\Anime\Momoji – Soi fon\STL CLAD\Pack\Star Wars.url
2026-08-11 12:11:53,978 [1] INFO System.Windows.Forms.Form - File to Erase:N:\3D Figures\Anime\Momoji – Soi fon\STL CLAD\Pack\STL 3D Print.url
2026-08-11 12:11:54,087 [1] INFO System.Windows.Forms.Form - File to Erase:N:\3D Figures\Anime\Momoji – Soi fon\STL CLAD\Pack\STL Anime.txt
2026-08-11 12:11:54,198 [1] INFO System.Windows.Forms.Form - File to Erase:N:\3D Figures\Anime\Momoji – Soi fon\STL CLAD\Pack\STL Comics.txt
2026-08-11 12:11:54,383 [1] INFO System.Windows.Forms.Form - File to Erase:N:\3D Figures\Anime\Momoji – Soi fon\STL CLAD\Pack\STL Free.stl
2026-08-11 12:11:54,496 [1] INFO System.Windows.Forms.Form - File to Erase:N:\3D Figures\Anime\Momoji – Soi fon\STL CLAD\Pack\STL Game.txt
2026-08-11 12:11:54,608 [1] INFO System.Windows.Forms.Form - File to Erase:N:\3D Figures\Anime\Momoji – Soi fon\STL CLAD\Pack\STL Me.url
2026-08-11 12:11:54,818 [1] INFO System.Windows.Forms.Form - File to Erase:N:\3D Figures\Anime\Momoji – Soi fon\STL CLAD\Pack\SW.stl
2026-08-11 12:11:54,938 [1] INFO System.Windows.Forms.Form - File to Erase:N:\3D Figures\Anime\Momoji – Soi fon\STL CLAD\Pack\SW.txt
2026-08-11 12:11:55,049 [1] INFO System.Windows.Forms.Form - File to Erase:N:\3D Figures\Anime\Momoji – Soi fon\STL CLAD\Pack\Vehicle 3D Model.url
2026-08-11 12:11:55,161 [1] INFO System.Windows.Forms.Form - File to Erase:N:\3D Figures\Anime\Momoji – Soi fon\STL CLAD\Pack\Vehicles3D.txt
2026-08-11 12:11:55,272 [1] INFO System.Windows.Forms.Form - File to Erase:N:\3D Figures\Anime\Momoji – Soi fon\STL CLAD\Pack\Warhammer - WarGame STL 3D Print.txt
2026-08-11 12:11:55,381 [1] INFO System.Windows.Forms.Form - File to Erase:N:\3D Figures\Anime\Momoji – Soi fon\STL CLAD\Pack\Warhammer - WarGame.url
2026-08-11 12:11:55,488 [1] INFO System.Windows.Forms.Form - File to Erase:N:\3D Figures\Anime\Momoji – Soi fon\STL CLAD\Pack\WH-WG.txt
2026-08-11 12:11:55,753 [1] INFO System.Windows.Forms.Form - File to Erase:N:\3D Figures\Anime\Momoji – Soi fon\STL CLAD\Pack\WH40k.stl
2026-08-11 12:11:55,877 [1] INFO System.Windows.Forms.Form - File to Erase:N:\3D Figures\Anime\Momoji – Soi fon\STL CLAD\STL Boost\+NSFW.txt
2026-08-11 12:11:55,986 [1] INFO System.Windows.Forms.Form - File to Erase:N:\3D Figures\Anime\Momoji – Soi fon\STL CLAD\STL Boost\+NSFW.url
2026-08-11 12:11:56,097 [1] INFO System.Windows.Forms.Form - File to Erase:N:\3D Figures\Anime\Momoji – Soi fon\STL CLAD\STL Boost\Miniatures.stl
2026-08-11 12:11:56,209 [1] INFO System.Windows.Forms.Form - File to Erase:N:\3D Figures\Anime\Momoji – Soi fon\STL CLAD\STL Boost\pack.stl
2026-08-11 12:11:56,322 [1] INFO System.Windows.Forms.Form - File to Erase:N:\3D Figures\Anime\Momoji – Soi fon\STL CLAD\STL Boost\Pad.STL
2026-08-11 12:11:56,429 [1] INFO System.Windows.Forms.Form - File to Erase:N:\3D Figures\Anime\Momoji – Soi fon\STL CLAD\STL Boost\STL Anime.txt
2026-08-11 12:11:56,539 [1] INFO System.Windows.Forms.Form - File to Erase:N:\3D Figures\Anime\Momoji – Soi fon\STL CLAD\STL Boost\STL Boost.jpg
2026-08-11 12:11:56,649 [1] INFO System.Windows.Forms.Form - File to Erase:N:\3D Figures\Anime\Momoji – Soi fon\STL CLAD\STL Boost\STL Boost.txt
2026-08-11 12:11:56,758 [1] INFO System.Windows.Forms.Form - File to Erase:N:\3D Figures\Anime\Momoji – Soi fon\STL CLAD\STL Boost\STL Comics.txt
2026-08-11 12:11:56,927 [1] INFO System.Windows.Forms.Form - File to Erase:N:\3D Figures\Anime\Momoji – Soi fon\STL CLAD\STL Boost\STL Free.stl
2026-08-11 12:11:57,039 [1] INFO System.Windows.Forms.Form - File to Erase:N:\3D Figures\Anime\Momoji – Soi fon\STL CLAD\STL Boost\STL Game.txt
2026-08-11 12:11:57,148 [1] INFO System.Windows.Forms.Form - File to Erase:N:\3D Figures\Anime\Momoji – Soi fon\STL CLAD\STL Boost\STL Me.url
2026-08-11 12:11:57,256 [1] INFO System.Windows.Forms.Form - File to Erase:N:\3D Figures\Anime\Momoji – Soi fon\STL CLAD\STL Boost\SW.txt
2026-08-11 12:11:57,489 [1] INFO System.Windows.Forms.Form - File to Erase:N:\3D Figures\Anime\Momoji – Soi fon\STL CLAD\STL Boost\Telegram Channel Free Models.stl
2026-08-11 12:11:57,616 [1] INFO System.Windows.Forms.Form - File to Erase:N:\3D Figures\Anime\Momoji – Soi fon\STL CLAD\STL Boost\WH-WG.txt
2026-08-11 12:14:25,057 [1] INFO System.Windows.Forms.Form - OnDragEnter Form
2026-08-11 12:14:25,173 [1] INFO System.Windows.Forms.Form - OnDragEnter CRC
2026-08-11 12:14:26,731 [1] INFO System.Windows.Forms.Form - Folder to clean:N:\3D Figures\Anime\CA 3D Studios - Yoruichi\Pack
2026-08-11 12:14:26,874 [1] INFO System.Windows.Forms.Form - File to Erase:N:\3D Figures\Anime\CA 3D Studios - Yoruichi\Pack\+NSFW.txt
2026-08-11 12:14:26,984 [1] INFO System.Windows.Forms.Form - File to Erase:N:\3D Figures\Anime\CA 3D Studios - Yoruichi\Pack\+NSFW.url
2026-08-11 12:14:27,094 [1] INFO System.Windows.Forms.Form - File to Erase:N:\3D Figures\Anime\CA 3D Studios - Yoruichi\Pack\Miniatures.txt
2026-08-11 12:14:27,207 [1] INFO System.Windows.Forms.Form - File to Erase:N:\3D Figures\Anime\CA 3D Studios - Yoruichi\Pack\Print.STL
2026-08-11 12:14:27,316 [1] INFO System.Windows.Forms.Form - File to Erase:N:\3D Figures\Anime\CA 3D Studios - Yoruichi\Pack\Star Wars.txt
2026-08-11 12:14:27,427 [1] INFO System.Windows.Forms.Form - File to Erase:N:\3D Figures\Anime\CA 3D Studios - Yoruichi\Pack\Star Wars.url
2026-08-11 12:14:27,538 [1] INFO System.Windows.Forms.Form - File to Erase:N:\3D Figures\Anime\CA 3D Studios - Yoruichi\Pack\STL 3D Print.url
2026-08-11 12:14:27,647 [1] INFO System.Windows.Forms.Form - File to Erase:N:\3D Figures\Anime\CA 3D Studios - Yoruichi\Pack\STL Anime.txt
2026-08-11 12:14:27,755 [1] INFO System.Windows.Forms.Form - File to Erase:N:\3D Figures\Anime\CA 3D Studios - Yoruichi\Pack\STL Comics.txt
2026-08-11 12:14:27,945 [1] INFO System.Windows.Forms.Form - File to Erase:N:\3D Figures\Anime\CA 3D Studios - Yoruichi\Pack\STL Free.stl
2026-08-11 12:14:28,070 [1] INFO System.Windows.Forms.Form - File to Erase:N:\3D Figures\Anime\CA 3D Studios - Yoruichi\Pack\STL Game.txt
2026-08-11 12:14:28,179 [1] INFO System.Windows.Forms.Form - File to Erase:N:\3D Figures\Anime\CA 3D Studios - Yoruichi\Pack\STL Me.url
2026-08-11 12:14:28,386 [1] INFO System.Windows.Forms.Form - File to Erase:N:\3D Figures\Anime\CA 3D Studios - Yoruichi\Pack\SW.stl
2026-08-11 12:14:28,507 [1] INFO System.Windows.Forms.Form - File to Erase:N:\3D Figures\Anime\CA 3D Studios - Yoruichi\Pack\SW.txt
2026-08-11 12:14:28,615 [1] INFO System.Windows.Forms.Form - File to Erase:N:\3D Figures\Anime\CA 3D Studios - Yoruichi\Pack\Vehicle 3D Model.url
2026-08-11 12:14:28,726 [1] INFO System.Windows.Forms.Form - File to Erase:N:\3D Figures\Anime\CA 3D Studios - Yoruichi\Pack\Vehicles3D.txt
2026-08-11 12:14:28,836 [1] INFO System.Windows.Forms.Form - File to Erase:N:\3D Figures\Anime\CA 3D Studios - Yoruichi\Pack\Warhammer - WarGame STL 3D Print.txt
2026-08-11 12:14:28,945 [1] INFO System.Windows.Forms.Form - File to Erase:N:\3D Figures\Anime\CA 3D Studios - Yoruichi\Pack\Warhammer - WarGame.url
2026-08-11 12:14:29,055 [1] INFO System.Windows.Forms.Form - File to Erase:N:\3D Figures\Anime\CA 3D Studios - Yoruichi\Pack\WH-WG.txt
2026-08-11 12:14:29,270 [1] INFO System.Windows.Forms.Form - File to Erase:N:\3D Figures\Anime\CA 3D Studios - Yoruichi\Pack\WH40k.stl
2026-08-11 12:14:29,514 [1] INFO System.Windows.Forms.Form - File to Erase:N:\3D Figures\Anime\CA 3D Studios - Yoruichi\Pack\STL Boost\Miniatures.stl
2026-08-11 12:14:29,625 [1] INFO System.Windows.Forms.Form - File to Erase:N:\3D Figures\Anime\CA 3D Studios - Yoruichi\Pack\STL Boost\pack.stl
2026-08-11 12:14:29,737 [1] INFO System.Windows.Forms.Form - File to Erase:N:\3D Figures\Anime\CA 3D Studios - Yoruichi\Pack\STL Boost\Pad.STL
2026-08-11 12:14:29,844 [1] INFO System.Windows.Forms.Form - File to Erase:N:\3D Figures\Anime\CA 3D Studios - Yoruichi\Pack\STL Boost\STL Boost.jpg
2026-08-11 12:14:29,953 [1] INFO System.Windows.Forms.Form - File to Erase:N:\3D Figures\Anime\CA 3D Studios - Yoruichi\Pack\STL Boost\STL Boost.txt
2026-08-11 12:14:30,118 [1] INFO System.Windows.Forms.Form - File to Erase:N:\3D Figures\Anime\CA 3D Studios - Yoruichi\Pack\STL Boost\STL Free.stl
2026-08-11 12:14:30,236 [1] INFO System.Windows.Forms.Form - File to Erase:N:\3D Figures\Anime\CA 3D Studios - Yoruichi\Pack\STL Boost\STL Me.url
2026-08-11 12:14:30,453 [1] INFO System.Windows.Forms.Form - File to Erase:N:\3D Figures\Anime\CA 3D Studios - Yoruichi\Pack\STL Boost\Telegram Channel Free Models.stl
2026-08-11 12:14:51,685 [1] INFO System.Windows.Forms.Form - OnDragEnter Form
2026-08-11 12:14:51,989 [1] INFO System.Windows.Forms.Form - OnDragEnter CRC
2026-08-11 12:14:53,738 [1] INFO System.Windows.Forms.Form - Folder to clean:N:\3D Figures\Anime\CA 3D Studios - Yoruichi\images Yoruichi
2026-08-11 12:14:53,867 [1] INFO System.Windows.Forms.Form - File to Erase:N:\3D Figures\Anime\CA 3D Studios - Yoruichi\images Yoruichi\3D Print Today.txt
2026-08-11 12:18:14,458 [1] INFO System.Windows.Forms.Form - OnDragEnter CRC
2026-08-11 12:18:16,037 [1] INFO System.Windows.Forms.Form - Folder to clean:N:\3D Figures\Anime\CA 3D Studios - Yoruichi\1-6scale Yoruichi CA3D - Pre Supports\STL
2026-08-11 12:18:25,167 [1] INFO System.Windows.Forms.Form - OnDragEnter Form
2026-08-11 12:18:25,219 [1] INFO System.Windows.Forms.Form - OnDragEnter CRC
2026-08-11 12:18:26,918 [1] INFO System.Windows.Forms.Form - Folder to clean:N:\3D Figures\Anime\CA 3D Studios - Yoruichi\1-6scale Yoruichi CA3D - Pre Supports\LYS
2026-08-11 12:58:45,425 [1] INFO System.Windows.Forms.Form - OnDragEnter Form
2026-08-11 12:58:45,599 [1] INFO System.Windows.Forms.Form - OnDragEnter CRC
2026-08-11 12:58:47,214 [1] INFO System.Windows.Forms.Form - Folder to clean:N:\3D Figures\Anime\Gr8Tech – Edgerunners – Lucy – 3D Print Model STL
2026-08-11 12:58:47,355 [1] INFO System.Windows.Forms.Form - File to Erase:N:\3D Figures\Anime\Gr8Tech – Edgerunners – Lucy – 3D Print Model STL\3D Models.txt
2026-08-11 12:58:48,044 [1] INFO System.Windows.Forms.Form - File to Erase:N:\3D Figures\Anime\Gr8Tech – Edgerunners – Lucy – 3D Print Model STL\DesireFX.me.stl
2026-08-11 12:58:52,179 [1] INFO System.Windows.Forms.Form - File to Erase:N:\3D Figures\Anime\Gr8Tech – Edgerunners – Lucy – 3D Print Model STL\Pad.STL
2026-08-11 12:58:52,341 [1] INFO System.Windows.Forms.Form - File to Erase:N:\3D Figures\Anime\Gr8Tech – Edgerunners – Lucy – 3D Print Model STL\STL Free.stl
2026-08-11 12:58:52,563 [1] INFO System.Windows.Forms.Form - File to Erase:N:\3D Figures\Anime\Gr8Tech – Edgerunners – Lucy – 3D Print Model STL\Telegram Channel Free Models.stl
2026-08-11 12:58:52,678 [1] INFO System.Windows.Forms.Form - File to Erase:N:\3D Figures\Anime\Gr8Tech – Edgerunners – Lucy – 3D Print Model STL\Telegram- Contact CG Model.url
2026-08-11 13:46:05,652 [1] INFO System.Windows.Forms.Form - OnDragEnter Form
2026-08-11 13:46:05,727 [1] INFO System.Windows.Forms.Form - OnDragEnter Panel3
2026-08-11 13:46:07,347 [1] INFO System.Windows.Forms.Form - File to Add Music extension:E:\Downloads\sanet.st_Henry_Mancini_-The_Best_Of_Mancini-320\Henry Mancini -The Best Of Mancini
2026-08-11 16:26:41,511 [1] INFO System.Windows.Forms.Form - OnDragEnter Form
2026-08-11 16:26:41,621 [1] INFO System.Windows.Forms.Form - OnDragEnter CRC
2026-08-11 16:26:43,205 [1] INFO System.Windows.Forms.Form - Folder to clean:N:\3D Figures\Anime\Gr8Tech – NIKKE – Red Hood – 3D Print Model STL
2026-08-11 16:26:43,346 [1] INFO System.Windows.Forms.Form - File to Erase:N:\3D Figures\Anime\Gr8Tech – NIKKE – Red Hood – 3D Print Model STL\3D Models.txt
2026-08-11 16:26:43,513 [1] INFO System.Windows.Forms.Form - File to Erase:N:\3D Figures\Anime\Gr8Tech – NIKKE – Red Hood – 3D Print Model STL\DesireFX.me.stl
2026-08-11 16:26:44,386 [1] INFO System.Windows.Forms.Form - File to Erase:N:\3D Figures\Anime\Gr8Tech – NIKKE – Red Hood – 3D Print Model STL\Pad.STL
2026-08-11 16:26:48,541 [1] INFO System.Windows.Forms.Form - File to Erase:N:\3D Figures\Anime\Gr8Tech – NIKKE – Red Hood – 3D Print Model STL\STL Free.stl
2026-08-11 16:26:48,769 [1] INFO System.Windows.Forms.Form - File to Erase:N:\3D Figures\Anime\Gr8Tech – NIKKE – Red Hood – 3D Print Model STL\Telegram Channel Free Models.stl
2026-08-11 16:26:48,891 [1] INFO System.Windows.Forms.Form - File to Erase:N:\3D Figures\Anime\Gr8Tech – NIKKE – Red Hood – 3D Print Model STL\Telegram- Contact CG Model.url
2026-08-11 16:28:22,861 [1] INFO System.Windows.Forms.Form - OnDragEnter Form
2026-08-11 16:28:22,887 [1] INFO System.Windows.Forms.Form - OnDragEnter CRC
2026-08-11 16:28:24,461 [1] INFO System.Windows.Forms.Form - Folder to clean:N:\3D Figures\Anime\Sin3Dstudio – NIKKE – Mihara – 3D Print Model STL\Sin3Dstudio - NIKKE - Mihara\STL
2026-08-11 16:28:24,616 [1] INFO System.Windows.Forms.Form - File to Erase:N:\3D Figures\Anime\Sin3Dstudio – NIKKE – Mihara – 3D Print Model STL\Sin3Dstudio - NIKKE - Mihara\STL\+NSFW.txt
2026-08-11 16:28:25,082 [1] INFO System.Windows.Forms.Form - File to Erase:N:\3D Figures\Anime\Sin3Dstudio – NIKKE – Mihara – 3D Print Model STL\Sin3Dstudio - NIKKE - Mihara\STL\+NSFW.url
2026-08-11 16:28:27,389 [1] INFO System.Windows.Forms.Form - File to Erase:N:\3D Figures\Anime\Sin3Dstudio – NIKKE – Mihara – 3D Print Model STL\Sin3Dstudio - NIKKE - Mihara\STL\Base.stl
2026-08-11 16:28:27,500 [1] INFO System.Windows.Forms.Form - File to Erase:N:\3D Figures\Anime\Sin3Dstudio – NIKKE – Mihara – 3D Print Model STL\Sin3Dstudio - NIKKE - Mihara\STL\Miniatures.STL
2026-08-11 16:28:27,609 [1] INFO System.Windows.Forms.Form - File to Erase:N:\3D Figures\Anime\Sin3Dstudio – NIKKE – Mihara – 3D Print Model STL\Sin3Dstudio - NIKKE - Mihara\STL\Print.STL
2026-08-11 16:28:27,720 [1] INFO System.Windows.Forms.Form - File to Erase:N:\3D Figures\Anime\Sin3Dstudio – NIKKE – Mihara – 3D Print Model STL\Sin3Dstudio - NIKKE - Mihara\STL\STL 3D Print.url
2026-08-11 16:28:27,829 [1] INFO System.Windows.Forms.Form - File to Erase:N:\3D Figures\Anime\Sin3Dstudio – NIKKE – Mihara – 3D Print Model STL\Sin3Dstudio - NIKKE - Mihara\STL\STL Anime.txt
2026-08-11 16:28:27,939 [1] INFO System.Windows.Forms.Form - File to Erase:N:\3D Figures\Anime\Sin3Dstudio – NIKKE – Mihara – 3D Print Model STL\Sin3Dstudio - NIKKE - Mihara\STL\STL Comics.txt
2026-08-11 16:28:28,050 [1] INFO System.Windows.Forms.Form - File to Erase:N:\3D Figures\Anime\Sin3Dstudio – NIKKE – Mihara – 3D Print Model STL\Sin3Dstudio - NIKKE - Mihara\STL\STL Game.txt
2026-08-11 16:28:28,161 [1] INFO System.Windows.Forms.Form - File to Erase:N:\3D Figures\Anime\Sin3Dstudio – NIKKE – Mihara – 3D Print Model STL\Sin3Dstudio - NIKKE - Mihara\STL\STL Me.url
2026-08-11 16:28:28,272 [1] INFO System.Windows.Forms.Form - File to Erase:N:\3D Figures\Anime\Sin3Dstudio – NIKKE – Mihara – 3D Print Model STL\Sin3Dstudio - NIKKE - Mihara\STL\Vehicle 3D Model.url
2026-08-11 16:28:28,381 [1] INFO System.Windows.Forms.Form - File to Erase:N:\3D Figures\Anime\Sin3Dstudio – NIKKE – Mihara – 3D Print Model STL\Sin3Dstudio - NIKKE - Mihara\STL\Vehicles3D.txt
2026-08-11 16:28:28,494 [1] INFO System.Windows.Forms.Form - File to Erase:N:\3D Figures\Anime\Sin3Dstudio – NIKKE – Mihara – 3D Print Model STL\Sin3Dstudio - NIKKE - Mihara\STL\STL Boost\Miniatures.stl
2026-08-11 16:28:28,602 [1] INFO System.Windows.Forms.Form - File to Erase:N:\3D Figures\Anime\Sin3Dstudio – NIKKE – Mihara – 3D Print Model STL\Sin3Dstudio - NIKKE - Mihara\STL\STL Boost\pack.stl
2026-08-11 16:28:28,712 [1] INFO System.Windows.Forms.Form - File to Erase:N:\3D Figures\Anime\Sin3Dstudio – NIKKE – Mihara – 3D Print Model STL\Sin3Dstudio - NIKKE - Mihara\STL\STL Boost\STL Boost.jpg
2026-08-11 16:28:28,824 [1] INFO System.Windows.Forms.Form - File to Erase:N:\3D Figures\Anime\Sin3Dstudio – NIKKE – Mihara – 3D Print Model STL\Sin3Dstudio - NIKKE - Mihara\STL\STL Boost\STL Boost.txt
2026-08-11 16:28:28,991 [1] INFO System.Windows.Forms.Form - File to Erase:N:\3D Figures\Anime\Sin3Dstudio – NIKKE – Mihara – 3D Print Model STL\Sin3Dstudio - NIKKE - Mihara\STL\STL Boost\STL Free.stl
2026-08-11 16:28:29,108 [1] INFO System.Windows.Forms.Form - File to Erase:N:\3D Figures\Anime\Sin3Dstudio – NIKKE – Mihara – 3D Print Model STL\Sin3Dstudio - NIKKE - Mihara\STL\STL Boost\STL Me.url
2026-08-11 16:28:29,354 [1] INFO System.Windows.Forms.Form - File to Erase:N:\3D Figures\Anime\Sin3Dstudio – NIKKE – Mihara – 3D Print Model STL\Sin3Dstudio - NIKKE - Mihara\STL\STL Boost\Telegram Channel Free Models.stl
2026-08-11 17:03:06,738 [1] INFO System.Windows.Forms.Form - OnDragEnter Form
2026-08-11 17:03:06,800 [1] INFO System.Windows.Forms.Form - OnDragEnter CRC
2026-08-11 17:03:08,480 [1] INFO System.Windows.Forms.Form - Folder to clean:N:\3D Figures\Anime\3Dmoonn - Shion - tensei shitara slime datta ken\Render
2026-08-11 17:03:36,776 [1] INFO System.Windows.Forms.Form - OnDragEnter Form
2026-08-11 17:03:36,913 [1] INFO System.Windows.Forms.Form - OnDragEnter CRC
2026-08-11 17:03:38,692 [1] INFO System.Windows.Forms.Form - Folder to clean:N:\3D Figures\Anime\3Dmoonn - Shion - tensei shitara slime datta ken\STL PACK
2026-08-11 17:03:38,833 [1] INFO System.Windows.Forms.Form - File to Erase:N:\3D Figures\Anime\3Dmoonn - Shion - tensei shitara slime datta ken\STL PACK\+NSFW.txt
2026-08-11 17:03:38,944 [1] INFO System.Windows.Forms.Form - File to Erase:N:\3D Figures\Anime\3Dmoonn - Shion - tensei shitara slime datta ken\STL PACK\+NSFW.url
2026-08-11 17:03:39,055 [1] INFO System.Windows.Forms.Form - File to Erase:N:\3D Figures\Anime\3Dmoonn - Shion - tensei shitara slime datta ken\STL PACK\3D Print Models STL.url
2026-08-11 17:03:39,165 [1] INFO System.Windows.Forms.Form - File to Erase:N:\3D Figures\Anime\3Dmoonn - Shion - tensei shitara slime datta ken\STL PACK\3D Print Today.txt
2026-08-11 17:03:39,276 [1] INFO System.Windows.Forms.Form - File to Erase:N:\3D Figures\Anime\3Dmoonn - Shion - tensei shitara slime datta ken\STL PACK\Base.stl
2026-08-11 17:03:39,389 [1] INFO System.Windows.Forms.Form - File to Erase:N:\3D Figures\Anime\3Dmoonn - Shion - tensei shitara slime datta ken\STL PACK\Board.stl
2026-08-11 17:03:39,498 [1] INFO System.Windows.Forms.Form - File to Erase:N:\3D Figures\Anime\3Dmoonn - Shion - tensei shitara slime datta ken\STL PACK\Miniatures STL.url
2026-08-11 17:03:39,611 [1] INFO System.Windows.Forms.Form - File to Erase:N:\3D Figures\Anime\3Dmoonn - Shion - tensei shitara slime datta ken\STL PACK\Miniatures.STL
2026-08-11 17:03:39,720 [1] INFO System.Windows.Forms.Form - File to Erase:N:\3D Figures\Anime\3Dmoonn - Shion - tensei shitara slime datta ken\STL PACK\Miniatures.txt
2026-08-11 17:03:39,832 [1] INFO System.Windows.Forms.Form - File to Erase:N:\3D Figures\Anime\3Dmoonn - Shion - tensei shitara slime datta ken\STL PACK\Pad.STL
2026-08-11 17:03:39,941 [1] INFO System.Windows.Forms.Form - File to Erase:N:\3D Figures\Anime\3Dmoonn - Shion - tensei shitara slime datta ken\STL PACK\Print.STL
2026-08-11 17:03:40,052 [1] INFO System.Windows.Forms.Form - File to Erase:N:\3D Figures\Anime\3Dmoonn - Shion - tensei shitara slime datta ken\STL PACK\PrintMe.txt
2026-08-11 17:03:40,163 [1] INFO System.Windows.Forms.Form - File to Erase:N:\3D Figures\Anime\3Dmoonn - Shion - tensei shitara slime datta ken\STL PACK\Star Wars.txt
2026-08-11 17:03:40,273 [1] INFO System.Windows.Forms.Form - File to Erase:N:\3D Figures\Anime\3Dmoonn - Shion - tensei shitara slime datta ken\STL PACK\Star Wars.url
2026-08-11 17:03:40,383 [1] INFO System.Windows.Forms.Form - File to Erase:N:\3D Figures\Anime\3Dmoonn - Shion - tensei shitara slime datta ken\STL PACK\STL 3D Print.txt
2026-08-11 17:03:40,493 [1] INFO System.Windows.Forms.Form - File to Erase:N:\3D Figures\Anime\3Dmoonn - Shion - tensei shitara slime datta ken\STL PACK\STL 3D Print.url
2026-08-11 17:03:40,602 [1] INFO System.Windows.Forms.Form - File to Erase:N:\3D Figures\Anime\3Dmoonn - Shion - tensei shitara slime datta ken\STL PACK\STL Anime.txt
2026-08-11 17:03:40,714 [1] INFO System.Windows.Forms.Form - File to Erase:N:\3D Figures\Anime\3Dmoonn - Shion - tensei shitara slime datta ken\STL PACK\STL Comics.txt
2026-08-11 17:03:40,895 [1] INFO System.Windows.Forms.Form - File to Erase:N:\3D Figures\Anime\3Dmoonn - Shion - tensei shitara slime datta ken\STL PACK\STL Free.stl
2026-08-11 17:03:41,014 [1] INFO System.Windows.Forms.Form - File to Erase:N:\3D Figures\Anime\3Dmoonn - Shion - tensei shitara slime datta ken\STL PACK\STL Game.txt
2026-08-11 17:03:41,125 [1] INFO System.Windows.Forms.Form - File to Erase:N:\3D Figures\Anime\3Dmoonn - Shion - tensei shitara slime datta ken\STL PACK\STL Me.url
2026-08-11 17:03:41,332 [1] INFO System.Windows.Forms.Form - File to Erase:N:\3D Figures\Anime\3Dmoonn - Shion - tensei shitara slime datta ken\STL PACK\SW.stl
2026-08-11 17:03:41,456 [1] INFO System.Windows.Forms.Form - File to Erase:N:\3D Figures\Anime\3Dmoonn - Shion - tensei shitara slime datta ken\STL PACK\SW.txt
2026-08-11 17:03:41,568 [1] INFO System.Windows.Forms.Form - File to Erase:N:\3D Figures\Anime\3Dmoonn - Shion - tensei shitara slime datta ken\STL PACK\Torso.STL
2026-08-11 17:03:41,678 [1] INFO System.Windows.Forms.Form - File to Erase:N:\3D Figures\Anime\3Dmoonn - Shion - tensei shitara slime datta ken\STL PACK\Vehicle 3D Model.url
2026-08-11 17:03:41,788 [1] INFO System.Windows.Forms.Form - File to Erase:N:\3D Figures\Anime\3Dmoonn - Shion - tensei shitara slime datta ken\STL PACK\Vehicles3D.txt
2026-08-11 17:03:41,899 [1] INFO System.Windows.Forms.Form - File to Erase:N:\3D Figures\Anime\3Dmoonn - Shion - tensei shitara slime datta ken\STL PACK\Warhammer - WarGame STL 3D Print.txt
2026-08-11 17:03:42,010 [1] INFO System.Windows.Forms.Form - File to Erase:N:\3D Figures\Anime\3Dmoonn - Shion - tensei shitara slime datta ken\STL PACK\Warhammer - WarGame.url
2026-08-11 17:03:42,120 [1] INFO System.Windows.Forms.Form - File to Erase:N:\3D Figures\Anime\3Dmoonn - Shion - tensei shitara slime datta ken\STL PACK\WH-WG.txt
2026-08-11 17:03:42,335 [1] INFO System.Windows.Forms.Form - File to Erase:N:\3D Figures\Anime\3Dmoonn - Shion - tensei shitara slime datta ken\STL PACK\WH40k.stl
2026-08-11 17:03:42,452 [1] INFO System.Windows.Forms.Form - File to Erase:N:\3D Figures\Anime\3Dmoonn - Shion - tensei shitara slime datta ken\STL PACK\STL Boost\+NSFW.txt
2026-08-11 17:03:42,563 [1] INFO System.Windows.Forms.Form - File to Erase:N:\3D Figures\Anime\3Dmoonn - Shion - tensei shitara slime datta ken\STL PACK\STL Boost\+NSFW.url
2026-08-11 17:03:42,674 [1] INFO System.Windows.Forms.Form - File to Erase:N:\3D Figures\Anime\3Dmoonn - Shion - tensei shitara slime datta ken\STL PACK\STL Boost\Miniatures.stl
2026-08-11 17:03:42,786 [1] INFO System.Windows.Forms.Form - File to Erase:N:\3D Figures\Anime\3Dmoonn - Shion - tensei shitara slime datta ken\STL PACK\STL Boost\pack.stl
2026-08-11 17:03:42,897 [1] INFO System.Windows.Forms.Form - File to Erase:N:\3D Figures\Anime\3Dmoonn - Shion - tensei shitara slime datta ken\STL PACK\STL Boost\Pad.STL
2026-08-11 17:03:43,003 [1] INFO System.Windows.Forms.Form - File to Erase:N:\3D Figures\Anime\3Dmoonn - Shion - tensei shitara slime datta ken\STL PACK\STL Boost\STL Anime.txt
2026-08-11 17:03:43,114 [1] INFO System.Windows.Forms.Form - File to Erase:N:\3D Figures\Anime\3Dmoonn - Shion - tensei shitara slime datta ken\STL PACK\STL Boost\STL Boost.jpg
2026-08-11 17:03:43,224 [1] INFO System.Windows.Forms.Form - File to Erase:N:\3D Figures\Anime\3Dmoonn - Shion - tensei shitara slime datta ken\STL PACK\STL Boost\STL Boost.txt
2026-08-11 17:03:43,333 [1] INFO System.Windows.Forms.Form - File to Erase:N:\3D Figures\Anime\3Dmoonn - Shion - tensei shitara slime datta ken\STL PACK\STL Boost\STL Comics.txt
2026-08-11 17:03:43,504 [1] INFO System.Windows.Forms.Form - File to Erase:N:\3D Figures\Anime\3Dmoonn - Shion - tensei shitara slime datta ken\STL PACK\STL Boost\STL Free.stl
2026-08-11 17:03:43,619 [1] INFO System.Windows.Forms.Form - File to Erase:N:\3D Figures\Anime\3Dmoonn - Shion - tensei shitara slime datta ken\STL PACK\STL Boost\STL Game.txt
2026-08-11 17:03:43,729 [1] INFO System.Windows.Forms.Form - File to Erase:N:\3D Figures\Anime\3Dmoonn - Shion - tensei shitara slime datta ken\STL PACK\STL Boost\STL Me.url
2026-08-11 17:03:43,839 [1] INFO System.Windows.Forms.Form - File to Erase:N:\3D Figures\Anime\3Dmoonn - Shion - tensei shitara slime datta ken\STL PACK\STL Boost\SW(1).txt
2026-08-11 17:03:43,947 [1] INFO System.Windows.Forms.Form - File to Erase:N:\3D Figures\Anime\3Dmoonn - Shion - tensei shitara slime datta ken\STL PACK\STL Boost\SW.txt
2026-08-11 17:03:44,172 [1] INFO System.Windows.Forms.Form - File to Erase:N:\3D Figures\Anime\3Dmoonn - Shion - tensei shitara slime datta ken\STL PACK\STL Boost\Telegram Channel Free Models.stl
2026-08-11 17:03:44,294 [1] INFO System.Windows.Forms.Form - File to Erase:N:\3D Figures\Anime\3Dmoonn - Shion - tensei shitara slime datta ken\STL PACK\STL Boost\WH-WG.txt
2026-08-11 17:04:01,809 [1] INFO System.Windows.Forms.Form - OnDragEnter Form
2026-08-11 17:04:01,935 [1] INFO System.Windows.Forms.Form - OnDragEnter Panel4
2026-08-11 17:04:03,490 [1] INFO System.Windows.Forms.Form - Folder to renumering files:N:\3D Figures\Anime\3Dmoonn - Shion - tensei shitara slime datta ken\Render
2026-08-11 17:06:59,105 [1] INFO System.Windows.Forms.Form - OnDragEnter Form
2026-08-11 17:06:59,209 [1] INFO System.Windows.Forms.Form - OnDragEnter CRC
2026-08-11 17:07:00,919 [1] INFO System.Windows.Forms.Form - Folder to clean:N:\3D Figures\Anime\Rubim – Nikke Volume – 3D Print Model STL
2026-08-11 17:07:01,077 [1] INFO System.Windows.Forms.Form - File to Erase:N:\3D Figures\Anime\Rubim – Nikke Volume – 3D Print Model STL\3D Models.txt
2026-08-11 17:07:03,719 [1] INFO System.Windows.Forms.Form - File to Erase:N:\3D Figures\Anime\Rubim – Nikke Volume – 3D Print Model STL\DesireFX.me.stl
2026-08-11 17:07:06,568 [1] INFO System.Windows.Forms.Form - File to Erase:N:\3D Figures\Anime\Rubim – Nikke Volume – 3D Print Model STL\Pad.STL
2026-08-11 17:07:07,686 [1] INFO System.Windows.Forms.Form - File to Erase:N:\3D Figures\Anime\Rubim – Nikke Volume – 3D Print Model STL\STL Free.stl
2026-08-11 17:07:08,090 [1] INFO System.Windows.Forms.Form - File to Erase:N:\3D Figures\Anime\Rubim – Nikke Volume – 3D Print Model STL\Telegram Channel Free Models.stl
2026-08-11 17:07:08,216 [1] INFO System.Windows.Forms.Form - File to Erase:N:\3D Figures\Anime\Rubim – Nikke Volume – 3D Print Model STL\Telegram- Contact CG Model.url
2026-08-11 17:13:51,207 [1] INFO System.Windows.Forms.Form - OnDragEnter Form
2026-08-11 17:13:51,375 [1] INFO System.Windows.Forms.Form - OnDragEnter Panel2
2026-08-11 17:13:51,647 [1] INFO System.Windows.Forms.Form - OnDragEnter Form
2026-08-11 17:13:52,079 [1] INFO System.Windows.Forms.Form - OnDragEnter Form
2026-08-11 17:13:54,922 [1] INFO System.Windows.Forms.Form - OnDragEnter Form
2026-08-11 17:13:55,119 [1] INFO System.Windows.Forms.Form - OnDragEnter CRC
2026-08-11 17:13:56,822 [1] INFO System.Windows.Forms.Form - Folder to clean:N:\3D Figures\Anime\Nebula4444 - Anime Warrior Girl STL
2026-08-11 17:13:56,979 [1] INFO System.Windows.Forms.Form - File to Erase:N:\3D Figures\Anime\Nebula4444 - Anime Warrior Girl STL\3D Models.txt
2026-08-11 17:13:57,575 [1] INFO System.Windows.Forms.Form - File to Erase:N:\3D Figures\Anime\Nebula4444 - Anime Warrior Girl STL\DesireFX.me.stl
2026-08-11 17:13:58,105 [1] INFO System.Windows.Forms.Form - File to Erase:N:\3D Figures\Anime\Nebula4444 - Anime Warrior Girl STL\Pad.STL
2026-08-11 17:13:58,325 [1] INFO System.Windows.Forms.Form - File to Erase:N:\3D Figures\Anime\Nebula4444 - Anime Warrior Girl STL\STL Free.stl
2026-08-11 17:13:58,637 [1] INFO System.Windows.Forms.Form - File to Erase:N:\3D Figures\Anime\Nebula4444 - Anime Warrior Girl STL\Telegram Channel Free Models.stl
2026-08-11 17:13:58,756 [1] INFO System.Windows.Forms.Form - File to Erase:N:\3D Figures\Anime\Nebula4444 - Anime Warrior Girl STL\Telegram- Contact CG Model.url
2026-08-11 17:18:21,375 [1] INFO System.Windows.Forms.Form - OnDragEnter Form
2026-08-11 17:18:21,560 [1] INFO System.Windows.Forms.Form - OnDragEnter CRC
2026-08-11 17:18:23,153 [1] INFO System.Windows.Forms.Form - Folder to clean:N:\3D Figures\Anime\OXO3D - Yinlin - 3D Print Model
2026-08-11 17:18:23,310 [1] INFO System.Windows.Forms.Form - File to Erase:N:\3D Figures\Anime\OXO3D - Yinlin - 3D Print Model\3D Models.txt
2026-08-11 17:18:23,892 [1] INFO System.Windows.Forms.Form - File to Erase:N:\3D Figures\Anime\OXO3D - Yinlin - 3D Print Model\DesireFX.me.stl
2026-08-11 17:18:31,599 [1] INFO System.Windows.Forms.Form - File to Erase:N:\3D Figures\Anime\OXO3D - Yinlin - 3D Print Model\Pad.STL
2026-08-11 17:18:31,775 [1] INFO System.Windows.Forms.Form - File to Erase:N:\3D Figures\Anime\OXO3D - Yinlin - 3D Print Model\STL Free.stl
2026-08-11 17:18:32,008 [1] INFO System.Windows.Forms.Form - File to Erase:N:\3D Figures\Anime\OXO3D - Yinlin - 3D Print Model\Telegram Channel Free Models.stl
2026-08-11 17:18:32,125 [1] INFO System.Windows.Forms.Form - File to Erase:N:\3D Figures\Anime\OXO3D - Yinlin - 3D Print Model\Telegram- Contact CG Model.url
2026-08-11 17:21:19,322 [1] INFO System.Windows.Forms.Form - OnDragEnter Form
2026-08-11 17:21:19,619 [1] INFO System.Windows.Forms.Form - OnDragEnter CRC
2026-08-11 17:21:21,280 [1] INFO System.Windows.Forms.Form - Folder to clean:N:\3D Figures\Anime\Gran D. Figures - Goku SSj3
2026-08-11 17:21:21,420 [1] INFO System.Windows.Forms.Form - File to Erase:N:\3D Figures\Anime\Gran D. Figures - Goku SSj3\3D Print Today.txt
2026-08-11 17:21:26,410 [1] INFO System.Windows.Forms.Form - File to Erase:N:\3D Figures\Anime\Gran D. Figures - Goku SSj3\STL PACK\+NSFW.txt
2026-08-11 17:21:26,520 [1] INFO System.Windows.Forms.Form - File to Erase:N:\3D Figures\Anime\Gran D. Figures - Goku SSj3\STL PACK\+NSFW.url
2026-08-11 17:21:26,631 [1] INFO System.Windows.Forms.Form - File to Erase:N:\3D Figures\Anime\Gran D. Figures - Goku SSj3\STL PACK\3D Print Models STL.url
2026-08-11 17:21:26,741 [1] INFO System.Windows.Forms.Form - File to Erase:N:\3D Figures\Anime\Gran D. Figures - Goku SSj3\STL PACK\Base.stl
2026-08-11 17:21:26,852 [1] INFO System.Windows.Forms.Form - File to Erase:N:\3D Figures\Anime\Gran D. Figures - Goku SSj3\STL PACK\Board.stl
2026-08-11 17:21:26,961 [1] INFO System.Windows.Forms.Form - File to Erase:N:\3D Figures\Anime\Gran D. Figures - Goku SSj3\STL PACK\Miniatures STL.url
2026-08-11 17:21:27,074 [1] INFO System.Windows.Forms.Form - File to Erase:N:\3D Figures\Anime\Gran D. Figures - Goku SSj3\STL PACK\Miniatures.STL
2026-08-11 17:21:27,180 [1] INFO System.Windows.Forms.Form - File to Erase:N:\3D Figures\Anime\Gran D. Figures - Goku SSj3\STL PACK\Miniatures.txt
2026-08-11 17:21:27,291 [1] INFO System.Windows.Forms.Form - File to Erase:N:\3D Figures\Anime\Gran D. Figures - Goku SSj3\STL PACK\Pad.STL
2026-08-11 17:21:27,412 [1] INFO System.Windows.Forms.Form - File to Erase:N:\3D Figures\Anime\Gran D. Figures - Goku SSj3\STL PACK\Print.STL
2026-08-11 17:21:27,522 [1] INFO System.Windows.Forms.Form - File to Erase:N:\3D Figures\Anime\Gran D. Figures - Goku SSj3\STL PACK\PrintMe.txt
2026-08-11 17:21:27,630 [1] INFO System.Windows.Forms.Form - File to Erase:N:\3D Figures\Anime\Gran D. Figures - Goku SSj3\STL PACK\Star Wars.txt
2026-08-11 17:21:27,739 [1] INFO System.Windows.Forms.Form - File to Erase:N:\3D Figures\Anime\Gran D. Figures - Goku SSj3\STL PACK\Star Wars.url
2026-08-11 17:21:27,849 [1] INFO System.Windows.Forms.Form - File to Erase:N:\3D Figures\Anime\Gran D. Figures - Goku SSj3\STL PACK\STL 3D Print.txt
2026-08-11 17:21:27,958 [1] INFO System.Windows.Forms.Form - File to Erase:N:\3D Figures\Anime\Gran D. Figures - Goku SSj3\STL PACK\STL 3D Print.url
2026-08-11 17:21:28,067 [1] INFO System.Windows.Forms.Form - File to Erase:N:\3D Figures\Anime\Gran D. Figures - Goku SSj3\STL PACK\STL Anime.txt
2026-08-11 17:21:28,176 [1] INFO System.Windows.Forms.Form - File to Erase:N:\3D Figures\Anime\Gran D. Figures - Goku SSj3\STL PACK\STL Comics.txt
2026-08-11 17:21:28,349 [1] INFO System.Windows.Forms.Form - File to Erase:N:\3D Figures\Anime\Gran D. Figures - Goku SSj3\STL PACK\STL Free.stl
2026-08-11 17:21:28,471 [1] INFO System.Windows.Forms.Form - File to Erase:N:\3D Figures\Anime\Gran D. Figures - Goku SSj3\STL PACK\STL Game.txt
2026-08-11 17:21:28,581 [1] INFO System.Windows.Forms.Form - File to Erase:N:\3D Figures\Anime\Gran D. Figures - Goku SSj3\STL PACK\STL Me.url
2026-08-11 17:21:28,770 [1] INFO System.Windows.Forms.Form - File to Erase:N:\3D Figures\Anime\Gran D. Figures - Goku SSj3\STL PACK\SW.stl
2026-08-11 17:21:28,880 [1] INFO System.Windows.Forms.Form - File to Erase:N:\3D Figures\Anime\Gran D. Figures - Goku SSj3\STL PACK\SW.txt
2026-08-11 17:21:28,992 [1] INFO System.Windows.Forms.Form - File to Erase:N:\3D Figures\Anime\Gran D. Figures - Goku SSj3\STL PACK\Torso.STL
2026-08-11 17:21:29,101 [1] INFO System.Windows.Forms.Form - File to Erase:N:\3D Figures\Anime\Gran D. Figures - Goku SSj3\STL PACK\Vehicle 3D Model.url
2026-08-11 17:21:29,212 [1] INFO System.Windows.Forms.Form - File to Erase:N:\3D Figures\Anime\Gran D. Figures - Goku SSj3\STL PACK\Vehicles3D.txt
2026-08-11 17:21:29,324 [1] INFO System.Windows.Forms.Form - File to Erase:N:\3D Figures\Anime\Gran D. Figures - Goku SSj3\STL PACK\Warhammer - WarGame STL 3D Print.txt
2026-08-11 17:21:29,433 [1] INFO System.Windows.Forms.Form - File to Erase:N:\3D Figures\Anime\Gran D. Figures - Goku SSj3\STL PACK\Warhammer - WarGame.url
2026-08-11 17:21:29,542 [1] INFO System.Windows.Forms.Form - File to Erase:N:\3D Figures\Anime\Gran D. Figures - Goku SSj3\STL PACK\WH-WG.txt
2026-08-11 17:21:29,762 [1] INFO System.Windows.Forms.Form - File to Erase:N:\3D Figures\Anime\Gran D. Figures - Goku SSj3\STL PACK\WH40k.stl
2026-08-11 17:21:29,886 [1] INFO System.Windows.Forms.Form - File to Erase:N:\3D Figures\Anime\Gran D. Figures - Goku SSj3\STL PACK\STL Boost\+NSFW.txt
2026-08-11 17:21:29,996 [1] INFO System.Windows.Forms.Form - File to Erase:N:\3D Figures\Anime\Gran D. Figures - Goku SSj3\STL PACK\STL Boost\+NSFW.url
2026-08-11 17:21:30,109 [1] INFO System.Windows.Forms.Form - File to Erase:N:\3D Figures\Anime\Gran D. Figures - Goku SSj3\STL PACK\STL Boost\Miniatures.stl
2026-08-11 17:21:30,230 [1] INFO System.Windows.Forms.Form - File to Erase:N:\3D Figures\Anime\Gran D. Figures - Goku SSj3\STL PACK\STL Boost\pack.stl
2026-08-11 17:21:30,340 [1] INFO System.Windows.Forms.Form - File to Erase:N:\3D Figures\Anime\Gran D. Figures - Goku SSj3\STL PACK\STL Boost\Pad.STL
2026-08-11 17:21:30,447 [1] INFO System.Windows.Forms.Form - File to Erase:N:\3D Figures\Anime\Gran D. Figures - Goku SSj3\STL PACK\STL Boost\STL Anime.txt
2026-08-11 17:21:30,559 [1] INFO System.Windows.Forms.Form - File to Erase:N:\3D Figures\Anime\Gran D. Figures - Goku SSj3\STL PACK\STL Boost\STL Boost.jpg
2026-08-11 17:21:30,669 [1] INFO System.Windows.Forms.Form - File to Erase:N:\3D Figures\Anime\Gran D. Figures - Goku SSj3\STL PACK\STL Boost\STL Boost.txt
2026-08-11 17:21:30,780 [1] INFO System.Windows.Forms.Form - File to Erase:N:\3D Figures\Anime\Gran D. Figures - Goku SSj3\STL PACK\STL Boost\STL Comics.txt
2026-08-11 17:21:30,945 [1] INFO System.Windows.Forms.Form - File to Erase:N:\3D Figures\Anime\Gran D. Figures - Goku SSj3\STL PACK\STL Boost\STL Free.stl
2026-08-11 17:21:31,064 [1] INFO System.Windows.Forms.Form - File to Erase:N:\3D Figures\Anime\Gran D. Figures - Goku SSj3\STL PACK\STL Boost\STL Game.txt
2026-08-11 17:21:31,174 [1] INFO System.Windows.Forms.Form - File to Erase:N:\3D Figures\Anime\Gran D. Figures - Goku SSj3\STL PACK\STL Boost\STL Me.url
2026-08-11 17:21:31,284 [1] INFO System.Windows.Forms.Form - File to Erase:N:\3D Figures\Anime\Gran D. Figures - Goku SSj3\STL PACK\STL Boost\SW(1).txt
2026-08-11 17:21:31,395 [1] INFO System.Windows.Forms.Form - File to Erase:N:\3D Figures\Anime\Gran D. Figures - Goku SSj3\STL PACK\STL Boost\SW.txt
2026-08-11 17:21:31,616 [1] INFO System.Windows.Forms.Form - File to Erase:N:\3D Figures\Anime\Gran D. Figures - Goku SSj3\STL PACK\STL Boost\Telegram Channel Free Models.stl
2026-08-11 17:21:31,741 [1] INFO System.Windows.Forms.Form - File to Erase:N:\3D Figures\Anime\Gran D. Figures - Goku SSj3\STL PACK\STL Boost\WH-WG.txt
2026-08-11 17:26:27,819 [1] INFO System.Windows.Forms.Form - OnDragEnter Form
2026-08-11 17:26:27,876 [1] INFO System.Windows.Forms.Form - OnDragEnter CRC
2026-08-11 17:26:29,528 [1] INFO System.Windows.Forms.Form - Folder to clean:N:\3D Figures\Anime\Azerama - Kill La Kill - Satsuki Kiryuuin\NSFW
2026-08-11 17:27:15,345 [1] INFO System.Windows.Forms.Form - OnDragEnter Form
2026-08-11 17:27:15,469 [1] INFO System.Windows.Forms.Form - OnDragEnter CRC
2026-08-11 17:27:17,022 [1] INFO System.Windows.Forms.Form - Folder to clean:N:\3D Figures\Anime\Azerama - Kill La Kill - Satsuki Kiryuuin\SFW
2026-08-11 17:27:25,661 [1] INFO System.Windows.Forms.Form - OnDragEnter Form
2026-08-11 17:27:25,836 [1] INFO System.Windows.Forms.Form - OnDragEnter CRC
2026-08-11 17:27:27,440 [1] INFO System.Windows.Forms.Form - Folder to clean:N:\3D Figures\Anime\Azerama - Kill La Kill - Satsuki Kiryuuin\STL PACK
2026-08-11 17:27:27,578 [1] INFO System.Windows.Forms.Form - File to Erase:N:\3D Figures\Anime\Azerama - Kill La Kill - Satsuki Kiryuuin\STL PACK\+NSFW.txt
2026-08-11 17:27:28,078 [1] INFO System.Windows.Forms.Form - File to Erase:N:\3D Figures\Anime\Azerama - Kill La Kill - Satsuki Kiryuuin\STL PACK\+NSFW.url
2026-08-11 17:27:28,187 [1] INFO System.Windows.Forms.Form - File to Erase:N:\3D Figures\Anime\Azerama - Kill La Kill - Satsuki Kiryuuin\STL PACK\3D Print Models STL.url
2026-08-11 17:27:28,300 [1] INFO System.Windows.Forms.Form - File to Erase:N:\3D Figures\Anime\Azerama - Kill La Kill - Satsuki Kiryuuin\STL PACK\Base.stl
2026-08-11 17:27:28,423 [1] INFO System.Windows.Forms.Form - File to Erase:N:\3D Figures\Anime\Azerama - Kill La Kill - Satsuki Kiryuuin\STL PACK\Board.stl
2026-08-11 17:27:28,529 [1] INFO System.Windows.Forms.Form - File to Erase:N:\3D Figures\Anime\Azerama - Kill La Kill - Satsuki Kiryuuin\STL PACK\Miniatures STL.url
2026-08-11 17:27:28,643 [1] INFO System.Windows.Forms.Form - File to Erase:N:\3D Figures\Anime\Azerama - Kill La Kill - Satsuki Kiryuuin\STL PACK\Miniatures.STL
2026-08-11 17:27:28,750 [1] INFO System.Windows.Forms.Form - File to Erase:N:\3D Figures\Anime\Azerama - Kill La Kill - Satsuki Kiryuuin\STL PACK\Miniatures.txt
2026-08-11 17:27:28,863 [1] INFO System.Windows.Forms.Form - File to Erase:N:\3D Figures\Anime\Azerama - Kill La Kill - Satsuki Kiryuuin\STL PACK\Pad.STL
2026-08-11 17:27:28,972 [1] INFO System.Windows.Forms.Form - File to Erase:N:\3D Figures\Anime\Azerama - Kill La Kill - Satsuki Kiryuuin\STL PACK\Print.STL
2026-08-11 17:27:29,081 [1] INFO System.Windows.Forms.Form - File to Erase:N:\3D Figures\Anime\Azerama - Kill La Kill - Satsuki Kiryuuin\STL PACK\PrintMe.txt
2026-08-11 17:27:29,190 [1] INFO System.Windows.Forms.Form - File to Erase:N:\3D Figures\Anime\Azerama - Kill La Kill - Satsuki Kiryuuin\STL PACK\Star Wars.txt
2026-08-11 17:27:29,301 [1] INFO System.Windows.Forms.Form - File to Erase:N:\3D Figures\Anime\Azerama - Kill La Kill - Satsuki Kiryuuin\STL PACK\Star Wars.url
2026-08-11 17:27:29,411 [1] INFO System.Windows.Forms.Form - File to Erase:N:\3D Figures\Anime\Azerama - Kill La Kill - Satsuki Kiryuuin\STL PACK\STL 3D Print.txt
2026-08-11 17:27:29,520 [1] INFO System.Windows.Forms.Form - File to Erase:N:\3D Figures\Anime\Azerama - Kill La Kill - Satsuki Kiryuuin\STL PACK\STL 3D Print.url
2026-08-11 17:27:29,631 [1] INFO System.Windows.Forms.Form - File to Erase:N:\3D Figures\Anime\Azerama - Kill La Kill - Satsuki Kiryuuin\STL PACK\STL Anime.txt
2026-08-11 17:27:29,740 [1] INFO System.Windows.Forms.Form - File to Erase:N:\3D Figures\Anime\Azerama - Kill La Kill - Satsuki Kiryuuin\STL PACK\STL Comics.txt
2026-08-11 17:27:29,932 [1] INFO System.Windows.Forms.Form - File to Erase:N:\3D Figures\Anime\Azerama - Kill La Kill - Satsuki Kiryuuin\STL PACK\STL Free.stl
2026-08-11 17:27:30,049 [1] INFO System.Windows.Forms.Form - File to Erase:N:\3D Figures\Anime\Azerama - Kill La Kill - Satsuki Kiryuuin\STL PACK\STL Game.txt
2026-08-11 17:27:30,158 [1] INFO System.Windows.Forms.Form - File to Erase:N:\3D Figures\Anime\Azerama - Kill La Kill - Satsuki Kiryuuin\STL PACK\STL Me.url
2026-08-11 17:27:30,371 [1] INFO System.Windows.Forms.Form - File to Erase:N:\3D Figures\Anime\Azerama - Kill La Kill - Satsuki Kiryuuin\STL PACK\SW.stl
2026-08-11 17:27:30,488 [1] INFO System.Windows.Forms.Form - File to Erase:N:\3D Figures\Anime\Azerama - Kill La Kill - Satsuki Kiryuuin\STL PACK\SW.txt
2026-08-11 17:27:30,599 [1] INFO System.Windows.Forms.Form - File to Erase:N:\3D Figures\Anime\Azerama - Kill La Kill - Satsuki Kiryuuin\STL PACK\Torso.STL
2026-08-11 17:27:30,709 [1] INFO System.Windows.Forms.Form - File to Erase:N:\3D Figures\Anime\Azerama - Kill La Kill - Satsuki Kiryuuin\STL PACK\Vehicle 3D Model.url
2026-08-11 17:27:30,820 [1] INFO System.Windows.Forms.Form - File to Erase:N:\3D Figures\Anime\Azerama - Kill La Kill - Satsuki Kiryuuin\STL PACK\Vehicles3D.txt
2026-08-11 17:27:30,930 [1] INFO System.Windows.Forms.Form - File to Erase:N:\3D Figures\Anime\Azerama - Kill La Kill - Satsuki Kiryuuin\STL PACK\Warhammer - WarGame STL 3D Print.txt
2026-08-11 17:27:31,041 [1] INFO System.Windows.Forms.Form - File to Erase:N:\3D Figures\Anime\Azerama - Kill La Kill - Satsuki Kiryuuin\STL PACK\Warhammer - WarGame.url
2026-08-11 17:27:31,151 [1] INFO System.Windows.Forms.Form - File to Erase:N:\3D Figures\Anime\Azerama - Kill La Kill - Satsuki Kiryuuin\STL PACK\WH-WG.txt
2026-08-11 17:27:31,367 [1] INFO System.Windows.Forms.Form - File to Erase:N:\3D Figures\Anime\Azerama - Kill La Kill - Satsuki Kiryuuin\STL PACK\WH40k.stl
2026-08-11 17:27:31,479 [1] INFO System.Windows.Forms.Form - File to Erase:N:\3D Figures\Anime\Azerama - Kill La Kill - Satsuki Kiryuuin\STL PACK\STL Boost\+NSFW.txt
2026-08-11 17:27:31,589 [1] INFO System.Windows.Forms.Form - File to Erase:N:\3D Figures\Anime\Azerama - Kill La Kill - Satsuki Kiryuuin\STL PACK\STL Boost\+NSFW.url
2026-08-11 17:27:31,702 [1] INFO System.Windows.Forms.Form - File to Erase:N:\3D Figures\Anime\Azerama - Kill La Kill - Satsuki Kiryuuin\STL PACK\STL Boost\Miniatures.stl
2026-08-11 17:27:31,813 [1] INFO System.Windows.Forms.Form - File to Erase:N:\3D Figures\Anime\Azerama - Kill La Kill - Satsuki Kiryuuin\STL PACK\STL Boost\pack.stl
2026-08-11 17:27:31,924 [1] INFO System.Windows.Forms.Form - File to Erase:N:\3D Figures\Anime\Azerama - Kill La Kill - Satsuki Kiryuuin\STL PACK\STL Boost\Pad.STL
2026-08-11 17:27:32,031 [1] INFO System.Windows.Forms.Form - File to Erase:N:\3D Figures\Anime\Azerama - Kill La Kill - Satsuki Kiryuuin\STL PACK\STL Boost\STL Anime.txt
2026-08-11 17:27:32,142 [1] INFO System.Windows.Forms.Form - File to Erase:N:\3D Figures\Anime\Azerama - Kill La Kill - Satsuki Kiryuuin\STL PACK\STL Boost\STL Boost.jpg
2026-08-11 17:27:32,252 [1] INFO System.Windows.Forms.Form - File to Erase:N:\3D Figures\Anime\Azerama - Kill La Kill - Satsuki Kiryuuin\STL PACK\STL Boost\STL Boost.txt
2026-08-11 17:27:32,362 [1] INFO System.Windows.Forms.Form - File to Erase:N:\3D Figures\Anime\Azerama - Kill La Kill - Satsuki Kiryuuin\STL PACK\STL Boost\STL Comics.txt
2026-08-11 17:27:32,529 [1] INFO System.Windows.Forms.Form - File to Erase:N:\3D Figures\Anime\Azerama - Kill La Kill - Satsuki Kiryuuin\STL PACK\STL Boost\STL Free.stl
2026-08-11 17:27:32,645 [1] INFO System.Windows.Forms.Form - File to Erase:N:\3D Figures\Anime\Azerama - Kill La Kill - Satsuki Kiryuuin\STL PACK\STL Boost\STL Game.txt
2026-08-11 17:27:32,756 [1] INFO System.Windows.Forms.Form - File to Erase:N:\3D Figures\Anime\Azerama - Kill La Kill - Satsuki Kiryuuin\STL PACK\STL Boost\STL Me.url
2026-08-11 17:27:32,866 [1] INFO System.Windows.Forms.Form - File to Erase:N:\3D Figures\Anime\Azerama - Kill La Kill - Satsuki Kiryuuin\STL PACK\STL Boost\SW(1).txt
2026-08-11 17:27:32,978 [1] INFO System.Windows.Forms.Form - File to Erase:N:\3D Figures\Anime\Azerama - Kill La Kill - Satsuki Kiryuuin\STL PACK\STL Boost\SW.txt
2026-08-11 17:27:33,201 [1] INFO System.Windows.Forms.Form - File to Erase:N:\3D Figures\Anime\Azerama - Kill La Kill - Satsuki Kiryuuin\STL PACK\STL Boost\Telegram Channel Free Models.stl
2026-08-11 17:27:33,325 [1] INFO System.Windows.Forms.Form - File to Erase:N:\3D Figures\Anime\Azerama - Kill La Kill - Satsuki Kiryuuin\STL PACK\STL Boost\WH-WG.txt
2026-08-11 17:27:40,245 [1] INFO System.Windows.Forms.Form - OnDragEnter Form
2026-08-11 17:27:40,365 [1] INFO System.Windows.Forms.Form - OnDragEnter CRC
2026-08-11 17:27:42,997 [1] INFO System.Windows.Forms.Form - Folder to clean:N:\3D Figures\Anime\Azerama - Kill La Kill - Satsuki Kiryuuin\Support
2026-08-11 17:27:55,981 [1] INFO System.Windows.Forms.Form - OnDragEnter Form
2026-08-11 17:27:56,123 [1] INFO System.Windows.Forms.Form - OnDragEnter CRC
2026-08-11 17:27:57,828 [1] INFO System.Windows.Forms.Form - Folder to clean:N:\3D Figures\Anime\Azerama - Kill La Kill - Satsuki Kiryuuin\Render
2026-08-11 17:27:57,955 [1] INFO System.Windows.Forms.Form - File to Erase:N:\3D Figures\Anime\Azerama - Kill La Kill - Satsuki Kiryuuin\Render\3D Print Today.txt
2026-08-11 17:45:16,882 [1] INFO System.Windows.Forms.Form - OnDragEnter Form
2026-08-11 17:45:16,983 [1] INFO System.Windows.Forms.Form - OnDragEnter Panel4
2026-08-11 17:45:18,772 [1] INFO System.Windows.Forms.Form - Folder to renumering files:N:\3D Figures\Anime\KuGo Figures - Shampoo\STL PACK
2026-08-11 17:45:29,958 [1] INFO System.Windows.Forms.Form - OnDragEnter Form
2026-08-11 17:45:30,247 [1] INFO System.Windows.Forms.Form - OnDragEnter CRC
2026-08-11 17:45:32,170 [1] INFO System.Windows.Forms.Form - Folder to clean:N:\3D Figures\Anime\KuGo Figures - Shampoo\STL PACK\STL Boost
2026-08-11 17:45:32,327 [1] INFO System.Windows.Forms.Form - File to Erase:N:\3D Figures\Anime\KuGo Figures - Shampoo\STL PACK\STL Boost\+NSFW.txt
2026-08-11 17:45:32,826 [1] INFO System.Windows.Forms.Form - File to Erase:N:\3D Figures\Anime\KuGo Figures - Shampoo\STL PACK\STL Boost\+NSFW.url
2026-08-11 17:45:32,938 [1] INFO System.Windows.Forms.Form - File to Erase:N:\3D Figures\Anime\KuGo Figures - Shampoo\STL PACK\STL Boost\Miniatures.stl
2026-08-11 17:45:33,049 [1] INFO System.Windows.Forms.Form - File to Erase:N:\3D Figures\Anime\KuGo Figures - Shampoo\STL PACK\STL Boost\pack.stl
2026-08-11 17:45:33,159 [1] INFO System.Windows.Forms.Form - File to Erase:N:\3D Figures\Anime\KuGo Figures - Shampoo\STL PACK\STL Boost\Pad.STL
2026-08-11 17:45:33,266 [1] INFO System.Windows.Forms.Form - File to Erase:N:\3D Figures\Anime\KuGo Figures - Shampoo\STL PACK\STL Boost\STL Anime.txt
2026-08-11 17:45:33,377 [1] INFO System.Windows.Forms.Form - File to Erase:N:\3D Figures\Anime\KuGo Figures - Shampoo\STL PACK\STL Boost\STL Boost.jpg
2026-08-11 17:45:33,487 [1] INFO System.Windows.Forms.Form - File to Erase:N:\3D Figures\Anime\KuGo Figures - Shampoo\STL PACK\STL Boost\STL Boost.txt
2026-08-11 17:45:33,597 [1] INFO System.Windows.Forms.Form - File to Erase:N:\3D Figures\Anime\KuGo Figures - Shampoo\STL PACK\STL Boost\STL Comics.txt
2026-08-11 17:45:33,777 [1] INFO System.Windows.Forms.Form - File to Erase:N:\3D Figures\Anime\KuGo Figures - Shampoo\STL PACK\STL Boost\STL Free.stl
2026-08-11 17:45:33,893 [1] INFO System.Windows.Forms.Form - File to Erase:N:\3D Figures\Anime\KuGo Figures - Shampoo\STL PACK\STL Boost\STL Game.txt
2026-08-11 17:45:34,002 [1] INFO System.Windows.Forms.Form - File to Erase:N:\3D Figures\Anime\KuGo Figures - Shampoo\STL PACK\STL Boost\STL Me.url
2026-08-11 17:45:34,112 [1] INFO System.Windows.Forms.Form - File to Erase:N:\3D Figures\Anime\KuGo Figures - Shampoo\STL PACK\STL Boost\SW(1).txt
2026-08-11 17:45:34,222 [1] INFO System.Windows.Forms.Form - File to Erase:N:\3D Figures\Anime\KuGo Figures - Shampoo\STL PACK\STL Boost\SW.txt
2026-08-11 17:45:34,472 [1] INFO System.Windows.Forms.Form - File to Erase:N:\3D Figures\Anime\KuGo Figures - Shampoo\STL PACK\STL Boost\Telegram Channel Free Models.stl
2026-08-11 17:45:34,600 [1] INFO System.Windows.Forms.Form - File to Erase:N:\3D Figures\Anime\KuGo Figures - Shampoo\STL PACK\STL Boost\WH-WG.txt
2026-08-11 17:45:44,551 [1] INFO System.Windows.Forms.Form - OnDragEnter Form
2026-08-11 17:45:44,801 [1] INFO System.Windows.Forms.Form - OnDragEnter CRC
2026-08-11 17:45:47,105 [1] INFO System.Windows.Forms.Form - Folder to clean:N:\3D Figures\Anime\KuGo Figures - Shampoo\STL PACK
2026-08-11 17:45:47,246 [1] INFO System.Windows.Forms.Form - File to Erase:N:\3D Figures\Anime\KuGo Figures - Shampoo\STL PACK\+NSFW.txt
2026-08-11 17:45:47,357 [1] INFO System.Windows.Forms.Form - File to Erase:N:\3D Figures\Anime\KuGo Figures - Shampoo\STL PACK\+NSFW.url
2026-08-11 17:45:47,466 [1] INFO System.Windows.Forms.Form - File to Erase:N:\3D Figures\Anime\KuGo Figures - Shampoo\STL PACK\3D Print Models STL.url
2026-08-11 17:45:47,579 [1] INFO System.Windows.Forms.Form - File to Erase:N:\3D Figures\Anime\KuGo Figures - Shampoo\STL PACK\Base.stl
2026-08-11 17:45:47,689 [1] INFO System.Windows.Forms.Form - File to Erase:N:\3D Figures\Anime\KuGo Figures - Shampoo\STL PACK\Board.stl
2026-08-11 17:45:47,798 [1] INFO System.Windows.Forms.Form - File to Erase:N:\3D Figures\Anime\KuGo Figures - Shampoo\STL PACK\Miniatures STL.url
2026-08-11 17:45:47,911 [1] INFO System.Windows.Forms.Form - File to Erase:N:\3D Figures\Anime\KuGo Figures - Shampoo\STL PACK\Miniatures.STL
2026-08-11 17:45:48,018 [1] INFO System.Windows.Forms.Form - File to Erase:N:\3D Figures\Anime\KuGo Figures - Shampoo\STL PACK\Miniatures.txt
2026-08-11 17:45:48,130 [1] INFO System.Windows.Forms.Form - File to Erase:N:\3D Figures\Anime\KuGo Figures - Shampoo\STL PACK\Pad.STL
2026-08-11 17:45:48,237 [1] INFO System.Windows.Forms.Form - File to Erase:N:\3D Figures\Anime\KuGo Figures - Shampoo\STL PACK\Print.STL
2026-08-11 17:45:48,345 [1] INFO System.Windows.Forms.Form - File to Erase:N:\3D Figures\Anime\KuGo Figures - Shampoo\STL PACK\PrintMe.txt
2026-08-11 17:45:48,452 [1] INFO System.Windows.Forms.Form - File to Erase:N:\3D Figures\Anime\KuGo Figures - Shampoo\STL PACK\Star Wars.txt
2026-08-11 17:45:48,576 [1] INFO System.Windows.Forms.Form - File to Erase:N:\3D Figures\Anime\KuGo Figures - Shampoo\STL PACK\Star Wars.url
2026-08-11 17:45:48,682 [1] INFO System.Windows.Forms.Form - File to Erase:N:\3D Figures\Anime\KuGo Figures - Shampoo\STL PACK\STL 3D Print.txt
2026-08-11 17:45:48,792 [1] INFO System.Windows.Forms.Form - File to Erase:N:\3D Figures\Anime\KuGo Figures - Shampoo\STL PACK\STL 3D Print.url
2026-08-11 17:45:48,932 [1] INFO System.Windows.Forms.Form - File to Erase:N:\3D Figures\Anime\KuGo Figures - Shampoo\STL PACK\STL Anime.txt
2026-08-11 17:45:49,042 [1] INFO System.Windows.Forms.Form - File to Erase:N:\3D Figures\Anime\KuGo Figures - Shampoo\STL PACK\STL Comics.txt
2026-08-11 17:45:49,243 [1] INFO System.Windows.Forms.Form - File to Erase:N:\3D Figures\Anime\KuGo Figures - Shampoo\STL PACK\STL Free.stl
2026-08-11 17:45:49,366 [1] INFO System.Windows.Forms.Form - File to Erase:N:\3D Figures\Anime\KuGo Figures - Shampoo\STL PACK\STL Game.txt
2026-08-11 17:45:49,476 [1] INFO System.Windows.Forms.Form - File to Erase:N:\3D Figures\Anime\KuGo Figures - Shampoo\STL PACK\STL Me.url
2026-08-11 17:45:49,681 [1] INFO System.Windows.Forms.Form - File to Erase:N:\3D Figures\Anime\KuGo Figures - Shampoo\STL PACK\SW.stl
2026-08-11 17:45:49,803 [1] INFO System.Windows.Forms.Form - File to Erase:N:\3D Figures\Anime\KuGo Figures - Shampoo\STL PACK\SW.txt
2026-08-11 17:45:49,913 [1] INFO System.Windows.Forms.Form - File to Erase:N:\3D Figures\Anime\KuGo Figures - Shampoo\STL PACK\Torso.STL
2026-08-11 17:45:50,022 [1] INFO System.Windows.Forms.Form - File to Erase:N:\3D Figures\Anime\KuGo Figures - Shampoo\STL PACK\Vehicle 3D Model.url
2026-08-11 17:45:50,131 [1] INFO System.Windows.Forms.Form - File to Erase:N:\3D Figures\Anime\KuGo Figures - Shampoo\STL PACK\Vehicles3D.txt
2026-08-11 17:45:50,241 [1] INFO System.Windows.Forms.Form - File to Erase:N:\3D Figures\Anime\KuGo Figures - Shampoo\STL PACK\Warhammer - WarGame STL 3D Print.txt
2026-08-11 17:45:50,351 [1] INFO System.Windows.Forms.Form - File to Erase:N:\3D Figures\Anime\KuGo Figures - Shampoo\STL PACK\Warhammer - WarGame.url
2026-08-11 17:45:50,461 [1] INFO System.Windows.Forms.Form - File to Erase:N:\3D Figures\Anime\KuGo Figures - Shampoo\STL PACK\WH-WG.txt
2026-08-11 17:45:50,756 [1] INFO System.Windows.Forms.Form - File to Erase:N:\3D Figures\Anime\KuGo Figures - Shampoo\STL PACK\WH40k.stl
2026-08-11 17:46:23,927 [1] INFO System.Windows.Forms.Form - OnDragEnter Form
2026-08-11 17:46:24,056 [1] INFO System.Windows.Forms.Form - OnDragEnter CRC
2026-08-11 17:46:25,874 [1] INFO System.Windows.Forms.Form - Folder to clean:N:\3D Figures\Anime\KuGo Figures - Shampoo\shampoo Kugo figures 1.6
2026-08-12 15:35:36,252 [1] INFO System.Windows.Forms.Form - OnDragEnter Form
2026-08-12 15:35:36,431 [1] INFO System.Windows.Forms.Form - OnDragEnter Panel4
2026-08-12 15:35:36,856 [1] INFO System.Windows.Forms.Form - OnDragEnter Form
2026-08-12 15:35:37,030 [1] INFO System.Windows.Forms.Form - OnDragEnter CRC
2026-08-12 15:35:39,135 [1] INFO System.Windows.Forms.Form - Folder to clean:N:\3D Figures\Anime\Gretel – Goddess of Victory Nikke – 3D Print Model STL
2026-08-12 15:35:39,293 [1] INFO System.Windows.Forms.Form - File to Erase:N:\3D Figures\Anime\Gretel – Goddess of Victory Nikke – 3D Print Model STL\3D Models.txt
2026-08-12 15:35:41,049 [1] INFO System.Windows.Forms.Form - File to Erase:N:\3D Figures\Anime\Gretel – Goddess of Victory Nikke – 3D Print Model STL\DesireFX.me.stl
2026-08-12 15:35:42,761 [1] INFO System.Windows.Forms.Form - File to Erase:N:\3D Figures\Anime\Gretel – Goddess of Victory Nikke – 3D Print Model STL\Pad.STL
2026-08-12 15:35:43,126 [1] INFO System.Windows.Forms.Form - File to Erase:N:\3D Figures\Anime\Gretel – Goddess of Victory Nikke – 3D Print Model STL\STL Free.stl
2026-08-12 15:35:44,128 [1] INFO System.Windows.Forms.Form - File to Erase:N:\3D Figures\Anime\Gretel – Goddess of Victory Nikke – 3D Print Model STL\Telegram Channel Free Models.stl
2026-08-12 15:35:44,254 [1] INFO System.Windows.Forms.Form - File to Erase:N:\3D Figures\Anime\Gretel – Goddess of Victory Nikke – 3D Print Model STL\Telegram- Contact CG Model.url
2026-08-13 09:14:52,466 [1] INFO System.Windows.Forms.Form - OnDragEnter Form
2026-08-13 09:14:52,642 [1] INFO System.Windows.Forms.Form - OnDragEnter CRC
2026-08-13 09:14:54,209 [1] INFO System.Windows.Forms.Form - Folder to clean:N:\3D Figures\Movies - TV\3DMomoji – Astride – 3D Print Model STL\print_astrid
2026-08-13 09:14:55,189 [1] INFO System.Windows.Forms.Form - File to Erase:N:\3D Figures\Movies - TV\3DMomoji – Astride – 3D Print Model STL\print_astrid\3D Models.txt
2026-08-13 09:15:02,108 [1] INFO System.Windows.Forms.Form - File to Erase:N:\3D Figures\Movies - TV\3DMomoji – Astride – 3D Print Model STL\print_astrid\Trs1.stl
2026-08-13 09:19:06,077 [1] INFO System.Windows.Forms.Form - OnDragEnter Form
2026-08-13 09:19:06,223 [1] INFO System.Windows.Forms.Form - OnDragEnter CRC
2026-08-13 09:19:07,749 [1] INFO System.Windows.Forms.Form - Folder to clean:N:\3D Figures\Movies - TV\3DMomoji – Astride – 3D Print Model STL\print_astrid
2026-08-13 09:28:05,031 [1] INFO System.Windows.Forms.Form - OnDragEnter Form
2026-08-13 09:28:05,167 [1] INFO System.Windows.Forms.Form - OnDragEnter CRC
2026-08-13 09:28:06,823 [1] INFO System.Windows.Forms.Form - Folder to clean:N:\3D Figures\Anime\Chuya Factory - Nefer\STL PACK
2026-08-13 09:28:07,011 [1] INFO System.Windows.Forms.Form - File to Erase:N:\3D Figures\Anime\Chuya Factory - Nefer\STL PACK\+NSFW.txt
2026-08-13 09:28:07,120 [1] INFO System.Windows.Forms.Form - File to Erase:N:\3D Figures\Anime\Chuya Factory - Nefer\STL PACK\+NSFW.url
2026-08-13 09:28:07,231 [1] INFO System.Windows.Forms.Form - File to Erase:N:\3D Figures\Anime\Chuya Factory - Nefer\STL PACK\3D Print Models STL.url
2026-08-13 09:28:07,355 [1] INFO System.Windows.Forms.Form - File to Erase:N:\3D Figures\Anime\Chuya Factory - Nefer\STL PACK\3D Print Today.txt
2026-08-13 09:28:07,479 [1] INFO System.Windows.Forms.Form - File to Erase:N:\3D Figures\Anime\Chuya Factory - Nefer\STL PACK\Base.stl
2026-08-13 09:28:07,604 [1] INFO System.Windows.Forms.Form - File to Erase:N:\3D Figures\Anime\Chuya Factory - Nefer\STL PACK\Board.stl
2026-08-13 09:28:07,725 [1] INFO System.Windows.Forms.Form - File to Erase:N:\3D Figures\Anime\Chuya Factory - Nefer\STL PACK\Miniatures STL.url
2026-08-13 09:28:07,837 [1] INFO System.Windows.Forms.Form - File to Erase:N:\3D Figures\Anime\Chuya Factory - Nefer\STL PACK\Miniatures.STL
2026-08-13 09:28:07,956 [1] INFO System.Windows.Forms.Form - File to Erase:N:\3D Figures\Anime\Chuya Factory - Nefer\STL PACK\Miniatures.txt
2026-08-13 09:28:08,068 [1] INFO System.Windows.Forms.Form - File to Erase:N:\3D Figures\Anime\Chuya Factory - Nefer\STL PACK\Pad.STL
2026-08-13 09:28:08,190 [1] INFO System.Windows.Forms.Form - File to Erase:N:\3D Figures\Anime\Chuya Factory - Nefer\STL PACK\Print.STL
2026-08-13 09:28:08,298 [1] INFO System.Windows.Forms.Form - File to Erase:N:\3D Figures\Anime\Chuya Factory - Nefer\STL PACK\PrintMe.txt
2026-08-13 09:28:08,407 [1] INFO System.Windows.Forms.Form - File to Erase:N:\3D Figures\Anime\Chuya Factory - Nefer\STL PACK\Star Wars.txt
2026-08-13 09:28:08,514 [1] INFO System.Windows.Forms.Form - File to Erase:N:\3D Figures\Anime\Chuya Factory - Nefer\STL PACK\Star Wars.url
2026-08-13 09:28:08,625 [1] INFO System.Windows.Forms.Form - File to Erase:N:\3D Figures\Anime\Chuya Factory - Nefer\STL PACK\STL 3D Print.txt
2026-08-13 09:28:08,734 [1] INFO System.Windows.Forms.Form - File to Erase:N:\3D Figures\Anime\Chuya Factory - Nefer\STL PACK\STL 3D Print.url
2026-08-13 09:28:08,845 [1] INFO System.Windows.Forms.Form - File to Erase:N:\3D Figures\Anime\Chuya Factory - Nefer\STL PACK\STL Anime.txt
2026-08-13 09:28:08,955 [1] INFO System.Windows.Forms.Form - File to Erase:N:\3D Figures\Anime\Chuya Factory - Nefer\STL PACK\STL Comics.txt
2026-08-13 09:28:09,159 [1] INFO System.Windows.Forms.Form - File to Erase:N:\3D Figures\Anime\Chuya Factory - Nefer\STL PACK\STL Free.stl
2026-08-13 09:28:09,283 [1] INFO System.Windows.Forms.Form - File to Erase:N:\3D Figures\Anime\Chuya Factory - Nefer\STL PACK\STL Game.txt
2026-08-13 09:28:09,392 [1] INFO System.Windows.Forms.Form - File to Erase:N:\3D Figures\Anime\Chuya Factory - Nefer\STL PACK\STL Me.url
2026-08-13 09:28:09,648 [1] INFO System.Windows.Forms.Form - File to Erase:N:\3D Figures\Anime\Chuya Factory - Nefer\STL PACK\SW.stl
2026-08-13 09:28:09,765 [1] INFO System.Windows.Forms.Form - File to Erase:N:\3D Figures\Anime\Chuya Factory - Nefer\STL PACK\SW.txt
2026-08-13 09:28:09,878 [1] INFO System.Windows.Forms.Form - File to Erase:N:\3D Figures\Anime\Chuya Factory - Nefer\STL PACK\Torso.STL
2026-08-13 09:28:09,986 [1] INFO System.Windows.Forms.Form - File to Erase:N:\3D Figures\Anime\Chuya Factory - Nefer\STL PACK\Vehicle 3D Model.url
2026-08-13 09:28:10,094 [1] INFO System.Windows.Forms.Form - File to Erase:N:\3D Figures\Anime\Chuya Factory - Nefer\STL PACK\Vehicles3D.txt
2026-08-13 09:28:10,204 [1] INFO System.Windows.Forms.Form - File to Erase:N:\3D Figures\Anime\Chuya Factory - Nefer\STL PACK\Warhammer - WarGame STL 3D Print.txt
2026-08-13 09:28:10,326 [1] INFO System.Windows.Forms.Form - File to Erase:N:\3D Figures\Anime\Chuya Factory - Nefer\STL PACK\Warhammer - WarGame.url
2026-08-13 09:28:10,435 [1] INFO System.Windows.Forms.Form - File to Erase:N:\3D Figures\Anime\Chuya Factory - Nefer\STL PACK\WH-WG.txt
2026-08-13 09:28:10,735 [1] INFO System.Windows.Forms.Form - File to Erase:N:\3D Figures\Anime\Chuya Factory - Nefer\STL PACK\WH40k.stl
2026-08-13 09:28:10,854 [1] INFO System.Windows.Forms.Form - File to Erase:N:\3D Figures\Anime\Chuya Factory - Nefer\STL PACK\STL Boost\+NSFW.txt
2026-08-13 09:28:10,963 [1] INFO System.Windows.Forms.Form - File to Erase:N:\3D Figures\Anime\Chuya Factory - Nefer\STL PACK\STL Boost\+NSFW.url
2026-08-13 09:28:11,073 [1] INFO System.Windows.Forms.Form - File to Erase:N:\3D Figures\Anime\Chuya Factory - Nefer\STL PACK\STL Boost\Miniatures.stl
2026-08-13 09:28:11,197 [1] INFO System.Windows.Forms.Form - File to Erase:N:\3D Figures\Anime\Chuya Factory - Nefer\STL PACK\STL Boost\pack.stl
2026-08-13 09:28:11,323 [1] INFO System.Windows.Forms.Form - File to Erase:N:\3D Figures\Anime\Chuya Factory - Nefer\STL PACK\STL Boost\Pad.STL
2026-08-13 09:28:11,444 [1] INFO System.Windows.Forms.Form - File to Erase:N:\3D Figures\Anime\Chuya Factory - Nefer\STL PACK\STL Boost\STL Anime.txt
2026-08-13 09:28:11,553 [1] INFO System.Windows.Forms.Form - File to Erase:N:\3D Figures\Anime\Chuya Factory - Nefer\STL PACK\STL Boost\STL Boost.jpg
2026-08-13 09:28:11,662 [1] INFO System.Windows.Forms.Form - File to Erase:N:\3D Figures\Anime\Chuya Factory - Nefer\STL PACK\STL Boost\STL Boost.txt
2026-08-13 09:28:11,771 [1] INFO System.Windows.Forms.Form - File to Erase:N:\3D Figures\Anime\Chuya Factory - Nefer\STL PACK\STL Boost\STL Comics.txt
2026-08-13 09:28:11,983 [1] INFO System.Windows.Forms.Form - File to Erase:N:\3D Figures\Anime\Chuya Factory - Nefer\STL PACK\STL Boost\STL Free.stl
2026-08-13 09:28:12,099 [1] INFO System.Windows.Forms.Form - File to Erase:N:\3D Figures\Anime\Chuya Factory - Nefer\STL PACK\STL Boost\STL Game.txt
2026-08-13 09:28:12,208 [1] INFO System.Windows.Forms.Form - File to Erase:N:\3D Figures\Anime\Chuya Factory - Nefer\STL PACK\STL Boost\STL Me.url
2026-08-13 09:28:12,316 [1] INFO System.Windows.Forms.Form - File to Erase:N:\3D Figures\Anime\Chuya Factory - Nefer\STL PACK\STL Boost\SW(1).txt
2026-08-13 09:28:12,425 [1] INFO System.Windows.Forms.Form - File to Erase:N:\3D Figures\Anime\Chuya Factory - Nefer\STL PACK\STL Boost\SW.txt
2026-08-13 09:28:12,730 [1] INFO System.Windows.Forms.Form - File to Erase:N:\3D Figures\Anime\Chuya Factory - Nefer\STL PACK\STL Boost\Telegram Channel Free Models.stl
2026-08-13 09:28:12,847 [1] INFO System.Windows.Forms.Form - File to Erase:N:\3D Figures\Anime\Chuya Factory - Nefer\STL PACK\STL Boost\WH-WG.txt
2026-08-13 09:54:11,113 [1] INFO System.Windows.Forms.Form - OnDragEnter Form
2026-08-13 09:54:11,169 [1] INFO System.Windows.Forms.Form - OnDragEnter Panel4
2026-08-13 09:54:12,728 [1] INFO System.Windows.Forms.Form - Folder to renumering files:N:\3D Figures\Anime\Inari Figures - Darling in the Franxx - Zero Two\Render
2026-08-13 09:54:48,244 [1] INFO System.Windows.Forms.Form - OnDragEnter Form
2026-08-13 09:54:48,388 [1] INFO System.Windows.Forms.Form - OnDragEnter CRC
2026-08-13 09:54:51,147 [1] INFO System.Windows.Forms.Form - Folder to clean:N:\3D Figures\Anime\Inari Figures - Darling in the Franxx - Zero Two
2026-08-13 10:00:39,092 [1] INFO System.Windows.Forms.Form - OnDragEnter Panel4
2026-08-13 10:00:39,342 [1] INFO System.Windows.Forms.Form - OnDragEnter Form
2026-08-13 10:00:39,379 [1] INFO System.Windows.Forms.Form - OnDragEnter CRC
2026-08-13 10:00:41,792 [1] INFO System.Windows.Forms.Form - Folder to clean:N:\3D Figures\Anime\Guku
2026-08-13 10:08:01,127 [1] INFO System.Windows.Forms.Form - OnDragEnter Form
2026-08-13 10:08:01,182 [1] INFO System.Windows.Forms.Form - OnDragEnter CRC
2026-08-13 10:08:02,863 [1] INFO System.Windows.Forms.Form - Folder to clean:N:\3D Figures\Anime\3DMomoji – Veronica – 3D Print Model STL
2026-08-13 10:08:03,005 [1] INFO System.Windows.Forms.Form - File to Erase:N:\3D Figures\Anime\3DMomoji – Veronica – 3D Print Model STL\3D Models.txt
2026-08-13 10:08:08,438 [1] INFO System.Windows.Forms.Form - File to Erase:N:\3D Figures\Anime\3DMomoji – Veronica – 3D Print Model STL\Trs1.stl
2026-08-13 10:08:26,358 [1] INFO System.Windows.Forms.Form - OnDragEnter Form
2026-08-13 10:08:26,497 [1] INFO System.Windows.Forms.Form - OnDragEnter CRC
2026-08-13 10:08:28,054 [1] INFO System.Windows.Forms.Form - Folder to clean:N:\3D Figures\Anime\3DMomoji – Veronica – 3D Print Model STL\Render
2026-08-13 18:05:55,530 [1] INFO System.Windows.Forms.Form - OnDragEnter Panel2
2026-08-13 18:08:31,566 [1] INFO System.Windows.Forms.Form - OnDragEnter Form
2026-08-13 18:08:31,643 [1] INFO System.Windows.Forms.Form - OnDragEnter Panel3
2026-08-13 18:08:31,690 [1] INFO System.Windows.Forms.Form - OnDragEnter Form
2026-08-13 18:08:31,739 [1] INFO System.Windows.Forms.Form - OnDragEnter Panel2
2026-08-13 18:08:31,851 [1] INFO System.Windows.Forms.Form - OnDragEnter Form
2026-08-13 18:08:31,883 [1] INFO System.Windows.Forms.Form - OnDragEnter Panel1
2026-08-13 18:08:33,389 [1] INFO System.Windows.Forms.Form - Clean Filename:K:\Magazine\Wallpaper\sanet.st.Wallpaper_-_April_2026.pdf
2026-08-13 18:08:33,443 [1] INFO System.Windows.Forms.Form - Clean Filename:K:\Magazine\Wallpaper\sanet.st.Wallpaper_-_July_2026.pdf
2026-08-13 18:08:33,464 [1] INFO System.Windows.Forms.Form - Clean Filename:K:\Magazine\Wallpaper\sanet.st.Wallpaper_-_June_2026.pdf
2026-08-13 18:08:33,484 [1] INFO System.Windows.Forms.Form - Clean Filename:K:\Magazine\Wallpaper\Sanet.st.Wallpaper_-_March_2026.pdf
2026-08-13 18:08:33,507 [1] INFO System.Windows.Forms.Form - Clean Filename:K:\Magazine\Wallpaper\sanet.st.Wallpaper_-_May_2026.pdf
2026-08-13 18:08:54,515 [1] INFO System.Windows.Forms.Form - OnDragEnter Form
2026-08-13 18:08:54,635 [1] INFO System.Windows.Forms.Form - OnDragEnter Panel2
2026-08-13 18:16:20,155 [1] INFO System.Windows.Forms.Form - OnDragEnter Form
2026-08-13 18:16:20,231 [1] INFO System.Windows.Forms.Form - OnDragEnter Panel2
2026-08-13 18:19:26,408 [1] INFO System.Windows.Forms.Form - OnDragEnter Form
2026-08-13 18:19:26,469 [1] INFO System.Windows.Forms.Form - OnDragEnter Panel2
2026-08-13 18:19:27,292 [1] INFO System.Windows.Forms.Form - OnDragEnter Form
2026-08-13 18:19:27,308 [1] INFO System.Windows.Forms.Form - OnDragEnter Panel1
2026-08-13 18:19:28,850 [1] INFO System.Windows.Forms.Form - Clean Filename:E:\Downloads\Wallpaper.sanet\Wallpaper.sanet.st.pdf
2026-08-13 18:19:52,869 [1] INFO System.Windows.Forms.Form - OnDragEnter Form
2026-08-13 18:19:53,077 [1] INFO System.Windows.Forms.Form - OnDragEnter Panel3
2026-08-13 18:19:53,153 [1] INFO System.Windows.Forms.Form - OnDragEnter Form
2026-08-13 18:19:53,183 [1] INFO System.Windows.Forms.Form - OnDragEnter Panel2
2026-08-13 18:19:53,398 [1] INFO System.Windows.Forms.Form - OnDragEnter Form
2026-08-13 18:19:53,485 [1] INFO System.Windows.Forms.Form - OnDragEnter Panel1
2026-08-13 18:19:55,077 [1] INFO System.Windows.Forms.Form - Clean Filename:K:\Magazine\Wallpaper\Wallpaper - Full Year 2021 Collection\Wallpaper__-_issue_09_2021_(2021-08-12).sanet.st.pdf
2026-08-13 18:19:55,096 [1] INFO System.Windows.Forms.Form - Clean Filename:K:\Magazine\Wallpaper\Wallpaper - Full Year 2021 Collection\Wallpaper_-_January_2021.Sanet.St.pdf
2026-08-13 18:19:55,113 [1] INFO System.Windows.Forms.Form - Clean Filename:K:\Magazine\Wallpaper\Wallpaper - Full Year 2021 Collection\Wallpaper_-_May_2021.sanet.st.pdf
2026-08-13 18:20:23,634 [1] INFO System.Windows.Forms.Form - OnDragEnter Form
2026-08-13 18:20:23,703 [1] INFO System.Windows.Forms.Form - OnDragEnter Panel3
2026-08-13 18:20:23,766 [1] INFO System.Windows.Forms.Form - OnDragEnter Form
2026-08-13 18:20:23,782 [1] INFO System.Windows.Forms.Form - OnDragEnter Panel2
2026-08-13 18:20:24,015 [1] INFO System.Windows.Forms.Form - OnDragEnter Form
2026-08-13 18:20:24,095 [1] INFO System.Windows.Forms.Form - OnDragEnter Panel1
2026-08-13 18:20:25,713 [1] INFO System.Windows.Forms.Form - Clean Filename:K:\Magazine\Wallpaper\Wallpaper - Full Year 2021 Collection\Wallpaper - January 2021.Sanet.St.pdf
2026-08-13 18:21:18,817 [1] INFO System.Windows.Forms.Form - OnDragEnter Form
2026-08-13 18:21:19,080 [1] INFO System.Windows.Forms.Form - OnDragEnter Panel3
2026-08-13 18:21:19,105 [1] INFO System.Windows.Forms.Form - OnDragEnter Form
2026-08-13 18:21:19,137 [1] INFO System.Windows.Forms.Form - OnDragEnter Panel2
2026-08-13 18:21:19,353 [1] INFO System.Windows.Forms.Form - OnDragEnter Form
2026-08-13 18:21:19,465 [1] INFO System.Windows.Forms.Form - OnDragEnter Panel1
2026-08-13 18:21:21,133 [1] INFO System.Windows.Forms.Form - Clean Filename:K:\Magazine\Wallpaper\Wallpaper - Full Year 2021 Collection\2021-11-01_Wallpaper.sanet.st.pdf
2026-08-13 18:21:48,222 [1] INFO System.Windows.Forms.Form - OnDragEnter Form
2026-08-13 18:21:48,265 [1] INFO System.Windows.Forms.Form - OnDragEnter Panel3
2026-08-13 18:21:48,321 [1] INFO System.Windows.Forms.Form - OnDragEnter Form
2026-08-13 18:21:48,346 [1] INFO System.Windows.Forms.Form - OnDragEnter Panel2
2026-08-13 18:21:48,457 [1] INFO System.Windows.Forms.Form - OnDragEnter Form
2026-08-13 18:21:48,536 [1] INFO System.Windows.Forms.Form - OnDragEnter Panel1
2026-08-13 18:21:50,363 [1] INFO System.Windows.Forms.Form - Clean Filename:K:\Magazine\Wallpaper\Wallpaper - Full Year 2021 Collection\SANET.ST_Wallpaper_-_July_2021.pdf
2026-08-13 18:21:50,401 [1] INFO System.Windows.Forms.Form - Clean Filename:K:\Magazine\Wallpaper\Wallpaper - Full Year 2021 Collection\sanet.st_Wallpaper--December-21.pdf
2026-08-13 18:21:50,417 [1] INFO System.Windows.Forms.Form - Clean Filename:K:\Magazine\Wallpaper\Wallpaper - Full Year 2021 Collection\Wallpaper__-_2021-07-15_(2021-07-15).sanet.st.pdf
2026-08-13 18:21:57,657 [1] INFO System.Windows.Forms.Form - OnDragEnter Form
2026-08-13 18:21:57,801 [1] INFO System.Windows.Forms.Form - OnDragEnter Panel3
2026-08-13 18:21:57,817 [1] INFO System.Windows.Forms.Form - OnDragEnter Form
2026-08-13 18:21:57,858 [1] INFO System.Windows.Forms.Form - OnDragEnter Panel2
2026-08-13 18:23:36,057 [1] INFO System.Windows.Forms.Form - OnDragEnter Panel3
2026-08-13 18:23:36,420 [1] INFO System.Windows.Forms.Form - OnDragEnter Form
2026-08-13 18:23:36,789 [1] INFO System.Windows.Forms.Form - OnDragEnter Panel2
2026-08-13 18:26:03,690 [1] INFO System.Windows.Forms.Form - OnDragEnter Form
2026-08-13 18:26:03,841 [1] INFO System.Windows.Forms.Form - OnDragEnter Panel2
2026-08-13 18:26:03,929 [1] INFO System.Windows.Forms.Form - OnDragEnter Form
2026-08-13 18:26:04,000 [1] INFO System.Windows.Forms.Form - OnDragEnter Panel1
2026-08-13 18:26:05,562 [1] INFO System.Windows.Forms.Form - Clean Filename:K:\Magazine\Wallpaper\Wallpaper - Full Year 2021 Collection\Wallpaper - February 2021.Sanet.St.pdf
2026-08-13 18:26:05,581 [1] INFO System.Windows.Forms.Form - Clean Filename:K:\Magazine\Wallpaper\Wallpaper - Full Year 2021 Collection\Wallpaper - March 2021.Sanet.St.pdf
2026-08-13 18:26:05,594 [1] INFO System.Windows.Forms.Form - Clean Filename:K:\Magazine\Wallpaper\Wallpaper - Full Year 2021 Collection\Wallpaper_-_April_2021.Sanet.St.sanet.st.pdf
2026-08-13 18:26:11,360 [1] INFO System.Windows.Forms.Form - OnDragEnter Form
2026-08-13 18:26:11,441 [1] INFO System.Windows.Forms.Form - OnDragEnter Panel3
2026-08-13 18:26:11,449 [1] INFO System.Windows.Forms.Form - OnDragEnter Form
2026-08-13 18:26:11,473 [1] INFO System.Windows.Forms.Form - OnDragEnter Panel2
2026-08-13 18:26:11,569 [1] INFO System.Windows.Forms.Form - OnDragEnter Form
2026-08-13 18:26:11,601 [1] INFO System.Windows.Forms.Form - OnDragEnter Panel1
2026-08-13 18:26:13,114 [1] INFO System.Windows.Forms.Form - Clean Filename:K:\Magazine\Wallpaper\Wallpaper - Full Year 2021 Collection\Wallpaper - April 2021.Sanet.St.pdf
2026-08-13 18:26:13,131 [1] INFO System.Windows.Forms.Form - Clean Filename:K:\Magazine\Wallpaper\Wallpaper - Full Year 2021 Collection\Wallpaper - February 2021.Sanet.St.pdf
2026-08-13 18:26:13,146 [1] INFO System.Windows.Forms.Form - Clean Filename:K:\Magazine\Wallpaper\Wallpaper - Full Year 2021 Collection\Wallpaper - March 2021.Sanet.St.pdf
2026-08-13 18:26:35,776 [1] INFO System.Windows.Forms.Form - OnDragEnter Form
2026-08-13 18:26:35,993 [1] INFO System.Windows.Forms.Form - OnDragEnter Panel2
2026-08-13 18:27:56,251 [1] INFO System.Windows.Forms.Form - OnDragEnter Form
2026-08-13 18:27:56,267 [1] INFO System.Windows.Forms.Form - OnDragEnter Panel1
2026-08-13 18:27:56,812 [1] INFO System.Windows.Forms.Form - OnDragEnter Form
2026-08-13 18:27:56,891 [1] INFO System.Windows.Forms.Form - OnDragEnter Panel2
2026-08-13 18:28:22,227 [1] INFO System.Windows.Forms.Form - OnDragEnter Form
2026-08-13 18:28:22,404 [1] INFO System.Windows.Forms.Form - OnDragEnter Panel2
2026-08-13 18:33:23,217 [1] INFO System.Windows.Forms.Form - OnDragEnter Form
2026-08-13 18:33:23,416 [1] INFO System.Windows.Forms.Form - OnDragEnter Panel2
2026-08-13 18:33:23,554 [1] INFO System.Windows.Forms.Form - OnDragEnter Form
2026-08-13 18:33:23,595 [1] INFO System.Windows.Forms.Form - OnDragEnter Panel1
2026-08-13 18:33:25,119 [1] INFO System.Windows.Forms.Form - Clean Filename:K:\Magazine\Wallpaper\sanet.st.Wallpaper_-_February_2026.pdf
2026-08-13 18:33:25,139 [1] INFO System.Windows.Forms.Form - Clean Filename:K:\Magazine\Wallpaper\sanet.st.Wallpaper_-_January_2026.pdf
2026-08-13 18:33:45,816 [1] INFO System.Windows.Forms.Form - OnDragEnter Form
2026-08-13 18:33:46,014 [1] INFO System.Windows.Forms.Form - OnDragEnter CRC
2026-08-13 18:33:47,804 [1] INFO System.Windows.Forms.Form - Folder to clean:E:\Downloads\sanet.st.Wallpaper_-_February_2026
2026-08-13 18:33:50,868 [1] INFO System.Windows.Forms.Form - Folder to clean:E:\Downloads\sanet.st.Wallpaper_-_January_2026
2026-08-13 18:34:01,049 [1] INFO System.Windows.Forms.Form - OnDragEnter Form
2026-08-13 18:34:01,230 [1] INFO System.Windows.Forms.Form - OnDragEnter Panel2
2026-08-13 18:38:39,561 [1] INFO System.Windows.Forms.Form - OnDragEnter Form
2026-08-13 18:38:39,696 [1] INFO System.Windows.Forms.Form - OnDragEnter Panel1
2026-08-13 18:38:41,849 [1] INFO System.Windows.Forms.Form - Clean Filename:E:\Downloads\SANET.ST-Doube_The_Pleaure_2025\Double_The_Pleasure_720.mp4
2026-08-13 18:42:23,779 [1] INFO System.Windows.Forms.Form - OnDragEnter Form
2026-08-13 18:42:23,862 [1] INFO System.Windows.Forms.Form - OnDragEnter Panel2
2026-08-13 18:42:24,006 [1] INFO System.Windows.Forms.Form - OnDragEnter Form
2026-08-13 18:42:24,103 [1] INFO System.Windows.Forms.Form - OnDragEnter Panel1
2026-08-13 18:42:25,715 [1] INFO System.Windows.Forms.Form - Clean Filename:K:\Magazine\Vortex Magazine\sanet.st.Vortex_Magazine_-__June_2026.pdf
2026-08-13 18:42:25,736 [1] INFO System.Windows.Forms.Form - Clean Filename:K:\Magazine\Vortex Magazine\Sanet.st.Vortex_Magazine_-_April_2026.pdf
2026-08-13 18:42:25,761 [1] INFO System.Windows.Forms.Form - Clean Filename:K:\Magazine\Vortex Magazine\sanet.st.Vortex_Magazine_-_August_2026.pdf
2026-08-13 18:42:25,767 [1] INFO System.Windows.Forms.Form - Clean Filename:K:\Magazine\Vortex Magazine\Sanet.st.Vortex_Magazine_-_May_2026.pdf
2026-08-13 18:42:46,079 [1] INFO System.Windows.Forms.Form - OnDragEnter Form
2026-08-13 18:42:46,245 [1] INFO System.Windows.Forms.Form - OnDragEnter Panel3
2026-08-13 18:42:46,386 [1] INFO System.Windows.Forms.Form - OnDragEnter Form
2026-08-13 18:42:46,419 [1] INFO System.Windows.Forms.Form - OnDragEnter Panel2
2026-08-13 18:43:02,269 [1] INFO System.Windows.Forms.Form - OnDragEnter Form
2026-08-13 18:43:02,504 [1] INFO System.Windows.Forms.Form - OnDragEnter Panel3
2026-08-13 18:43:02,708 [1] INFO System.Windows.Forms.Form - OnDragEnter Form
2026-08-13 18:43:02,769 [1] INFO System.Windows.Forms.Form - OnDragEnter Panel2
2026-08-13 18:55:25,278 [1] INFO System.Windows.Forms.Form - OnDragEnter Form
2026-08-13 18:55:25,375 [1] INFO System.Windows.Forms.Form - OnDragEnter CRC
2026-08-13 18:55:27,130 [1] INFO System.Windows.Forms.Form - Folder to clean:K:\Magazine\Wallpaper\Sanet.st.Wallpaper_-_September_2026
2026-08-13 18:56:25,099 [1] INFO System.Windows.Forms.Form - OnDragEnter Panel3
2026-08-13 18:56:25,156 [1] INFO System.Windows.Forms.Form - OnDragEnter Form
2026-08-13 18:56:25,230 [1] INFO System.Windows.Forms.Form - OnDragEnter Panel2
2026-08-13 18:56:25,456 [1] INFO System.Windows.Forms.Form - OnDragEnter Form
2026-08-13 18:56:25,486 [1] INFO System.Windows.Forms.Form - OnDragEnter Panel1
2026-08-13 18:56:27,064 [1] INFO System.Windows.Forms.Form - Clean Filename:K:\Magazine\Wallpaper\Sanet.st.Wallpaper_-_August_2026.pdf
2026-08-13 18:56:27,087 [1] INFO System.Windows.Forms.Form - Clean Filename:K:\Magazine\Wallpaper\Sanet.st.Wallpaper_-_September_2026.pdf
2026-08-13 18:58:03,088 [1] INFO System.Windows.Forms.Form - OnDragEnter Form
2026-08-13 18:58:03,140 [1] INFO System.Windows.Forms.Form - OnDragEnter Panel2
2026-08-14 16:13:37,224 [1] INFO System.Windows.Forms.Form - OnDragEnter Form
2026-08-14 16:13:37,261 [1] INFO System.Windows.Forms.Form - OnDragEnter Panel1
2026-08-14 16:13:39,253 [1] INFO System.Windows.Forms.Form - Clean Filename:E:\Downloads\Sanet.ST_Git_With_Visual_Studio_Code
2026-08-14 16:13:39,277 [1] INFO System.Windows.Forms.Form - Clean Filename:E:\Downloads\Sanet.ST_Git With Visual Studio Code
2026-08-14 16:13:41,612 [1] INFO System.Windows.Forms.Form - Clean Filename:E:\Downloads\Sanet.st.BBC_Sky_at_Night_-_September_2026
2026-08-14 16:13:50,292 [1] INFO System.Windows.Forms.Form - OnDragEnter Form
2026-08-14 16:13:50,332 [1] INFO System.Windows.Forms.Form - OnDragEnter Panel2
2026-08-14 16:27:07,980 [1] INFO System.Windows.Forms.Form - OnDragEnter Form
2026-08-14 16:27:08,056 [1] INFO System.Windows.Forms.Form - OnDragEnter Panel2
2026-08-14 16:28:22,215 [1] INFO System.Windows.Forms.Form - OnDragEnter Form
2026-08-14 16:28:22,259 [1] INFO System.Windows.Forms.Form - OnDragEnter Panel3
2026-08-14 16:28:22,274 [1] INFO System.Windows.Forms.Form - OnDragEnter Form
2026-08-14 16:28:22,322 [1] INFO System.Windows.Forms.Form - OnDragEnter Panel2
2026-08-14 16:34:30,302 [1] INFO System.Windows.Forms.Form - OnDragEnter Form
2026-08-14 16:34:30,364 [1] INFO System.Windows.Forms.Form - OnDragEnter Panel3
2026-08-14 16:34:30,532 [1] INFO System.Windows.Forms.Form - OnDragEnter Form
2026-08-14 16:34:30,571 [1] INFO System.Windows.Forms.Form - OnDragEnter Panel2
2026-08-14 16:34:56,412 [1] INFO System.Windows.Forms.Form - OnDragEnter Form
2026-08-14 16:34:56,508 [1] INFO System.Windows.Forms.Form - OnDragEnter Panel2
2026-08-14 16:34:56,884 [1] INFO System.Windows.Forms.Form - OnDragEnter Form
2026-08-14 16:34:56,942 [1] INFO System.Windows.Forms.Form - OnDragEnter Panel1
2026-08-14 16:34:58,510 [1] INFO System.Windows.Forms.Form - Clean Filename:K:\Magazine\BBC Sky at Night\sanet.st.BBC_Sky_at_Night_-_April_2026.pdf
2026-08-14 16:34:58,530 [1] INFO System.Windows.Forms.Form - Clean Filename:K:\Magazine\BBC Sky at Night\sanet.st.BBC_Sky_at_Night_-_August_2026.pdf
2026-08-14 16:34:58,547 [1] INFO System.Windows.Forms.Form - Clean Filename:K:\Magazine\BBC Sky at Night\Sanet.st.BBC_Sky_at_Night_-_February_2026.pdf
2026-08-14 16:34:58,564 [1] INFO System.Windows.Forms.Form - Clean Filename:K:\Magazine\BBC Sky at Night\sanet.st.BBC_Sky_at_Night_-_Issue_252,_May_2026.pdf
2026-08-14 16:34:58,581 [1] INFO System.Windows.Forms.Form - Clean Filename:K:\Magazine\BBC Sky at Night\sanet.st.BBC_Sky_at_Night_-_January_2026.pdf
2026-08-14 16:34:58,598 [1] INFO System.Windows.Forms.Form - Clean Filename:K:\Magazine\BBC Sky at Night\Sanet.st.BBC_Sky_at_Night_-_July_2026.pdf
2026-08-14 16:34:58,613 [1] INFO System.Windows.Forms.Form - Clean Filename:K:\Magazine\BBC Sky at Night\sanet.st.BBC_Sky_at_Night_-_June_2026.pdf
2026-08-14 16:34:58,630 [1] INFO System.Windows.Forms.Form - Clean Filename:K:\Magazine\BBC Sky at Night\Sanet.st.BBC_Sky_at_Night_-_March_2026.pdf
2026-08-14 16:35:21,261 [1] INFO System.Windows.Forms.Form - OnDragEnter Form
2026-08-14 16:35:21,326 [1] INFO System.Windows.Forms.Form - OnDragEnter Panel3
2026-08-14 16:35:21,476 [1] INFO System.Windows.Forms.Form - OnDragEnter Form
2026-08-14 16:35:21,524 [1] INFO System.Windows.Forms.Form - OnDragEnter Panel2
2026-08-14 16:35:58,981 [1] INFO System.Windows.Forms.Form - OnDragEnter Panel1
2026-08-14 16:36:00,359 [1] INFO System.Windows.Forms.Form - Clean Filename:E:\Downloads\sanet.st.Stereophile_-_September_2026\sanet.st.Stereophile_-_September_2026.pdf
2026-08-14 16:36:03,478 [1] INFO System.Windows.Forms.Form - OnDragEnter Form
2026-08-14 16:36:03,542 [1] INFO System.Windows.Forms.Form - OnDragEnter Panel2
2026-08-14 16:39:13,020 [1] INFO System.Windows.Forms.Form - OnDragEnter Panel1
2026-08-14 16:39:14,454 [1] INFO System.Windows.Forms.Form - Clean Filename:E:\Downloads\sanet.st.Stereophile_-_August_2026\sanet.st.Stereophile_-_August_2026.pdf
2026-08-14 16:39:17,061 [1] INFO System.Windows.Forms.Form - OnDragEnter Form
2026-08-14 16:39:17,115 [1] INFO System.Windows.Forms.Form - OnDragEnter Panel2
2026-08-14 16:49:57,884 [1] INFO System.Windows.Forms.Form - OnDragEnter Form
2026-08-14 16:49:57,937 [1] INFO System.Windows.Forms.Form - OnDragEnter Panel2
2026-08-14 16:49:58,714 [1] INFO System.Windows.Forms.Form - OnDragEnter Form
2026-08-14 16:49:58,749 [1] INFO System.Windows.Forms.Form - OnDragEnter Panel1
2026-08-14 16:50:00,300 [1] INFO System.Windows.Forms.Form - Clean Filename:K:\Magazine\MacWorld USA\Sanet.st.Macworld_-_July_2026.pdf
2026-08-14 16:50:00,322 [1] INFO System.Windows.Forms.Form - Clean Filename:K:\Magazine\MacWorld USA\sanet.st.Macworld_USA_-_August_2026.pdf
2026-08-14 16:50:00,338 [1] INFO System.Windows.Forms.Form - Clean Filename:K:\Magazine\MacWorld USA\sanet.st.Macworld_USA_-_June_2026.pdf
2026-08-14 16:50:00,355 [1] INFO System.Windows.Forms.Form - Clean Filename:K:\Magazine\MacWorld USA\sanet.st.Macworld_USA_-_May_2026.pdf
2026-08-14 16:51:21,164 [1] INFO System.Windows.Forms.Form - OnDragEnter Form
2026-08-14 16:51:21,299 [1] INFO System.Windows.Forms.Form - OnDragEnter Panel2
2026-08-14 17:52:31,369 [1] INFO System.Windows.Forms.Form - OnDragEnter Form
2026-08-14 17:52:31,445 [1] INFO System.Windows.Forms.Form - OnDragEnter Panel2
2026-08-14 17:52:31,485 [1] INFO System.Windows.Forms.Form - OnDragEnter Form
2026-08-14 17:52:31,573 [1] INFO System.Windows.Forms.Form - OnDragEnter Panel1
2026-08-14 17:52:33,116 [1] INFO System.Windows.Forms.Form - Clean Filename:K:\Magazine\MacWorld UK\sanet.st.Macworld_UK_-_August_2026.pdf
2026-08-14 17:52:33,139 [1] INFO System.Windows.Forms.Form - Clean Filename:K:\Magazine\MacWorld UK\Sanet.st.Macworld_UK_-_July_2026.pdf
2026-08-14 17:52:33,154 [1] INFO System.Windows.Forms.Form - Clean Filename:K:\Magazine\MacWorld UK\sanet.st.Macworld_UK_-_June_2026.pdf
2026-08-14 17:52:33,171 [1] INFO System.Windows.Forms.Form - Clean Filename:K:\Magazine\MacWorld UK\Sanet.st.Macworld_UK_-_May_2026.pdf
2026-08-14 17:52:38,558 [1] INFO System.Windows.Forms.Form - OnDragEnter Form
2026-08-14 17:52:38,640 [1] INFO System.Windows.Forms.Form - OnDragEnter Panel3
2026-08-14 17:52:38,693 [1] INFO System.Windows.Forms.Form - OnDragEnter Form
2026-08-14 17:52:38,734 [1] INFO System.Windows.Forms.Form - OnDragEnter Panel2
2026-08-14 17:56:31,986 [1] INFO System.Windows.Forms.Form - OnDragEnter Form
2026-08-14 17:56:32,009 [1] INFO System.Windows.Forms.Form - OnDragEnter Panel1
2026-08-14 17:56:33,516 [1] INFO System.Windows.Forms.Form - Clean Filename:E:\Downloads\Sanet.st.Hackercool_Magazine_-_July_2026\Sanet.st.Hackercool_Magazine_-_July_2026.pdf
2026-08-14 17:56:36,369 [1] INFO System.Windows.Forms.Form - OnDragEnter Form
2026-08-14 17:56:36,504 [1] INFO System.Windows.Forms.Form - OnDragEnter Panel2
2026-08-16 13:29:03,241 [1] INFO System.Windows.Forms.Form - OnDragEnter Form
2026-08-16 13:29:03,369 [1] INFO System.Windows.Forms.Form - OnDragEnter Panel1
2026-08-16 13:29:04,936 [1] INFO System.Windows.Forms.Form - Clean Filename:E:\Downloads\Sanet.st.Blade.Runner.2049.2017.1080p.BluRay.x265.10-bit.AAC.7.1.WeSLeY
2026-08-16 13:29:04,974 [1] INFO System.Windows.Forms.Form - Clean Filename:E:\Downloads\Sanet.st.Blade.Runner.2049.2017.2160.BluRay.HDR10.10bit.x265.HEVC.TrueHD.Atmos.7.1-PHOCiS
2026-08-16 13:49:10,285 [1] INFO System.Windows.Forms.Form - OnDragEnter Panel2
2026-08-16 13:49:10,724 [1] INFO System.Windows.Forms.Form - OnDragEnter Form
2026-08-16 13:49:10,748 [1] INFO System.Windows.Forms.Form - OnDragEnter Panel1
2026-08-16 13:49:12,275 [1] INFO System.Windows.Forms.Form - Clean Filename:E:\Downloads\Sanet.ST_Photoshop_Complete_Manual_-_28th_Edition,_2026
2026-08-16 13:49:12,330 [1] INFO System.Windows.Forms.Form - Clean Filename:E:\Downloads\Sanet.ST_Photoshop Complete Manual - 28th Edition, 2026
2026-08-16 13:49:14,687 [1] INFO System.Windows.Forms.Form - Clean Filename:E:\Downloads\sanet.st.All_About_History_-_Byzantine_Empire,_7th_Edition_2026
2026-08-16 13:49:14,720 [1] INFO System.Windows.Forms.Form - Clean Filename:E:\Downloads\sanet.st.Adobe_Photoshop_Complete_Manual_-_28th_Edition,_2026
2026-08-16 13:49:14,752 [1] INFO System.Windows.Forms.Form - Clean Filename:E:\Downloads\sanet.st.ChatGPT_For_Beginners_-_3rd_Edition,_2026
2026-08-16 13:49:14,785 [1] INFO System.Windows.Forms.Form - Clean Filename:E:\Downloads\sanet.st.New_Scientist_International_Edition_-_15_August_2026
2026-08-16 13:49:14,816 [1] INFO System.Windows.Forms.Form - Clean Filename:E:\Downloads\sanet.st.All_About_History_-_Medieval_History,_11th_Edition_2026
2026-08-16 13:49:14,848 [1] INFO System.Windows.Forms.Form - Clean Filename:E:\Downloads\sanet.st.All_About_History_-_Pharaohs,_7th_Edition_2026
2026-08-16 13:49:14,880 [1] INFO System.Windows.Forms.Form - Clean Filename:E:\Downloads\sanet.st.Understanding_The_Solar_System_-_4th_Edition_2026
2026-08-16 13:49:14,911 [1] INFO System.Windows.Forms.Form - Clean Filename:E:\Downloads\sanet.st.Adobe_Elements_Complete_Manual_-_22nd_Edition,_2026
2026-08-16 13:49:14,942 [1] INFO System.Windows.Forms.Form - Clean Filename:E:\Downloads\Private.26.08.13.Chloe.Mami.Tabatha.Lust.1080p.sanet
2026-08-16 13:49:14,977 [1] INFO System.Windows.Forms.Form - Clean Filename:E:\Downloads\sanet.st.Mathematics_Today_-_August_2026
2026-08-16 13:49:15,013 [1] INFO System.Windows.Forms.Form - Clean Filename:E:\Downloads\sanet.st.Build_It_-_Low_Energy_Renovation_Specialist,_2026
2026-08-16 13:49:15,041 [1] INFO System.Windows.Forms.Form - Clean Filename:E:\Downloads\sanet.st.Physics_For_You_-_August_2026
2026-08-16 13:50:48,914 [1] INFO System.Windows.Forms.Form - OnDragEnter Panel2
2026-08-16 13:51:35,781 [1] INFO System.Windows.Forms.Form - OnDragEnter Form
2026-08-16 13:51:35,846 [1] INFO System.Windows.Forms.Form - OnDragEnter Panel3
2026-08-16 13:51:36,030 [1] INFO System.Windows.Forms.Form - OnDragEnter Form
2026-08-16 13:51:36,110 [1] INFO System.Windows.Forms.Form - OnDragEnter Panel2
2026-08-16 13:51:36,406 [1] INFO System.Windows.Forms.Form - OnDragEnter Form
2026-08-16 13:51:36,550 [1] INFO System.Windows.Forms.Form - OnDragEnter Panel1
2026-08-16 13:51:38,143 [1] INFO System.Windows.Forms.Form - Clean Filename:O:\RS\Video\DigitalPlayground\DigitalPlayground 25 10 23 Addison Vodka Camp Carnage Part 1 sanet st
2026-08-16 15:39:30,557 [1] INFO System.Windows.Forms.Form - OnDragEnter Panel2
2026-08-16 16:00:08,721 [1] INFO System.Windows.Forms.Form - OnDragEnter Panel1
2026-08-16 16:00:10,409 [1] INFO System.Windows.Forms.Form - Clean Filename:K:\Magazine\Mathematics Today\Sanet.st.Mathematics_Today_-_Apr_20206,_2026.pdf
2026-08-16 16:00:10,436 [1] INFO System.Windows.Forms.Form - Clean Filename:K:\Magazine\Mathematics Today\Sanet.st.Mathematics_Today_-_Feb_2026.pdf
2026-08-16 16:00:10,454 [1] INFO System.Windows.Forms.Form - Clean Filename:K:\Magazine\Mathematics Today\Sanet.st.Mathematics_Today_-_Jan_2026.pdf
2026-08-16 16:00:10,470 [1] INFO System.Windows.Forms.Form - Clean Filename:K:\Magazine\Mathematics Today\sanet.st.Mathematics_Today_-_July_2026.pdf
2026-08-16 16:00:10,489 [1] INFO System.Windows.Forms.Form - Clean Filename:K:\Magazine\Mathematics Today\sanet.st.Mathematics_Today_-_June_2026.pdf
2026-08-16 16:00:10,511 [1] INFO System.Windows.Forms.Form - Clean Filename:K:\Magazine\Mathematics Today\Sanet.st.Mathematics_Today_-_Mar_2026.pdf
2026-08-16 16:00:10,530 [1] INFO System.Windows.Forms.Form - Clean Filename:K:\Magazine\Mathematics Today\Sanet.st.Mathematics_Today_-_May_2026.pdf
2026-08-16 16:00:27,589 [1] INFO System.Windows.Forms.Form - OnDragEnter Form
2026-08-16 16:00:27,741 [1] INFO System.Windows.Forms.Form - OnDragEnter Panel3
2026-08-16 16:00:27,802 [1] INFO System.Windows.Forms.Form - OnDragEnter Form
2026-08-16 16:00:27,893 [1] INFO System.Windows.Forms.Form - OnDragEnter Panel2
2026-08-16 16:04:11,650 [1] INFO System.Windows.Forms.Form - OnDragEnter Form
2026-08-16 16:04:11,712 [1] INFO System.Windows.Forms.Form - OnDragEnter Panel1
2026-08-16 16:04:13,363 [1] INFO System.Windows.Forms.Form - Clean Filename:E:\Downloads\Sanet.ST_Photoshop Complete Manual - 28th Edition, 2026
2026-08-16 16:04:15,749 [1] INFO System.Windows.Forms.Form - Clean Filename:E:\Downloads\Sanet.ST Photoshop Complete Manual - 28th Edition, 2026
2026-08-16 16:04:19,284 [1] INFO System.Windows.Forms.Form - OnDragEnter Form
2026-08-16 16:04:19,368 [1] INFO System.Windows.Forms.Form - OnDragEnter Panel1
2026-08-16 16:04:20,927 [1] INFO System.Windows.Forms.Form - Clean Filename:E:\Downloads\Sanet.ST_Photoshop Complete Manual - 28th Edition, 2026
2026-08-16 16:04:23,275 [1] INFO System.Windows.Forms.Form - Clean Filename:E:\Downloads\Sanet.ST Photoshop Complete Manual - 28th Edition, 2026
2026-08-16 16:04:38,160 [1] INFO System.Windows.Forms.Form - OnDragEnter Form
2026-08-16 16:04:38,266 [1] INFO System.Windows.Forms.Form - OnDragEnter Panel1
2026-08-16 16:04:39,798 [1] INFO System.Windows.Forms.Form - Clean Filename:E:\Downloads\Sanet.ST_Photoshop Complete Manual - 28th Edition, 2026
2026-08-16 16:05:27,928 [1] INFO System.Windows.Forms.Form - OnDragEnter Form
2026-08-16 16:05:28,096 [1] INFO System.Windows.Forms.Form - OnDragEnter Panel2
2026-08-16 16:05:28,296 [1] INFO System.Windows.Forms.Form - OnDragEnter Form
2026-08-16 16:05:28,328 [1] INFO System.Windows.Forms.Form - OnDragEnter Panel1
2026-08-16 16:05:29,830 [1] INFO System.Windows.Forms.Form - Clean Filename:K:\Magazine\Trick & Tips - For Beginners - The Complete Manual\Photoshop - Complete Manual - Tricks & Tips for Beginners-2023\Photoshop Complete Manual\Photoshop_Complete_Manual_-_Dec_2023.pdf
2026-08-16 16:06:06,372 [1] INFO System.Windows.Forms.Form - OnDragEnter Form
2026-08-16 16:06:06,554 [1] INFO System.Windows.Forms.Form - OnDragEnter Panel4
2026-08-16 16:06:06,616 [1] INFO System.Windows.Forms.Form - OnDragEnter Form
2026-08-16 16:06:06,649 [1] INFO System.Windows.Forms.Form - OnDragEnter Panel3
2026-08-16 16:06:06,848 [1] INFO System.Windows.Forms.Form - OnDragEnter Form
2026-08-16 16:06:06,907 [1] INFO System.Windows.Forms.Form - OnDragEnter Panel2
2026-08-16 16:06:07,210 [1] INFO System.Windows.Forms.Form - OnDragEnter Form
2026-08-16 16:06:07,228 [1] INFO System.Windows.Forms.Form - OnDragEnter Panel1
2026-08-16 16:06:08,027 [1] INFO System.Windows.Forms.Form - OnDragEnter Form
2026-08-16 16:06:08,059 [1] INFO System.Windows.Forms.Form - OnDragEnter Panel2
2026-08-16 16:06:15,752 [1] INFO System.Windows.Forms.Form - OnDragEnter Form
2026-08-16 16:06:16,003 [1] INFO System.Windows.Forms.Form - OnDragEnter Panel2
2026-08-16 16:06:16,178 [1] INFO System.Windows.Forms.Form - OnDragEnter Form
2026-08-16 16:06:16,220 [1] INFO System.Windows.Forms.Form - OnDragEnter Panel1
2026-08-16 16:06:17,652 [1] INFO System.Windows.Forms.Form - Clean Filename:K:\Magazine\Trick & Tips - For Beginners - The Complete Manual\Photoshop - Complete Manual - Tricks & Tips for Beginners-2023\Photoshop Complete Manual\Sanet.ST Photoshop Complete Manual - 28th Edition, 2026.pdf
2026-08-16 16:06:24,264 [1] INFO System.Windows.Forms.Form - OnDragEnter Form
2026-08-16 16:06:24,308 [1] INFO System.Windows.Forms.Form - OnDragEnter Panel1
2026-08-16 16:06:25,942 [1] INFO System.Windows.Forms.Form - Clean Filename:K:\Magazine\Trick & Tips - For Beginners - The Complete Manual\Photoshop - Complete Manual - Tricks & Tips for Beginners-2023\Photoshop Complete Manual\Sanet.ST Photoshop Complete Manual - 28th Edition, 2026.pdf
2026-08-16 16:09:14,165 [1] INFO System.Windows.Forms.Form - OnDragEnter Panel1
2026-08-16 16:09:16,017 [1] INFO System.Windows.Forms.Form - Clean Filename:E:\Downloads\Sanet.ST Photoshop Complete Manual - 28th Edition, 2026\Sanet.ST Photoshop Complete Manual - 28th Edition, 2026.pdf
2026-08-16 16:09:27,696 [1] INFO System.Windows.Forms.Form - OnDragEnter Panel1
2026-08-16 16:09:29,739 [1] INFO System.Windows.Forms.Form - Clean Filename:E:\Downloads\Sanet.ST Photoshop Complete Manual - 28th Edition, 2026\Sanet.ST Photoshop Complete Manual - 28th Edition, 2026.pdf
2026-08-16 16:09:58,410 [1] INFO System.Windows.Forms.Form - OnDragEnter Form
2026-08-16 16:09:58,493 [1] INFO System.Windows.Forms.Form - OnDragEnter Panel1
2026-08-16 16:10:00,037 [1] INFO System.Windows.Forms.Form - Clean Filename:E:\Downloads\Sanet.st.PC_Gamer_-_October_2026\Sanet.st.PC_Gamer_-_October_2026.pdf
2026-08-16 16:10:08,348 [1] INFO System.Windows.Forms.Form - OnDragEnter Form
2026-08-16 16:10:08,442 [1] INFO System.Windows.Forms.Form - OnDragEnter Panel2
2026-08-16 16:48:01,503 [1] INFO System.Windows.Forms.Form - OnDragEnter Form
2026-08-16 16:48:01,568 [1] INFO System.Windows.Forms.Form - OnDragEnter Panel2
2026-08-16 16:48:01,696 [1] INFO System.Windows.Forms.Form - OnDragEnter Form
2026-08-16 16:48:01,738 [1] INFO System.Windows.Forms.Form - OnDragEnter Panel1
2026-08-16 16:48:03,332 [1] INFO System.Windows.Forms.Form - Clean Filename:K:\Magazine\PC Gamer\PC Gamer UK\sanet.st.PC_Gamer_UK_-_Issue_425,_September_2026.pdf
2026-08-16 16:48:08,409 [1] INFO System.Windows.Forms.Form - OnDragEnter Form
2026-08-16 16:48:08,551 [1] INFO System.Windows.Forms.Form - OnDragEnter Panel3
2026-08-16 16:48:08,616 [1] INFO System.Windows.Forms.Form - OnDragEnter Form
2026-08-16 16:48:08,654 [1] INFO System.Windows.Forms.Form - OnDragEnter Panel2
2026-08-16 16:49:08,513 [1] INFO System.Windows.Forms.Form - OnDragEnter Form
2026-08-16 16:49:08,832 [1] INFO System.Windows.Forms.Form - OnDragEnter Panel1
2026-08-16 16:49:10,372 [1] INFO System.Windows.Forms.Form - Clean Filename:K:\Magazine\PC Gamer\PC Gamer UK\sanet.st.PC_Gamer_UK_-_August_2026.pdf
2026-08-16 16:49:10,395 [1] INFO System.Windows.Forms.Form - Clean Filename:K:\Magazine\PC Gamer\PC Gamer UK\sanet.st.PC_Gamer_UK_-_July_2026.pdf
2026-08-16 16:49:10,416 [1] INFO System.Windows.Forms.Form - Clean Filename:K:\Magazine\PC Gamer\PC Gamer UK\sanet.st.PC_Gamer_UK_-_June_2026.pdf
2026-08-16 16:49:10,435 [1] INFO System.Windows.Forms.Form - Clean Filename:K:\Magazine\PC Gamer\PC Gamer UK\sanet.st.PC_Gamer_UK_-_May_2026.pdf
2026-08-16 17:21:13,084 [1] INFO System.Windows.Forms.Form - OnDragEnter Panel2
2026-08-16 17:26:39,817 [1] INFO System.Windows.Forms.Form - OnDragEnter Form
2026-08-16 17:26:39,860 [1] INFO System.Windows.Forms.Form - OnDragEnter Panel3
2026-08-16 17:26:39,877 [1] INFO System.Windows.Forms.Form - OnDragEnter Form
2026-08-16 17:26:39,915 [1] INFO System.Windows.Forms.Form - OnDragEnter Panel2
2026-08-16 17:26:40,396 [1] INFO System.Windows.Forms.Form - OnDragEnter Form
2026-08-16 17:26:40,451 [1] INFO System.Windows.Forms.Form - OnDragEnter Panel1
2026-08-16 17:26:42,163 [1] INFO System.Windows.Forms.Form - Clean Filename:K:\Magazine\PC Gamer\PC Gamer USA\Sanet.st.PC_Gamer_(US_Edition)_-_August_2026.pdf
2026-08-16 17:26:42,185 [1] INFO System.Windows.Forms.Form - Clean Filename:K:\Magazine\PC Gamer\PC Gamer USA\Sanet.st.PC_Gamer_(US_Edition)_-_July_2026.pdf
2026-08-16 17:26:42,201 [1] INFO System.Windows.Forms.Form - Clean Filename:K:\Magazine\PC Gamer\PC Gamer USA\Sanet.st.PC_Gamer_(US_Edition)_-_June_2026.pdf
2026-08-16 17:26:42,218 [1] INFO System.Windows.Forms.Form - Clean Filename:K:\Magazine\PC Gamer\PC Gamer USA\Sanet.st.PC_Gamer_(US_Edition)_-_May_2026.pdf
2026-08-16 17:26:42,234 [1] INFO System.Windows.Forms.Form - Clean Filename:K:\Magazine\PC Gamer\PC Gamer USA\Sanet.st.PC_Gamer_(US_Edition)_-_October_2026.pdf
2026-08-16 17:26:42,253 [1] INFO System.Windows.Forms.Form - Clean Filename:K:\Magazine\PC Gamer\PC Gamer USA\Sanet.st.PC_Gamer_(US_Edition)_-_September_2026.pdf
2026-08-16 17:26:55,284 [1] INFO System.Windows.Forms.Form - OnDragEnter Form
2026-08-16 17:26:55,420 [1] INFO System.Windows.Forms.Form - OnDragEnter Panel2
2026-08-16 17:26:55,493 [1] INFO System.Windows.Forms.Form - OnDragEnter Form
2026-08-16 17:26:55,525 [1] INFO System.Windows.Forms.Form - OnDragEnter Panel1
2026-08-16 17:26:57,218 [1] INFO System.Windows.Forms.Form - Clean Filename:K:\Magazine\PC Gamer\PC Gamer USA\PC Gamer (US Edition) - August 2026.pdf
2026-08-16 17:26:57,236 [1] INFO System.Windows.Forms.Form - Clean Filename:K:\Magazine\PC Gamer\PC Gamer USA\PC Gamer (US Edition) - July 2026.pdf
2026-08-16 17:26:57,250 [1] INFO System.Windows.Forms.Form - Clean Filename:K:\Magazine\PC Gamer\PC Gamer USA\PC Gamer (US Edition) - June 2026.pdf
2026-08-16 17:26:57,267 [1] INFO System.Windows.Forms.Form - Clean Filename:K:\Magazine\PC Gamer\PC Gamer USA\PC Gamer (US Edition) - May 2026.pdf
2026-08-16 17:26:57,281 [1] INFO System.Windows.Forms.Form - Clean Filename:K:\Magazine\PC Gamer\PC Gamer USA\PC Gamer (US Edition) - October 2026.pdf
2026-08-16 17:26:57,294 [1] INFO System.Windows.Forms.Form - Clean Filename:K:\Magazine\PC Gamer\PC Gamer USA\PC Gamer (US Edition) - September 2026.pdf
2026-08-16 17:27:07,020 [1] INFO System.Windows.Forms.Form - OnDragEnter Form
2026-08-16 17:27:07,118 [1] INFO System.Windows.Forms.Form - OnDragEnter Panel3
2026-08-16 17:27:07,165 [1] INFO System.Windows.Forms.Form - OnDragEnter Form
2026-08-16 17:27:07,212 [1] INFO System.Windows.Forms.Form - OnDragEnter Panel2
2026-08-16 17:36:27,661 [1] INFO System.Windows.Forms.Form - OnDragEnter Form
2026-08-16 17:36:27,809 [1] INFO System.Windows.Forms.Form - OnDragEnter Panel1
2026-08-16 17:36:29,320 [1] INFO System.Windows.Forms.Form - Clean Filename:E:\Downloads\sanet.st.PC_Gamer_(US_Edition)_-_April_2026\sanet.st.PC_Gamer_(US_Edition)_-_April_2026.pdf
2026-08-16 17:36:32,345 [1] INFO System.Windows.Forms.Form - OnDragEnter Form
2026-08-16 17:36:32,433 [1] INFO System.Windows.Forms.Form - OnDragEnter Panel2
2026-08-16 17:38:23,101 [1] INFO System.Windows.Forms.Form - OnDragEnter Form
2026-08-16 17:38:23,242 [1] INFO System.Windows.Forms.Form - OnDragEnter Panel2
2026-08-16 17:38:23,300 [1] INFO System.Windows.Forms.Form - OnDragEnter Form
2026-08-16 17:38:23,354 [1] INFO System.Windows.Forms.Form - OnDragEnter Panel1
2026-08-16 17:38:25,162 [1] INFO System.Windows.Forms.Form - Clean Filename:K:\Magazine\PC Gamer\PC Gamer USA\Sanet.st.PC_Gamer_(US_Edition)_-_February_2026,_2025.pdf
2026-08-16 17:38:25,199 [1] INFO System.Windows.Forms.Form - Clean Filename:K:\Magazine\PC Gamer\PC Gamer USA\Sanet.st.PC_Gamer_(US_Edition)_-_January_2026,_2025.pdf
2026-08-16 17:38:25,216 [1] INFO System.Windows.Forms.Form - Clean Filename:K:\Magazine\PC Gamer\PC Gamer USA\Sanet.st.PC_Gamer_(US_Edition)_-_March_2026.pdf
2026-08-16 17:38:31,098 [1] INFO System.Windows.Forms.Form - OnDragEnter Form
2026-08-16 17:38:31,130 [1] INFO System.Windows.Forms.Form - OnDragEnter Panel3
2026-08-16 17:38:31,186 [1] INFO System.Windows.Forms.Form - OnDragEnter Form
2026-08-16 17:38:31,234 [1] INFO System.Windows.Forms.Form - OnDragEnter Panel2
2026-08-16 17:45:40,571 [1] INFO System.Windows.Forms.Form - OnDragEnter Form
2026-08-16 17:45:40,582 [1] INFO System.Windows.Forms.Form - OnDragEnter Panel1
2026-08-16 17:45:42,276 [1] INFO System.Windows.Forms.Form - Clean Filename:E:\Downloads\Sanet.st.PC_Gamer_-_January_2026,_2025\Sanet.st.PC_Gamer_-_January_2026,_2025.pdf
2026-08-16 17:45:45,864 [1] INFO System.Windows.Forms.Form - OnDragEnter Form
2026-08-16 17:45:45,928 [1] INFO System.Windows.Forms.Form - OnDragEnter Panel2
2026-08-16 17:45:46,887 [1] INFO System.Windows.Forms.Form - OnDragEnter Form
2026-08-16 17:45:47,318 [1] INFO System.Windows.Forms.Form - OnDragEnter Form
2026-08-16 17:45:47,417 [1] INFO System.Windows.Forms.Form - OnDragEnter Panel2
2026-08-16 17:46:23,798 [1] INFO System.Windows.Forms.Form - OnDragEnter Form
2026-08-16 17:46:24,064 [1] INFO System.Windows.Forms.Form - OnDragEnter Panel1
2026-08-16 17:46:25,635 [1] INFO System.Windows.Forms.Form - Clean Filename:E:\Downloads\sanet.st.PC_Gamer_-_April_2026\sanet.st.PC_Gamer_-_April_2026.pdf
2026-08-16 17:46:29,350 [1] INFO System.Windows.Forms.Form - OnDragEnter Form
2026-08-16 17:46:29,407 [1] INFO System.Windows.Forms.Form - OnDragEnter Panel2
2026-08-16 17:47:04,967 [1] INFO System.Windows.Forms.Form - OnDragEnter Form
2026-08-16 17:47:05,103 [1] INFO System.Windows.Forms.Form - OnDragEnter Panel1
2026-08-16 17:47:07,219 [1] INFO System.Windows.Forms.Form - Clean Filename:E:\Downloads\sanet.st-PC_Gamer_(UK)_-_Issue_419_March_2026\sanet.st-PC_Gamer_(UK)_-_Issue_419_March_2026.pdf
2026-08-16 17:47:11,285 [1] INFO System.Windows.Forms.Form - OnDragEnter Form
2026-08-16 17:47:11,406 [1] INFO System.Windows.Forms.Form - OnDragEnter Panel2
2026-08-16 17:50:07,618 [1] INFO System.Windows.Forms.Form - OnDragEnter Form
2026-08-16 17:50:07,641 [1] INFO System.Windows.Forms.Form - OnDragEnter Panel1
2026-08-16 17:50:09,245 [1] INFO System.Windows.Forms.Form - Clean Filename:E:\Downloads\sanet.st.PC_Gamer_-_February_2026\sanet.st.PC_Gamer_-_February_2026.pdf
2026-08-16 17:50:19,921 [1] INFO System.Windows.Forms.Form - OnDragEnter Form
2026-08-16 17:50:20,107 [1] INFO System.Windows.Forms.Form - OnDragEnter Panel1
2026-08-16 17:50:20,121 [1] INFO System.Windows.Forms.Form - OnDragEnter Form
2026-08-16 17:50:20,194 [1] INFO System.Windows.Forms.Form - OnDragEnter Panel2
2026-08-16 17:53:27,983 [1] INFO System.Windows.Forms.Form - OnDragEnter Form
2026-08-16 17:53:28,011 [1] INFO System.Windows.Forms.Form - OnDragEnter Panel2
2026-08-16 18:07:01,441 [1] INFO System.Windows.Forms.Form - OnDragEnter Form
2026-08-16 18:07:01,515 [1] INFO System.Windows.Forms.Form - OnDragEnter Panel3
2026-08-16 18:07:01,537 [1] INFO System.Windows.Forms.Form - OnDragEnter Form
2026-08-16 18:07:01,563 [1] INFO System.Windows.Forms.Form - OnDragEnter Panel2
2026-08-17 09:54:06,225 [1] INFO System.Windows.Forms.Form - OnDragEnter Form
2026-08-17 09:54:06,320 [1] INFO System.Windows.Forms.Form - OnDragEnter Panel1
2026-08-17 09:54:08,038 [1] INFO System.Windows.Forms.Form - Clean Filename:E:\Downloads\Sanet.st.MacLife_-_September_2026\Sanet.st.MacLife_-_September_2026.pdf
2026-08-17 09:54:16,526 [1] INFO System.Windows.Forms.Form - OnDragEnter Panel2
2026-08-17 11:13:56,664 [1] INFO System.Windows.Forms.Form - OnDragEnter Form
2026-08-17 11:13:56,723 [1] INFO System.Windows.Forms.Form - OnDragEnter Panel1
2026-08-17 11:13:58,300 [1] INFO System.Windows.Forms.Form - Clean Filename:E:\Downloads\4fc02e29dce1fbed20043156479444c2
2026-08-17 13:16:05,487 [1] INFO System.Windows.Forms.Form - OnDragEnter Form
2026-08-17 13:16:05,591 [1] INFO System.Windows.Forms.Form - OnDragEnter Panel1
2026-08-17 13:16:07,247 [1] INFO System.Windows.Forms.Form - Clean Filename:E:\Downloads\TabooHeat.26.07Eviee.in.Free.Use.Orgy.1080p.sanet
2026-08-17 13:16:07,304 [1] INFO System.Windows.Forms.Form - Clean Filename:E:\Downloads\LifeSelector.26.04.30.Barbie.Angel.Morning.After.With.Barbie.Angel.1080p.sanet
2026-08-17 13:16:07,333 [1] INFO System.Windows.Forms.Form - Clean Filename:E:\Downloads\TabooHeat.26.03.09.CoryEviee.1080p.sanet
2026-08-17 13:16:07,361 [1] INFO System.Windows.Forms.Form - Clean Filename:E:\Downloads\ILovePOV.26.08.15.Barbie.Angel.1080p.sanet
2026-08-17 13:16:07,389 [1] INFO System.Windows.Forms.Form - Clean Filename:E:\Downloads\MrLuckyPOV.26.05.08.Mia.Maxwell.1080p.sanet
2026-08-17 13:16:07,417 [1] INFO System.Windows.Forms.Form - Clean Filename:E:\Downloads\MrLuckyRAW.26.06.17.Scarlett.Alexis.And.Mia.Maxwell.1080p.sanet
2026-08-17 13:16:07,447 [1] INFO System.Windows.Forms.Form - Clean Filename:E:\Downloads\EvolvedFightsLez.26.08.12.Luna.Lovely.Vs.Nikki.Zee.The.Rematch.1080p.sanet
2026-08-17 13:16:07,474 [1] INFO System.Windows.Forms.Form - Clean Filename:E:\Downloads\EvolvedFights.26.08.14.Kitty.Chow.Vs.James.Bang.1080p.sanet
2026-08-17 13:16:07,504 [1] INFO System.Windows.Forms.Form - Clean Filename:E:\Downloads\GlowingDesire.26.08.14.Scarlett.Alexis.1080p.sanet
2026-08-17 13:19:18,375 [1] INFO System.Windows.Forms.Form - OnDragEnter Panel1
2026-08-17 13:19:19,983 [1] INFO System.Windows.Forms.Form - Clean Filename:E:\Downloads\Sanet.ST_Mastering_Visual_Studio_Code_2026
2026-08-17 13:20:12,314 [1] INFO System.Windows.Forms.Form - OnDragEnter Form
2026-08-17 13:20:12,498 [1] INFO System.Windows.Forms.Form - OnDragEnter Panel4
2026-08-17 13:20:14,019 [1] INFO System.Windows.Forms.Form - Folder to renumering files:E:\Downloads\Sanet.ST Mastering Visual Studio Code 2026\Mastering Visual Studio Code 2026
2026-08-17 17:02:18,795 [1] INFO System.Windows.Forms.Form - OnDragEnter Form
2026-08-17 17:02:18,802 [1] INFO System.Windows.Forms.Form - OnDragEnter Panel1
2026-08-17 17:02:20,375 [1] INFO System.Windows.Forms.Form - Clean Filename:E:\Downloads\SANET.ST-25_Porn_Star_Legends_1_1970_1980s
2026-08-17 18:32:02,235 [1] INFO System.Windows.Forms.Form - OnDragEnter Panel1
2026-08-17 18:32:03,739 [1] INFO System.Windows.Forms.Form - Clean Filename:E:\Downloads\SANET.ST-Blondes_Addicted_2026
2026-08-17 18:32:36,357 [1] INFO System.Windows.Forms.Form - OnDragEnter Form
2026-08-17 18:32:36,511 [1] INFO System.Windows.Forms.Form - OnDragEnter Panel1
2026-08-17 18:32:38,037 [1] INFO System.Windows.Forms.Form - Clean Filename:E:\Downloads\TabooHeat 26 07 30 Cory Chase And Harley Love 1080p sanet
2026-08-18 12:51:11,231 [1] INFO System.Windows.Forms.Form - OnDragEnter Form
2026-08-18 12:51:11,269 [1] INFO System.Windows.Forms.Form - OnDragEnter Panel3
2026-08-18 12:51:11,352 [1] INFO System.Windows.Forms.Form - OnDragEnter Panel2
2026-08-18 12:51:11,421 [1] INFO System.Windows.Forms.Form - OnDragEnter Form
2026-08-18 12:51:11,478 [1] INFO System.Windows.Forms.Form - OnDragEnter Panel1
2026-08-18 12:51:13,142 [1] INFO System.Windows.Forms.Form - Clean Filename:K:\Magazine\SFX Magazine\SFX - Issue 407, August 2026.pdf
2026-08-18 12:51:18,115 [1] INFO System.Windows.Forms.Form - OnDragEnter Form
2026-08-18 12:51:18,150 [1] INFO System.Windows.Forms.Form - OnDragEnter Panel2
2026-08-18 15:17:37,136 [1] INFO System.Windows.Forms.Form - OnDragEnter Form
2026-08-18 15:17:37,159 [1] INFO System.Windows.Forms.Form - OnDragEnter Panel2
2026-08-18 15:17:37,693 [1] INFO System.Windows.Forms.Form - OnDragEnter Form
2026-08-18 15:17:37,743 [1] INFO System.Windows.Forms.Form - OnDragEnter Panel1
2026-08-18 15:17:39,330 [1] INFO System.Windows.Forms.Form - Clean Filename:K:\Magazine\SFX Magazine\Sanet.st.SFX_-_February_2026.pdf
2026-08-18 15:17:39,372 [1] INFO System.Windows.Forms.Form - Clean Filename:K:\Magazine\SFX Magazine\sanet.st.SFX_-_Issue_403,_April_2026.pdf
2026-08-18 15:17:39,387 [1] INFO System.Windows.Forms.Form - Clean Filename:K:\Magazine\SFX Magazine\sanet.st.SFX_-_Issue_404,_May_2026.pdf
2026-08-18 15:17:39,402 [1] INFO System.Windows.Forms.Form - Clean Filename:K:\Magazine\SFX Magazine\sanet.st.SFX_-_Issue_405,_June_2026.pdf
2026-08-18 15:17:39,416 [1] INFO System.Windows.Forms.Form - Clean Filename:K:\Magazine\SFX Magazine\sanet.st.SFX_-_January_2026.pdf
2026-08-18 15:17:39,438 [1] INFO System.Windows.Forms.Form - Clean Filename:K:\Magazine\SFX Magazine\Sanet.st.SFX_-_July_2026.pdf
2026-08-18 15:17:39,465 [1] INFO System.Windows.Forms.Form - Clean Filename:K:\Magazine\SFX Magazine\sanet.st.SFX_-_March_2026.pdf
2026-08-18 15:17:39,506 [1] INFO System.Windows.Forms.Form - Clean Filename:K:\Magazine\SFX Magazine\Sanet.st.SFX_-_September_2026.pdf
2026-08-18 15:17:39,525 [1] INFO System.Windows.Forms.Form - Clean Filename:K:\Magazine\SFX Magazine\SFX - Issue 407, 2026-08.pdf
2026-08-18 15:17:47,789 [1] INFO System.Windows.Forms.Form - OnDragEnter Form
2026-08-18 15:17:47,910 [1] INFO System.Windows.Forms.Form - OnDragEnter Panel2
2026-08-18 15:24:46,549 [1] INFO System.Windows.Forms.Form - OnDragEnter Panel3
2026-08-18 15:24:46,586 [1] INFO System.Windows.Forms.Form - OnDragEnter Form
2026-08-18 15:24:46,625 [1] INFO System.Windows.Forms.Form - OnDragEnter Panel2
2026-08-18 15:33:02,089 [1] INFO System.Windows.Forms.Form - OnDragEnter Panel2
2026-08-18 15:35:08,535 [1] INFO System.Windows.Forms.Form - OnDragEnter Panel3
2026-08-18 15:35:08,826 [1] INFO System.Windows.Forms.Form - OnDragEnter Form
2026-08-18 15:35:08,882 [1] INFO System.Windows.Forms.Form - OnDragEnter Panel4
2026-08-18 15:35:10,599 [1] INFO System.Windows.Forms.Form - Folder to renumering files:E:\Downloads\sanet.st_Container_Security_Essentials_Docker_&_Cloud_Security\Container Security Essentials Docker & Cloud Security
2026-08-18 18:35:06,497 [1] INFO System.Windows.Forms.Form - OnDragEnter Form
2026-08-18 18:35:06,548 [1] INFO System.Windows.Forms.Form - OnDragEnter CRC
2026-08-18 18:35:06,643 [1] INFO System.Windows.Forms.Form - OnDragEnter Form
2026-08-18 18:35:06,667 [1] INFO System.Windows.Forms.Form - OnDragEnter Panel4
2026-08-18 18:35:08,134 [1] INFO System.Windows.Forms.Form - Folder to renumering files:K:\Tutorials\Docker & Containers\Container Security Essentials Docker & Cloud Security\02 - Container Fundamentals and Architecture
2026-08-19 10:59:29,374 [1] INFO System.Windows.Forms.Form - OnDragEnter Form
2026-08-19 10:59:29,527 [1] INFO System.Windows.Forms.Form - OnDragEnter Panel1
2026-08-19 10:59:31,118 [1] INFO System.Windows.Forms.Form - Clean Filename:E:\Downloads\Disclosure.Day.2026.1080p.WEBRip.5.1-LAMA_..SANET
2026-08-19 11:00:08,744 [1] INFO System.Windows.Forms.Form - OnDragEnter Form
2026-08-19 11:00:09,168 [1] INFO System.Windows.Forms.Form - OnDragEnter Panel1
2026-08-19 11:00:10,704 [1] INFO System.Windows.Forms.Form - Clean Filename:E:\Downloads\Sanet.st.Tech_AI_Magazine_-_August_2026
2026-08-19 11:00:34,117 [1] INFO System.Windows.Forms.Form - OnDragEnter Form
2026-08-19 11:00:34,376 [1] INFO System.Windows.Forms.Form - OnDragEnter Panel1
2026-08-19 11:00:35,850 [1] INFO System.Windows.Forms.Form - Clean Filename:E:\Downloads\Tech AI Magazine - August 2026\Tech AI Magazine - August 2026.pdf
2026-08-19 11:00:40,527 [1] INFO System.Windows.Forms.Form - OnDragEnter Form
2026-08-19 11:00:40,808 [1] INFO System.Windows.Forms.Form - OnDragEnter Panel2
2026-08-19 12:19:35,289 [1] INFO System.Windows.Forms.Form - OnDragEnter Form
2026-08-19 12:19:35,410 [1] INFO System.Windows.Forms.Form - OnDragEnter Panel3
2026-08-19 12:19:35,466 [1] INFO System.Windows.Forms.Form - OnDragEnter Form
2026-08-19 12:19:35,522 [1] INFO System.Windows.Forms.Form - OnDragEnter Panel2
2026-08-19 12:19:35,763 [1] INFO System.Windows.Forms.Form - OnDragEnter Form
2026-08-19 12:19:35,818 [1] INFO System.Windows.Forms.Form - OnDragEnter Panel1
2026-08-19 12:19:37,305 [1] INFO System.Windows.Forms.Form - Clean Filename:K:\Magazine\Tech AI Magazine\sanet.st.Tech_AI_Magazine_-_February_2026.pdf
2026-08-19 12:19:37,347 [1] INFO System.Windows.Forms.Form - Clean Filename:K:\Magazine\Tech AI Magazine\sanet.st.Tech_AI_Magazine_-_January_2026.pdf
2026-08-19 12:19:37,361 [1] INFO System.Windows.Forms.Form - Clean Filename:K:\Magazine\Tech AI Magazine\Sanet.st.Tech_AI_Magazine_-_July_2026.pdf
2026-08-19 12:19:37,376 [1] INFO System.Windows.Forms.Form - Clean Filename:K:\Magazine\Tech AI Magazine\Sanet.st.Tech_AI_Magazine_-_June_2026.pdf
2026-08-19 12:19:37,391 [1] INFO System.Windows.Forms.Form - Clean Filename:K:\Magazine\Tech AI Magazine\sanet.st.Tech_AI_Magazine_-_March_2026.pdf
2026-08-19 12:19:43,114 [1] INFO System.Windows.Forms.Form - OnDragEnter Form
2026-08-19 12:19:43,163 [1] INFO System.Windows.Forms.Form - OnDragEnter Panel3
2026-08-19 12:19:43,241 [1] INFO System.Windows.Forms.Form - OnDragEnter Form
2026-08-19 12:19:43,323 [1] INFO System.Windows.Forms.Form - OnDragEnter Panel2
2026-08-19 12:29:07,855 [1] INFO System.Windows.Forms.Form - OnDragEnter Form
2026-08-19 12:29:07,984 [1] INFO System.Windows.Forms.Form - OnDragEnter Panel1
2026-08-19 12:29:09,480 [1] INFO System.Windows.Forms.Form - Clean Filename:E:\Downloads\Ready.Player.One.2018.3D.MULTi.1080p.BluRay.x264-3DMax.SANET
2026-08-20 10:01:51,559 [1] INFO System.Windows.Forms.Form - OnDragEnter Panel1
2026-08-20 10:01:53,036 [1] INFO System.Windows.Forms.Form - Clean Filename:E:\Downloads\Sanet.st.Men.in.Black.II.2002.2160p.PCOK.WEB-DL.DDP.5.1.H.265-PiRaTeS
2026-08-20 10:01:53,194 [1] INFO System.Windows.Forms.Form - Clean Filename:E:\Downloads\Sanet.st.Men.in.Black.1997.2160p.PCOK.WEB-DL.DDP.5.1.H.265-PiRaTeS
2026-08-20 15:22:04,288 [1] INFO System.Windows.Forms.Form - OnDragEnter Form
2026-08-20 15:22:04,406 [1] INFO System.Windows.Forms.Form - OnDragEnter CRC
2026-08-20 15:22:04,533 [1] INFO System.Windows.Forms.Form - OnDragEnter Form
2026-08-20 15:22:04,575 [1] INFO System.Windows.Forms.Form - OnDragEnter Panel4
2026-08-20 15:22:04,869 [1] INFO System.Windows.Forms.Form - OnDragEnter Form
2026-08-20 15:22:04,901 [1] INFO System.Windows.Forms.Form - OnDragEnter CRC
2026-08-20 15:22:06,425 [1] INFO System.Windows.Forms.Form - Folder to clean:N:\3D Figures\Anime\Gretel – Goddess of Victory Nikke – 3D Print Model STL
2026-08-20 15:22:06,617 [1] INFO System.Windows.Forms.Form - File to Erase:N:\3D Figures\Anime\Gretel – Goddess of Victory Nikke – 3D Print Model STL\3D Models.txt
2026-08-20 15:24:20,735 [1] INFO System.Windows.Forms.Form - OnDragEnter Form
2026-08-20 15:24:20,789 [1] INFO System.Windows.Forms.Form - OnDragEnter CRC
2026-08-20 15:24:22,344 [1] INFO System.Windows.Forms.Form - Folder to clean:N:\3D Figures\Anime\Hiei from Yuyuhakusho - 3D Print Model\modelo1
2026-08-20 15:53:41,881 [1] INFO System.Windows.Forms.Form - OnDragEnter Form
2026-08-20 15:53:41,899 [1] INFO System.Windows.Forms.Form - OnDragEnter CRC
2026-08-20 15:53:43,612 [1] INFO System.Windows.Forms.Form - Folder to clean:N:\3D Figures\Anime\Hiei from Yuyuhakusho - 3D Print Model\Pack
2026-08-20 15:53:43,758 [1] INFO System.Windows.Forms.Form - File to Erase:N:\3D Figures\Anime\Hiei from Yuyuhakusho - 3D Print Model\Pack\+NSFW.txt
2026-08-20 15:53:50,967 [1] INFO System.Windows.Forms.Form - File to Erase:N:\3D Figures\Anime\Hiei from Yuyuhakusho - 3D Print Model\Pack\+NSFW.url
2026-08-20 15:53:51,082 [1] INFO System.Windows.Forms.Form - File to Erase:N:\3D Figures\Anime\Hiei from Yuyuhakusho - 3D Print Model\Pack\Miniatures.txt
2026-08-20 15:53:51,186 [1] INFO System.Windows.Forms.Form - File to Erase:N:\3D Figures\Anime\Hiei from Yuyuhakusho - 3D Print Model\Pack\Print.STL
2026-08-20 15:53:51,289 [1] INFO System.Windows.Forms.Form - File to Erase:N:\3D Figures\Anime\Hiei from Yuyuhakusho - 3D Print Model\Pack\Star Wars.txt
2026-08-20 15:53:51,393 [1] INFO System.Windows.Forms.Form - File to Erase:N:\3D Figures\Anime\Hiei from Yuyuhakusho - 3D Print Model\Pack\Star Wars.url
2026-08-20 15:53:51,495 [1] INFO System.Windows.Forms.Form - File to Erase:N:\3D Figures\Anime\Hiei from Yuyuhakusho - 3D Print Model\Pack\STL 3D Print.url
2026-08-20 15:53:51,597 [1] INFO System.Windows.Forms.Form - File to Erase:N:\3D Figures\Anime\Hiei from Yuyuhakusho - 3D Print Model\Pack\STL Anime.txt
2026-08-20 15:53:51,699 [1] INFO System.Windows.Forms.Form - File to Erase:N:\3D Figures\Anime\Hiei from Yuyuhakusho - 3D Print Model\Pack\STL Comics.txt
2026-08-20 15:53:51,899 [1] INFO System.Windows.Forms.Form - File to Erase:N:\3D Figures\Anime\Hiei from Yuyuhakusho - 3D Print Model\Pack\STL Free.stl
2026-08-20 15:53:52,006 [1] INFO System.Windows.Forms.Form - File to Erase:N:\3D Figures\Anime\Hiei from Yuyuhakusho - 3D Print Model\Pack\STL Game.txt
2026-08-20 15:53:52,109 [1] INFO System.Windows.Forms.Form - File to Erase:N:\3D Figures\Anime\Hiei from Yuyuhakusho - 3D Print Model\Pack\STL Me.url
2026-08-20 15:53:52,370 [1] INFO System.Windows.Forms.Form - File to Erase:N:\3D Figures\Anime\Hiei from Yuyuhakusho - 3D Print Model\Pack\SW.stl
2026-08-20 15:53:52,478 [1] INFO System.Windows.Forms.Form - File to Erase:N:\3D Figures\Anime\Hiei from Yuyuhakusho - 3D Print Model\Pack\SW.txt
2026-08-20 15:53:52,581 [1] INFO System.Windows.Forms.Form - File to Erase:N:\3D Figures\Anime\Hiei from Yuyuhakusho - 3D Print Model\Pack\Vehicle 3D Model.url
2026-08-20 15:53:52,683 [1] INFO System.Windows.Forms.Form - File to Erase:N:\3D Figures\Anime\Hiei from Yuyuhakusho - 3D Print Model\Pack\Vehicles3D.txt
2026-08-20 15:53:52,786 [1] INFO System.Windows.Forms.Form - File to Erase:N:\3D Figures\Anime\Hiei from Yuyuhakusho - 3D Print Model\Pack\Warhammer - WarGame STL 3D Print.txt
2026-08-20 15:53:52,888 [1] INFO System.Windows.Forms.Form - File to Erase:N:\3D Figures\Anime\Hiei from Yuyuhakusho - 3D Print Model\Pack\Warhammer - WarGame.url
2026-08-20 15:53:53,010 [1] INFO System.Windows.Forms.Form - File to Erase:N:\3D Figures\Anime\Hiei from Yuyuhakusho - 3D Print Model\Pack\WH-WG.txt
2026-08-20 15:53:53,295 [1] INFO System.Windows.Forms.Form - File to Erase:N:\3D Figures\Anime\Hiei from Yuyuhakusho - 3D Print Model\Pack\WH40k.stl
2026-08-20 15:53:53,410 [1] INFO System.Windows.Forms.Form - File to Erase:N:\3D Figures\Anime\Hiei from Yuyuhakusho - 3D Print Model\Pack\STL Boost\Miniatures.stl
2026-08-20 15:53:53,517 [1] INFO System.Windows.Forms.Form - File to Erase:N:\3D Figures\Anime\Hiei from Yuyuhakusho - 3D Print Model\Pack\STL Boost\pack.stl
2026-08-20 15:53:53,623 [1] INFO System.Windows.Forms.Form - File to Erase:N:\3D Figures\Anime\Hiei from Yuyuhakusho - 3D Print Model\Pack\STL Boost\Pad.STL
2026-08-20 15:53:53,733 [1] INFO System.Windows.Forms.Form - File to Erase:N:\3D Figures\Anime\Hiei from Yuyuhakusho - 3D Print Model\Pack\STL Boost\STL Boost.jpg
2026-08-20 15:53:53,835 [1] INFO System.Windows.Forms.Form - File to Erase:N:\3D Figures\Anime\Hiei from Yuyuhakusho - 3D Print Model\Pack\STL Boost\STL Boost.txt
2026-08-20 15:53:54,035 [1] INFO System.Windows.Forms.Form - File to Erase:N:\3D Figures\Anime\Hiei from Yuyuhakusho - 3D Print Model\Pack\STL Boost\STL Free.stl
2026-08-20 15:53:54,141 [1] INFO System.Windows.Forms.Form - File to Erase:N:\3D Figures\Anime\Hiei from Yuyuhakusho - 3D Print Model\Pack\STL Boost\STL Me.url
2026-08-20 15:53:54,438 [1] INFO System.Windows.Forms.Form - File to Erase:N:\3D Figures\Anime\Hiei from Yuyuhakusho - 3D Print Model\Pack\STL Boost\Telegram Channel Free Models.stl
2026-08-20 16:56:16,483 [1] INFO System.Windows.Forms.Form - OnDragEnter Form
2026-08-20 16:56:16,591 [1] INFO System.Windows.Forms.Form - OnDragEnter CRC
2026-08-20 16:56:18,115 [1] INFO System.Windows.Forms.Form - Folder to clean:N:\3D Figures\Anime\Lucas Perez Studio - Master Roshi Normal and Muscle\STL PACK
2026-08-20 16:56:18,250 [1] INFO System.Windows.Forms.Form - File to Erase:N:\3D Figures\Anime\Lucas Perez Studio - Master Roshi Normal and Muscle\STL PACK\+NSFW.txt
2026-08-20 16:56:18,355 [1] INFO System.Windows.Forms.Form - File to Erase:N:\3D Figures\Anime\Lucas Perez Studio - Master Roshi Normal and Muscle\STL PACK\+NSFW.url
2026-08-20 16:56:18,461 [1] INFO System.Windows.Forms.Form - File to Erase:N:\3D Figures\Anime\Lucas Perez Studio - Master Roshi Normal and Muscle\STL PACK\3D Print Models STL.url
2026-08-20 16:56:18,567 [1] INFO System.Windows.Forms.Form - File to Erase:N:\3D Figures\Anime\Lucas Perez Studio - Master Roshi Normal and Muscle\STL PACK\3D Print Today.txt
2026-08-20 16:56:18,673 [1] INFO System.Windows.Forms.Form - File to Erase:N:\3D Figures\Anime\Lucas Perez Studio - Master Roshi Normal and Muscle\STL PACK\Base.stl
2026-08-20 16:56:18,780 [1] INFO System.Windows.Forms.Form - File to Erase:N:\3D Figures\Anime\Lucas Perez Studio - Master Roshi Normal and Muscle\STL PACK\Board.stl
2026-08-20 16:56:18,887 [1] INFO System.Windows.Forms.Form - File to Erase:N:\3D Figures\Anime\Lucas Perez Studio - Master Roshi Normal and Muscle\STL PACK\Miniatures STL.url
2026-08-20 16:56:18,995 [1] INFO System.Windows.Forms.Form - File to Erase:N:\3D Figures\Anime\Lucas Perez Studio - Master Roshi Normal and Muscle\STL PACK\Miniatures.STL
2026-08-20 16:56:19,102 [1] INFO System.Windows.Forms.Form - File to Erase:N:\3D Figures\Anime\Lucas Perez Studio - Master Roshi Normal and Muscle\STL PACK\Miniatures.txt
2026-08-20 16:56:19,219 [1] INFO System.Windows.Forms.Form - File to Erase:N:\3D Figures\Anime\Lucas Perez Studio - Master Roshi Normal and Muscle\STL PACK\Pad.STL
2026-08-20 16:56:19,325 [1] INFO System.Windows.Forms.Form - File to Erase:N:\3D Figures\Anime\Lucas Perez Studio - Master Roshi Normal and Muscle\STL PACK\Print.STL
2026-08-20 16:56:19,431 [1] INFO System.Windows.Forms.Form - File to Erase:N:\3D Figures\Anime\Lucas Perez Studio - Master Roshi Normal and Muscle\STL PACK\PrintMe.txt
2026-08-20 16:56:19,537 [1] INFO System.Windows.Forms.Form - File to Erase:N:\3D Figures\Anime\Lucas Perez Studio - Master Roshi Normal and Muscle\STL PACK\Star Wars.txt
2026-08-20 16:56:19,641 [1] INFO System.Windows.Forms.Form - File to Erase:N:\3D Figures\Anime\Lucas Perez Studio - Master Roshi Normal and Muscle\STL PACK\Star Wars.url
2026-08-20 16:56:19,745 [1] INFO System.Windows.Forms.Form - File to Erase:N:\3D Figures\Anime\Lucas Perez Studio - Master Roshi Normal and Muscle\STL PACK\STL 3D Print.txt
2026-08-20 16:56:19,852 [1] INFO System.Windows.Forms.Form - File to Erase:N:\3D Figures\Anime\Lucas Perez Studio - Master Roshi Normal and Muscle\STL PACK\STL 3D Print.url
2026-08-20 16:56:19,957 [1] INFO System.Windows.Forms.Form - File to Erase:N:\3D Figures\Anime\Lucas Perez Studio - Master Roshi Normal and Muscle\STL PACK\STL Anime.txt
2026-08-20 16:56:20,061 [1] INFO System.Windows.Forms.Form - File to Erase:N:\3D Figures\Anime\Lucas Perez Studio - Master Roshi Normal and Muscle\STL PACK\STL Comics.txt
2026-08-20 16:56:20,229 [1] INFO System.Windows.Forms.Form - File to Erase:N:\3D Figures\Anime\Lucas Perez Studio - Master Roshi Normal and Muscle\STL PACK\STL Free.stl
2026-08-20 16:56:20,338 [1] INFO System.Windows.Forms.Form - File to Erase:N:\3D Figures\Anime\Lucas Perez Studio - Master Roshi Normal and Muscle\STL PACK\STL Game.txt
2026-08-20 16:56:20,444 [1] INFO System.Windows.Forms.Form - File to Erase:N:\3D Figures\Anime\Lucas Perez Studio - Master Roshi Normal and Muscle\STL PACK\STL Me.url
2026-08-20 16:56:20,640 [1] INFO System.Windows.Forms.Form - File to Erase:N:\3D Figures\Anime\Lucas Perez Studio - Master Roshi Normal and Muscle\STL PACK\SW.stl
2026-08-20 16:56:20,749 [1] INFO System.Windows.Forms.Form - File to Erase:N:\3D Figures\Anime\Lucas Perez Studio - Master Roshi Normal and Muscle\STL PACK\SW.txt
2026-08-20 16:56:20,856 [1] INFO System.Windows.Forms.Form - File to Erase:N:\3D Figures\Anime\Lucas Perez Studio - Master Roshi Normal and Muscle\STL PACK\Torso.STL
2026-08-20 16:56:20,962 [1] INFO System.Windows.Forms.Form - File to Erase:N:\3D Figures\Anime\Lucas Perez Studio - Master Roshi Normal and Muscle\STL PACK\Vehicle 3D Model.url
2026-08-20 16:56:21,068 [1] INFO System.Windows.Forms.Form - File to Erase:N:\3D Figures\Anime\Lucas Perez Studio - Master Roshi Normal and Muscle\STL PACK\Vehicles3D.txt
2026-08-20 16:56:21,172 [1] INFO System.Windows.Forms.Form - File to Erase:N:\3D Figures\Anime\Lucas Perez Studio - Master Roshi Normal and Muscle\STL PACK\Warhammer - WarGame STL 3D Print.txt
2026-08-20 16:56:21,278 [1] INFO System.Windows.Forms.Form - File to Erase:N:\3D Figures\Anime\Lucas Perez Studio - Master Roshi Normal and Muscle\STL PACK\Warhammer - WarGame.url
2026-08-20 16:56:21,385 [1] INFO System.Windows.Forms.Form - File to Erase:N:\3D Figures\Anime\Lucas Perez Studio - Master Roshi Normal and Muscle\STL PACK\WH-WG.txt
2026-08-20 16:56:21,596 [1] INFO System.Windows.Forms.Form - File to Erase:N:\3D Figures\Anime\Lucas Perez Studio - Master Roshi Normal and Muscle\STL PACK\WH40k.stl
2026-08-20 16:56:21,709 [1] INFO System.Windows.Forms.Form - File to Erase:N:\3D Figures\Anime\Lucas Perez Studio - Master Roshi Normal and Muscle\STL PACK\Pack\+NSFW.txt
2026-08-20 16:56:21,813 [1] INFO System.Windows.Forms.Form - File to Erase:N:\3D Figures\Anime\Lucas Perez Studio - Master Roshi Normal and Muscle\STL PACK\Pack\+NSFW.url
2026-08-20 16:56:21,918 [1] INFO System.Windows.Forms.Form - File to Erase:N:\3D Figures\Anime\Lucas Perez Studio - Master Roshi Normal and Muscle\STL PACK\Pack\Miniatures.txt
2026-08-20 16:56:22,023 [1] INFO System.Windows.Forms.Form - File to Erase:N:\3D Figures\Anime\Lucas Perez Studio - Master Roshi Normal and Muscle\STL PACK\Pack\Print.STL
2026-08-20 16:56:22,129 [1] INFO System.Windows.Forms.Form - File to Erase:N:\3D Figures\Anime\Lucas Perez Studio - Master Roshi Normal and Muscle\STL PACK\Pack\Star Wars.txt
2026-08-20 16:56:22,238 [1] INFO System.Windows.Forms.Form - File to Erase:N:\3D Figures\Anime\Lucas Perez Studio - Master Roshi Normal and Muscle\STL PACK\Pack\Star Wars.url
2026-08-20 16:56:22,345 [1] INFO System.Windows.Forms.Form - File to Erase:N:\3D Figures\Anime\Lucas Perez Studio - Master Roshi Normal and Muscle\STL PACK\Pack\STL 3D Print.url
2026-08-20 16:56:22,452 [1] INFO System.Windows.Forms.Form - File to Erase:N:\3D Figures\Anime\Lucas Perez Studio - Master Roshi Normal and Muscle\STL PACK\Pack\STL Anime.txt
2026-08-20 16:56:22,557 [1] INFO System.Windows.Forms.Form - File to Erase:N:\3D Figures\Anime\Lucas Perez Studio - Master Roshi Normal and Muscle\STL PACK\Pack\STL Comics.txt
2026-08-20 16:56:22,718 [1] INFO System.Windows.Forms.Form - File to Erase:N:\3D Figures\Anime\Lucas Perez Studio - Master Roshi Normal and Muscle\STL PACK\Pack\STL Free.stl
2026-08-20 16:56:22,830 [1] INFO System.Windows.Forms.Form - File to Erase:N:\3D Figures\Anime\Lucas Perez Studio - Master Roshi Normal and Muscle\STL PACK\Pack\STL Game.txt
2026-08-20 16:56:22,936 [1] INFO System.Windows.Forms.Form - File to Erase:N:\3D Figures\Anime\Lucas Perez Studio - Master Roshi Normal and Muscle\STL PACK\Pack\STL Me.url
2026-08-20 16:56:23,141 [1] INFO System.Windows.Forms.Form - File to Erase:N:\3D Figures\Anime\Lucas Perez Studio - Master Roshi Normal and Muscle\STL PACK\Pack\SW.stl
2026-08-20 16:56:23,252 [1] INFO System.Windows.Forms.Form - File to Erase:N:\3D Figures\Anime\Lucas Perez Studio - Master Roshi Normal and Muscle\STL PACK\Pack\SW.txt
2026-08-20 16:56:23,357 [1] INFO System.Windows.Forms.Form - File to Erase:N:\3D Figures\Anime\Lucas Perez Studio - Master Roshi Normal and Muscle\STL PACK\Pack\Vehicle 3D Model.url
2026-08-20 16:56:23,467 [1] INFO System.Windows.Forms.Form - File to Erase:N:\3D Figures\Anime\Lucas Perez Studio - Master Roshi Normal and Muscle\STL PACK\Pack\Vehicles3D.txt
2026-08-20 16:56:23,569 [1] INFO System.Windows.Forms.Form - File to Erase:N:\3D Figures\Anime\Lucas Perez Studio - Master Roshi Normal and Muscle\STL PACK\Pack\Warhammer - WarGame STL 3D Print.txt
2026-08-20 16:56:23,672 [1] INFO System.Windows.Forms.Form - File to Erase:N:\3D Figures\Anime\Lucas Perez Studio - Master Roshi Normal and Muscle\STL PACK\Pack\Warhammer - WarGame.url
2026-08-20 16:56:23,776 [1] INFO System.Windows.Forms.Form - File to Erase:N:\3D Figures\Anime\Lucas Perez Studio - Master Roshi Normal and Muscle\STL PACK\Pack\WH-WG.txt
2026-08-20 16:56:24,009 [1] INFO System.Windows.Forms.Form - File to Erase:N:\3D Figures\Anime\Lucas Perez Studio - Master Roshi Normal and Muscle\STL PACK\Pack\WH40k.stl
2026-08-20 16:56:24,119 [1] INFO System.Windows.Forms.Form - File to Erase:N:\3D Figures\Anime\Lucas Perez Studio - Master Roshi Normal and Muscle\STL PACK\STL Boost\+NSFW.txt
2026-08-20 16:56:24,222 [1] INFO System.Windows.Forms.Form - File to Erase:N:\3D Figures\Anime\Lucas Perez Studio - Master Roshi Normal and Muscle\STL PACK\STL Boost\+NSFW.url
2026-08-20 16:56:24,325 [1] INFO System.Windows.Forms.Form - File to Erase:N:\3D Figures\Anime\Lucas Perez Studio - Master Roshi Normal and Muscle\STL PACK\STL Boost\Miniatures.stl
2026-08-20 16:56:24,429 [1] INFO System.Windows.Forms.Form - File to Erase:N:\3D Figures\Anime\Lucas Perez Studio - Master Roshi Normal and Muscle\STL PACK\STL Boost\pack.stl
2026-08-20 16:56:24,533 [1] INFO System.Windows.Forms.Form - File to Erase:N:\3D Figures\Anime\Lucas Perez Studio - Master Roshi Normal and Muscle\STL PACK\STL Boost\Pad.STL
2026-08-20 16:56:24,635 [1] INFO System.Windows.Forms.Form - File to Erase:N:\3D Figures\Anime\Lucas Perez Studio - Master Roshi Normal and Muscle\STL PACK\STL Boost\STL Anime.txt
2026-08-20 16:56:24,738 [1] INFO System.Windows.Forms.Form - File to Erase:N:\3D Figures\Anime\Lucas Perez Studio - Master Roshi Normal and Muscle\STL PACK\STL Boost\STL Boost.jpg
2026-08-20 16:56:24,840 [1] INFO System.Windows.Forms.Form - File to Erase:N:\3D Figures\Anime\Lucas Perez Studio - Master Roshi Normal and Muscle\STL PACK\STL Boost\STL Boost.txt
2026-08-20 16:56:24,941 [1] INFO System.Windows.Forms.Form - File to Erase:N:\3D Figures\Anime\Lucas Perez Studio - Master Roshi Normal and Muscle\STL PACK\STL Boost\STL Comics.txt
2026-08-20 16:56:25,127 [1] INFO System.Windows.Forms.Form - File to Erase:N:\3D Figures\Anime\Lucas Perez Studio - Master Roshi Normal and Muscle\STL PACK\STL Boost\STL Free.stl
2026-08-20 16:56:25,233 [1] INFO System.Windows.Forms.Form - File to Erase:N:\3D Figures\Anime\Lucas Perez Studio - Master Roshi Normal and Muscle\STL PACK\STL Boost\STL Game.txt
2026-08-20 16:56:25,335 [1] INFO System.Windows.Forms.Form - File to Erase:N:\3D Figures\Anime\Lucas Perez Studio - Master Roshi Normal and Muscle\STL PACK\STL Boost\STL Me.url
2026-08-20 16:56:25,437 [1] INFO System.Windows.Forms.Form - File to Erase:N:\3D Figures\Anime\Lucas Perez Studio - Master Roshi Normal and Muscle\STL PACK\STL Boost\SW(1).txt
2026-08-20 16:56:25,539 [1] INFO System.Windows.Forms.Form - File to Erase:N:\3D Figures\Anime\Lucas Perez Studio - Master Roshi Normal and Muscle\STL PACK\STL Boost\SW.txt
2026-08-20 16:56:25,755 [1] INFO System.Windows.Forms.Form - File to Erase:N:\3D Figures\Anime\Lucas Perez Studio - Master Roshi Normal and Muscle\STL PACK\STL Boost\Telegram Channel Free Models.stl
2026-08-20 16:56:25,863 [1] INFO System.Windows.Forms.Form - File to Erase:N:\3D Figures\Anime\Lucas Perez Studio - Master Roshi Normal and Muscle\STL PACK\STL Boost\WH-WG.txt
